dataset,country,window,status,latest_data_date,expected_data_date,lag_days,asset_count,dated_asset_count,latest_asset_name,latest_asset_updated_at,latest_asset_size,repo_sources,source_latest_data_date,source_dated_asset_count,source_status,source_repo_sources,tag,release_url
reports,HK,last_30_days,empty_release,,2026-09-29,,0,0,,,,['favstats/meta_ad_reports2'],,,,[],HK-last_30_days,https://github.com/favstats/meta_ad_reports2/releases/tag/HK-last_30_days
reports,KR,last_30_days,empty_release,,2026-09-29,,0,0,,,,['favstats/meta_ad_reports2'],,,,[],KR-last_30_days,https://github.com/favstats/meta_ad_reports2/releases/tag/KR-last_30_days
reports,VI,last_30_days,empty_release,,2026-09-29,,0,0,,,,['favstats/meta_ad_reports2'],,,,[],VI-last_30_days,https://github.com/favstats/meta_ad_reports2/releases/tag/VI-last_30_days
reports,WF,last_30_days,empty_release,,2026-09-29,,0,0,,,,['favstats/meta_ad_reports2'],,,,[],WF-last_30_days,https://github.com/favstats/meta_ad_reports2/releases/tag/WF-last_30_days
reports,YT,last_30_days,empty_release,,2026-09-29,,0,0,,,,['favstats/meta_ad_reports2'],,,,[],YT-last_30_days,https://github.com/favstats/meta_ad_reports2/releases/tag/YT-last_30_days
reports,AD,last_30_days,fresh,2026-09-29,2026-09-29,0,2952,1475,2026-09-29.rds,2026-10-01T00:35:01Z,2580,"['favstats/meta_ad_reports', 'favstats/meta_ad_reports2']",,,,[],AD-last_30_days,https://github.com/favstats/meta_ad_reports2/releases/tag/AD-last_30_days
reports,AE,last_30_days,fresh,2026-09-29,2026-09-29,0,2908,1453,2026-09-29.rds,2026-10-01T00:35:03Z,12808,"['favstats/meta_ad_reports', 'favstats/meta_ad_reports2']",,,,[],AE-last_30_days,https://github.com/favstats/meta_ad_reports2/releases/tag/AE-last_30_days
reports,AG,last_30_days,fresh,2026-09-29,2026-09-29,0,3026,1512,2026-09-29.rds,2026-10-01T00:35:04Z,2136,"['favstats/meta_ad_reports', 'favstats/meta_ad_reports2']",,,,[],AG-last_30_days,https://github.com/favstats/meta_ad_reports2/releases/tag/AG-last_30_days
reports,AI,last_30_days,fresh,2026-09-29,2026-09-29,0,3026,1512,2026-09-29.rds,2026-10-01T00:35:06Z,1420,"['favstats/meta_ad_reports', 'favstats/meta_ad_reports2']",,,,[],AI-last_30_days,https://github.com/favstats/meta_ad_reports2/releases/tag/AI-last_30_days
reports,AL,last_30_days,fresh,2026-09-29,2026-09-29,0,3416,1707,2026-09-29.rds,2026-10-01T00:35:08Z,5224,"['favstats/meta_ad_reports', 'favstats/meta_ad_reports2']",,,,[],AL-last_30_days,https://github.com/favstats/meta_ad_reports2/releases/tag/AL-last_30_days
reports,AM,last_30_days,fresh,2026-09-29,2026-09-29,0,2960,1479,2026-09-29.rds,2026-10-01T00:35:10Z,5696,"['favstats/meta_ad_reports', 'favstats/meta_ad_reports2']",,,,[],AM-last_30_days,https://github.com/favstats/meta_ad_reports2/releases/tag/AM-last_30_days
reports,AO,last_30_days,fresh,2026-09-29,2026-09-29,0,3021,1510,2026-09-29.rds,2026-10-01T00:35:12Z,5456,"['favstats/meta_ad_reports', 'favstats/meta_ad_reports2']",,,,[],AO-last_30_days,https://github.com/favstats/meta_ad_reports2/releases/tag/AO-last_30_days
reports,AR,last_30_days,fresh,2026-09-29,2026-09-29,0,3442,1720,2026-09-29.rds,2026-10-01T00:35:13Z,39408,"['favstats/meta_ad_reports', 'favstats/meta_ad_reports2']",,,,[],AR-last_30_days,https://github.com/favstats/meta_ad_reports2/releases/tag/AR-last_30_days
reports,AU,last_30_days,fresh,2026-09-29,2026-09-29,0,3408,1703,2026-09-29.rds,2026-10-01T00:35:25Z,44004,"['favstats/meta_ad_reports', 'favstats/meta_ad_reports2']",,,,[],AU-last_30_days,https://github.com/favstats/meta_ad_reports2/releases/tag/AU-last_30_days
reports,AZ,last_30_days,fresh,2026-09-29,2026-09-29,0,2956,1477,2026-09-29.rds,2026-10-01T00:35:27Z,5144,"['favstats/meta_ad_reports', 'favstats/meta_ad_reports2']",,,,[],AZ-last_30_days,https://github.com/favstats/meta_ad_reports2/releases/tag/AZ-last_30_days
reports,BA,last_30_days,fresh,2026-09-29,2026-09-29,0,3194,1596,2026-09-29.rds,2026-10-01T00:35:29Z,20080,"['favstats/meta_ad_reports', 'favstats/meta_ad_reports2']",,,,[],BA-last_30_days,https://github.com/favstats/meta_ad_reports2/releases/tag/BA-last_30_days
reports,BB,last_30_days,fresh,2026-09-29,2026-09-29,0,3028,1513,2026-09-29.rds,2026-10-01T00:35:30Z,2344,"['favstats/meta_ad_reports', 'favstats/meta_ad_reports2']",,,,[],BB-last_30_days,https://github.com/favstats/meta_ad_reports2/releases/tag/BB-last_30_days
reports,BD,last_30_days,fresh,2026-09-29,2026-09-29,0,2884,1441,2026-09-29.rds,2026-10-01T00:35:32Z,22100,"['favstats/meta_ad_reports', 'favstats/meta_ad_reports2']",,,,[],BD-last_30_days,https://github.com/favstats/meta_ad_reports2/releases/tag/BD-last_30_days
reports,BF,last_30_days,fresh,2026-09-29,2026-09-29,0,3410,1704,2026-09-29.rds,2026-10-01T00:35:43Z,4672,"['favstats/meta_ad_reports', 'favstats/meta_ad_reports2']",,,,[],BF-last_30_days,https://github.com/favstats/meta_ad_reports2/releases/tag/BF-last_30_days
reports,BH,last_30_days,fresh,2026-09-29,2026-09-29,0,2876,1437,2026-09-29.rds,2026-10-01T00:35:55Z,5568,"['favstats/meta_ad_reports', 'favstats/meta_ad_reports2']",,,,[],BH-last_30_days,https://github.com/favstats/meta_ad_reports2/releases/tag/BH-last_30_days
reports,BI,last_30_days,fresh,2026-09-29,2026-09-29,0,2958,1478,2026-09-29.rds,2026-10-01T00:35:56Z,3424,"['favstats/meta_ad_reports', 'favstats/meta_ad_reports2']",,,,[],BI-last_30_days,https://github.com/favstats/meta_ad_reports2/releases/tag/BI-last_30_days
reports,BJ,last_30_days,fresh,2026-09-29,2026-09-29,0,3409,1704,2026-09-29.rds,2026-10-01T00:35:58Z,4136,"['favstats/meta_ad_reports', 'favstats/meta_ad_reports2']",,,,[],BJ-last_30_days,https://github.com/favstats/meta_ad_reports2/releases/tag/BJ-last_30_days
reports,BM,last_30_days,fresh,2026-09-29,2026-09-29,0,3198,1598,2026-09-29.rds,2026-10-01T00:35:59Z,2408,"['favstats/meta_ad_reports', 'favstats/meta_ad_reports2']",,,,[],BM-last_30_days,https://github.com/favstats/meta_ad_reports2/releases/tag/BM-last_30_days
reports,BN,last_30_days,fresh,2026-09-29,2026-09-29,0,2882,1440,2026-09-29.rds,2026-10-01T00:36:01Z,3116,"['favstats/meta_ad_reports', 'favstats/meta_ad_reports2']",,,,[],BN-last_30_days,https://github.com/favstats/meta_ad_reports2/releases/tag/BN-last_30_days
reports,BO,last_30_days,fresh,2026-09-29,2026-09-29,0,3406,1702,2026-09-29.rds,2026-10-01T00:36:03Z,6008,"['favstats/meta_ad_reports', 'favstats/meta_ad_reports2']",,,,[],BO-last_30_days,https://github.com/favstats/meta_ad_reports2/releases/tag/BO-last_30_days
reports,BR,last_30_days,fresh,2026-09-29,2026-09-29,0,3412,1704,2026-09-29.rds,2026-10-01T00:36:06Z,472028,"['favstats/meta_ad_reports', 'favstats/meta_ad_reports2']",,,,[],BR-last_30_days,https://github.com/favstats/meta_ad_reports2/releases/tag/BR-last_30_days
reports,BS,last_30_days,fresh,2026-09-29,2026-09-29,0,3198,1598,2026-09-29.rds,2026-10-01T00:36:07Z,3036,"['favstats/meta_ad_reports', 'favstats/meta_ad_reports2']",,,,[],BS-last_30_days,https://github.com/favstats/meta_ad_reports2/releases/tag/BS-last_30_days
reports,BT,last_30_days,fresh,2026-09-29,2026-09-29,0,2874,1436,2026-09-29.rds,2026-10-01T00:36:09Z,3416,"['favstats/meta_ad_reports', 'favstats/meta_ad_reports2']",,,,[],BT-last_30_days,https://github.com/favstats/meta_ad_reports2/releases/tag/BT-last_30_days
reports,BW,last_30_days,fresh,2026-09-29,2026-09-29,0,2954,1476,2026-09-29.rds,2026-10-01T00:36:10Z,3808,"['favstats/meta_ad_reports', 'favstats/meta_ad_reports2']",,,,[],BW-last_30_days,https://github.com/favstats/meta_ad_reports2/releases/tag/BW-last_30_days
reports,BY,last_30_days,fresh,2026-09-29,2026-09-29,0,2956,1477,2026-09-29.rds,2026-10-01T00:36:12Z,4356,"['favstats/meta_ad_reports', 'favstats/meta_ad_reports2']",,,,[],BY-last_30_days,https://github.com/favstats/meta_ad_reports2/releases/tag/BY-last_30_days
reports,BZ,last_30_days,fresh,2026-09-29,2026-09-29,0,3412,1705,2026-09-29.rds,2026-10-01T00:36:14Z,3176,"['favstats/meta_ad_reports', 'favstats/meta_ad_reports2']",,,,[],BZ-last_30_days,https://github.com/favstats/meta_ad_reports2/releases/tag/BZ-last_30_days
reports,CA,last_30_days,fresh,2026-09-29,2026-09-29,0,3412,1705,2026-09-29.rds,2026-10-01T00:36:17Z,96784,"['favstats/meta_ad_reports', 'favstats/meta_ad_reports2']",,,,[],CA-last_30_days,https://github.com/favstats/meta_ad_reports2/releases/tag/CA-last_30_days
reports,CD,last_30_days,fresh,2026-09-29,2026-09-29,0,2954,1476,2026-09-29.rds,2026-10-01T00:36:19Z,8348,"['favstats/meta_ad_reports', 'favstats/meta_ad_reports2']",,,,[],CD-last_30_days,https://github.com/favstats/meta_ad_reports2/releases/tag/CD-last_30_days
reports,CF,last_30_days,fresh,2026-09-29,2026-09-29,0,2958,1478,2026-09-29.rds,2026-10-01T00:36:20Z,3196,"['favstats/meta_ad_reports', 'favstats/meta_ad_reports2']",,,,[],CF-last_30_days,https://github.com/favstats/meta_ad_reports2/releases/tag/CF-last_30_days
reports,CG,last_30_days,fresh,2026-09-29,2026-09-29,0,3198,1598,2026-09-29.rds,2026-10-01T00:36:21Z,3892,"['favstats/meta_ad_reports', 'favstats/meta_ad_reports2']",,,,[],CG-last_30_days,https://github.com/favstats/meta_ad_reports2/releases/tag/CG-last_30_days
reports,CH,last_30_days,fresh,2026-09-29,2026-09-29,0,2958,1478,2026-09-29.rds,2026-10-01T00:36:24Z,16192,"['favstats/meta_ad_reports', 'favstats/meta_ad_reports2']",,,,[],CH-last_30_days,https://github.com/favstats/meta_ad_reports2/releases/tag/CH-last_30_days
reports,CI,last_30_days,fresh,2026-09-29,2026-09-29,0,3414,1706,2026-09-29.rds,2026-10-01T00:36:25Z,7408,"['favstats/meta_ad_reports', 'favstats/meta_ad_reports2']",,,,[],CI-last_30_days,https://github.com/favstats/meta_ad_reports2/releases/tag/CI-last_30_days
reports,CL,last_30_days,fresh,2026-09-29,2026-09-29,0,3412,1705,2026-09-29.rds,2026-10-01T00:36:27Z,13800,"['favstats/meta_ad_reports', 'favstats/meta_ad_reports2']",,,,[],CL-last_30_days,https://github.com/favstats/meta_ad_reports2/releases/tag/CL-last_30_days
reports,CM,last_30_days,fresh,2026-09-29,2026-09-29,0,2951,1475,2026-09-29.rds,2026-10-01T00:36:29Z,5272,"['favstats/meta_ad_reports', 'favstats/meta_ad_reports2']",,,,[],CM-last_30_days,https://github.com/favstats/meta_ad_reports2/releases/tag/CM-last_30_days
reports,CO,last_30_days,fresh,2026-09-29,2026-09-29,0,3440,1719,2026-09-29.rds,2026-10-01T00:36:30Z,32512,"['favstats/meta_ad_reports', 'favstats/meta_ad_reports2']",,,,[],CO-last_30_days,https://github.com/favstats/meta_ad_reports2/releases/tag/CO-last_30_days
reports,CR,last_30_days,fresh,2026-09-29,2026-09-29,0,3026,1512,2026-09-29.rds,2026-10-01T00:36:33Z,5072,"['favstats/meta_ad_reports', 'favstats/meta_ad_reports2']",,,,[],CR-last_30_days,https://github.com/favstats/meta_ad_reports2/releases/tag/CR-last_30_days
reports,CV,last_30_days,fresh,2026-09-29,2026-09-29,0,2956,1477,2026-09-29.rds,2026-10-01T00:36:34Z,3516,"['favstats/meta_ad_reports', 'favstats/meta_ad_reports2']",,,,[],CV-last_30_days,https://github.com/favstats/meta_ad_reports2/releases/tag/CV-last_30_days
reports,DJ,last_30_days,fresh,2026-09-29,2026-09-29,0,2954,1476,2026-09-29.rds,2026-10-01T00:37:05Z,2852,"['favstats/meta_ad_reports', 'favstats/meta_ad_reports2']",,,,[],DJ-last_30_days,https://github.com/favstats/meta_ad_reports2/releases/tag/DJ-last_30_days
reports,DM,last_30_days,fresh,2026-09-29,2026-09-29,0,3020,1509,2026-09-29.rds,2026-10-01T00:37:16Z,2096,"['favstats/meta_ad_reports', 'favstats/meta_ad_reports2']",,,,[],DM-last_30_days,https://github.com/favstats/meta_ad_reports2/releases/tag/DM-last_30_days
reports,DO,last_30_days,fresh,2026-09-29,2026-09-29,0,3410,1704,2026-09-29.rds,2026-10-01T00:37:17Z,7884,"['favstats/meta_ad_reports', 'favstats/meta_ad_reports2']",,,,[],DO-last_30_days,https://github.com/favstats/meta_ad_reports2/releases/tag/DO-last_30_days
reports,DZ,last_30_days,fresh,2026-09-29,2026-09-29,0,2956,1477,2026-09-29.rds,2026-10-01T00:37:19Z,8132,"['favstats/meta_ad_reports', 'favstats/meta_ad_reports2']",,,,[],DZ-last_30_days,https://github.com/favstats/meta_ad_reports2/releases/tag/DZ-last_30_days
reports,EC,last_30_days,fresh,2026-09-29,2026-09-29,0,3402,1700,2026-09-29.rds,2026-10-01T00:37:20Z,18744,"['favstats/meta_ad_reports', 'favstats/meta_ad_reports2']",,,,[],EC-last_30_days,https://github.com/favstats/meta_ad_reports2/releases/tag/EC-last_30_days
reports,EG,last_30_days,fresh,2026-09-29,2026-09-29,0,2950,1474,2026-09-29.rds,2026-10-01T00:37:30Z,17656,"['favstats/meta_ad_reports', 'favstats/meta_ad_reports2']",,,,[],EG-last_30_days,https://github.com/favstats/meta_ad_reports2/releases/tag/EG-last_30_days
reports,ER,last_30_days,fresh,2026-09-29,2026-09-29,0,2952,1475,2026-09-29.rds,2026-10-01T00:37:32Z,2044,"['favstats/meta_ad_reports', 'favstats/meta_ad_reports2']",,,,[],ER-last_30_days,https://github.com/favstats/meta_ad_reports2/releases/tag/ER-last_30_days
reports,ET,last_30_days,fresh,2026-09-29,2026-09-29,0,3404,1701,2026-09-29.rds,2026-10-01T00:37:41Z,4804,"['favstats/meta_ad_reports', 'favstats/meta_ad_reports2']",,,,[],ET-last_30_days,https://github.com/favstats/meta_ad_reports2/releases/tag/ET-last_30_days
reports,FJ,last_30_days,fresh,2026-09-29,2026-09-29,0,3200,1599,2026-09-29.rds,2026-10-01T00:37:53Z,36028,"['favstats/meta_ad_reports', 'favstats/meta_ad_reports2']",,,,[],FJ-last_30_days,https://github.com/favstats/meta_ad_reports2/releases/tag/FJ-last_30_days
reports,FK,last_30_days,fresh,2026-09-29,2026-09-29,0,3404,1701,2026-09-29.rds,2026-10-01T00:37:55Z,1632,"['favstats/meta_ad_reports', 'favstats/meta_ad_reports2']",,,,[],FK-last_30_days,https://github.com/favstats/meta_ad_reports2/releases/tag/FK-last_30_days
reports,FM,last_30_days,fresh,2026-09-29,2026-09-29,0,2956,1477,2026-09-29.rds,2026-10-01T00:37:57Z,2340,"['favstats/meta_ad_reports', 'favstats/meta_ad_reports2']",,,,[],FM-last_30_days,https://github.com/favstats/meta_ad_reports2/releases/tag/FM-last_30_days
reports,GA,last_30_days,fresh,2026-09-29,2026-09-29,0,2960,1479,2026-09-29.rds,2026-10-01T00:38:09Z,3592,"['favstats/meta_ad_reports', 'favstats/meta_ad_reports2']",,,,[],GA-last_30_days,https://github.com/favstats/meta_ad_reports2/releases/tag/GA-last_30_days
reports,GB,last_30_days,fresh,2026-09-29,2026-09-29,0,3440,1719,2026-09-29.rds,2026-10-01T00:38:11Z,43760,"['favstats/meta_ad_reports', 'favstats/meta_ad_reports2']",,,,[],GB-last_30_days,https://github.com/favstats/meta_ad_reports2/releases/tag/GB-last_30_days
reports,GD,last_30_days,fresh,2026-09-29,2026-09-29,0,3028,1512,2026-09-29.rds,2026-10-01T00:38:13Z,2316,"['favstats/meta_ad_reports', 'favstats/meta_ad_reports2']",,,,[],GD-last_30_days,https://github.com/favstats/meta_ad_reports2/releases/tag/GD-last_30_days
reports,GE,last_30_days,fresh,2026-09-29,2026-09-29,0,3408,1703,2026-09-29.rds,2026-10-01T00:38:14Z,9704,"['favstats/meta_ad_reports', 'favstats/meta_ad_reports2']",,,,[],GE-last_30_days,https://github.com/favstats/meta_ad_reports2/releases/tag/GE-last_30_days
reports,GG,last_30_days,fresh,2026-09-29,2026-09-29,0,2954,1476,2026-09-29.rds,2026-10-01T00:38:16Z,2692,"['favstats/meta_ad_reports', 'favstats/meta_ad_reports2']",,,,[],GG-last_30_days,https://github.com/favstats/meta_ad_reports2/releases/tag/GG-last_30_days
reports,GH,last_30_days,fresh,2026-09-29,2026-09-29,0,3410,1704,2026-09-29.rds,2026-10-01T00:38:18Z,6784,"['favstats/meta_ad_reports', 'favstats/meta_ad_reports2']",,,,[],GH-last_30_days,https://github.com/favstats/meta_ad_reports2/releases/tag/GH-last_30_days
reports,GI,last_30_days,fresh,2026-09-29,2026-09-29,0,2954,1476,2026-09-29.rds,2026-10-01T00:38:19Z,2520,"['favstats/meta_ad_reports', 'favstats/meta_ad_reports2']",,,,[],GI-last_30_days,https://github.com/favstats/meta_ad_reports2/releases/tag/GI-last_30_days
reports,GM,last_30_days,fresh,2026-09-29,2026-09-29,0,2952,1475,2026-09-29.rds,2026-10-01T00:38:21Z,3616,"['favstats/meta_ad_reports', 'favstats/meta_ad_reports2']",,,,[],GM-last_30_days,https://github.com/favstats/meta_ad_reports2/releases/tag/GM-last_30_days
reports,GN,last_30_days,fresh,2026-09-29,2026-09-29,0,2954,1476,2026-09-29.rds,2026-10-01T00:38:22Z,4672,"['favstats/meta_ad_reports', 'favstats/meta_ad_reports2']",,,,[],GN-last_30_days,https://github.com/favstats/meta_ad_reports2/releases/tag/GN-last_30_days
reports,GQ,last_30_days,fresh,2026-09-29,2026-09-29,0,2956,1477,2026-09-29.rds,2026-10-01T00:38:24Z,2840,"['favstats/meta_ad_reports', 'favstats/meta_ad_reports2']",,,,[],GQ-last_30_days,https://github.com/favstats/meta_ad_reports2/releases/tag/GQ-last_30_days
reports,GT,last_30_days,fresh,2026-09-29,2026-09-29,0,3020,1509,2026-09-29.rds,2026-10-01T00:38:36Z,6612,"['favstats/meta_ad_reports', 'favstats/meta_ad_reports2']",,,,[],GT-last_30_days,https://github.com/favstats/meta_ad_reports2/releases/tag/GT-last_30_days
reports,GW,last_30_days,fresh,2026-09-29,2026-09-29,0,2954,1476,2026-09-29.rds,2026-10-01T00:38:37Z,3452,"['favstats/meta_ad_reports', 'favstats/meta_ad_reports2']",,,,[],GW-last_30_days,https://github.com/favstats/meta_ad_reports2/releases/tag/GW-last_30_days
reports,GY,last_30_days,fresh,2026-09-29,2026-09-29,0,3406,1702,2026-09-29.rds,2026-10-01T00:38:39Z,3544,"['favstats/meta_ad_reports', 'favstats/meta_ad_reports2']",,,,[],GY-last_30_days,https://github.com/favstats/meta_ad_reports2/releases/tag/GY-last_30_days
reports,HN,last_30_days,fresh,2026-09-29,2026-09-29,0,3404,1701,2026-09-29.rds,2026-10-01T00:38:50Z,5752,"['favstats/meta_ad_reports', 'favstats/meta_ad_reports2']",,,,[],HN-last_30_days,https://github.com/favstats/meta_ad_reports2/releases/tag/HN-last_30_days
reports,HT,last_30_days,fresh,2026-09-29,2026-09-29,0,3022,1510,2026-09-29.rds,2026-10-01T00:39:01Z,3344,"['favstats/meta_ad_reports', 'favstats/meta_ad_reports2']",,,,[],HT-last_30_days,https://github.com/favstats/meta_ad_reports2/releases/tag/HT-last_30_days
reports,ID,last_30_days,fresh,2026-09-29,2026-09-29,0,3443,1721,2026-09-29.rds,2026-10-01T00:39:12Z,27332,"['favstats/meta_ad_reports', 'favstats/meta_ad_reports2']",,,,[],ID-last_30_days,https://github.com/favstats/meta_ad_reports2/releases/tag/ID-last_30_days
reports,IL,last_30_days,fresh,2026-09-29,2026-09-29,0,3444,1721,2026-09-29.rds,2026-10-01T00:39:22Z,22604,"['favstats/meta_ad_reports', 'favstats/meta_ad_reports2']",,,,[],IL-last_30_days,https://github.com/favstats/meta_ad_reports2/releases/tag/IL-last_30_days
reports,IM,last_30_days,fresh,2026-09-29,2026-09-29,0,2956,1477,2026-09-29.rds,2026-10-01T00:39:24Z,2928,"['favstats/meta_ad_reports', 'favstats/meta_ad_reports2']",,,,[],IM-last_30_days,https://github.com/favstats/meta_ad_reports2/releases/tag/IM-last_30_days
reports,IN,last_30_days,fresh,2026-09-29,2026-09-29,0,3406,1702,2026-09-29.rds,2026-10-01T00:39:27Z,225260,"['favstats/meta_ad_reports', 'favstats/meta_ad_reports2']",,,,[],IN-last_30_days,https://github.com/favstats/meta_ad_reports2/releases/tag/IN-last_30_days
reports,IQ,last_30_days,fresh,2026-09-29,2026-09-29,0,3412,1705,2026-09-29.rds,2026-10-01T00:39:29Z,36772,"['favstats/meta_ad_reports', 'favstats/meta_ad_reports2']",,,,[],IQ-last_30_days,https://github.com/favstats/meta_ad_reports2/releases/tag/IQ-last_30_days
reports,IS,last_30_days,fresh,2026-09-29,2026-09-29,0,3404,1701,2026-09-29.rds,2026-10-01T00:39:30Z,5168,"['favstats/meta_ad_reports', 'favstats/meta_ad_reports2']",,,,[],IS-last_30_days,https://github.com/favstats/meta_ad_reports2/releases/tag/IS-last_30_days
reports,JE,last_30_days,fresh,2026-09-29,2026-09-29,0,2953,1476,2026-09-29.rds,2026-10-01T00:39:42Z,2724,"['favstats/meta_ad_reports', 'favstats/meta_ad_reports2']",,,,[],JE-last_30_days,https://github.com/favstats/meta_ad_reports2/releases/tag/JE-last_30_days
reports,JM,last_30_days,fresh,2026-09-29,2026-09-29,0,3022,1510,2026-09-29.rds,2026-10-01T00:39:43Z,3440,"['favstats/meta_ad_reports', 'favstats/meta_ad_reports2']",,,,[],JM-last_30_days,https://github.com/favstats/meta_ad_reports2/releases/tag/JM-last_30_days
reports,JO,last_30_days,fresh,2026-09-29,2026-09-29,0,2876,1437,2026-09-29.rds,2026-10-01T00:39:45Z,8508,"['favstats/meta_ad_reports', 'favstats/meta_ad_reports2']",,,,[],JO-last_30_days,https://github.com/favstats/meta_ad_reports2/releases/tag/JO-last_30_days
reports,JP,last_30_days,fresh,2026-09-29,2026-09-29,0,3443,1721,2026-09-29.rds,2026-10-01T00:39:47Z,11956,"['favstats/meta_ad_reports', 'favstats/meta_ad_reports2']",,,,[],JP-last_30_days,https://github.com/favstats/meta_ad_reports2/releases/tag/JP-last_30_days
reports,KE,last_30_days,fresh,2026-09-29,2026-09-29,0,3407,1703,2026-09-29.rds,2026-10-01T00:39:49Z,11084,"['favstats/meta_ad_reports', 'favstats/meta_ad_reports2']",,,,[],KE-last_30_days,https://github.com/favstats/meta_ad_reports2/releases/tag/KE-last_30_days
reports,KG,last_30_days,fresh,2026-09-29,2026-09-29,0,3404,1701,2026-09-29.rds,2026-10-01T00:39:50Z,5080,"['favstats/meta_ad_reports', 'favstats/meta_ad_reports2']",,,,[],KG-last_30_days,https://github.com/favstats/meta_ad_reports2/releases/tag/KG-last_30_days
reports,KH,last_30_days,fresh,2026-09-29,2026-09-29,0,2872,1435,2026-09-29.rds,2026-10-01T00:39:52Z,8888,"['favstats/meta_ad_reports', 'favstats/meta_ad_reports2']",,,,[],KH-last_30_days,https://github.com/favstats/meta_ad_reports2/releases/tag/KH-last_30_days
reports,KI,last_30_days,fresh,2026-09-29,2026-09-29,0,2952,1475,2026-09-29.rds,2026-10-01T00:39:53Z,2320,"['favstats/meta_ad_reports', 'favstats/meta_ad_reports2']",,,,[],KI-last_30_days,https://github.com/favstats/meta_ad_reports2/releases/tag/KI-last_30_days
reports,KM,last_30_days,fresh,2026-09-29,2026-09-29,0,2950,1474,2026-09-29.rds,2026-10-01T00:39:55Z,12212,"['favstats/meta_ad_reports', 'favstats/meta_ad_reports2']",,,,[],KM-last_30_days,https://github.com/favstats/meta_ad_reports2/releases/tag/KM-last_30_days
reports,KN,last_30_days,fresh,2026-09-29,2026-09-29,0,3016,1507,2026-09-29.rds,2026-10-01T00:39:57Z,1920,"['favstats/meta_ad_reports', 'favstats/meta_ad_reports2']",,,,[],KN-last_30_days,https://github.com/favstats/meta_ad_reports2/releases/tag/KN-last_30_days
reports,KW,last_30_days,fresh,2026-09-29,2026-09-29,0,2872,1435,2026-09-29.rds,2026-10-01T00:40:07Z,7796,"['favstats/meta_ad_reports', 'favstats/meta_ad_reports2']",,,,[],KW-last_30_days,https://github.com/favstats/meta_ad_reports2/releases/tag/KW-last_30_days
reports,KY,last_30_days,fresh,2026-09-29,2026-09-29,0,3404,1701,2026-09-29.rds,2026-10-01T00:40:09Z,1760,"['favstats/meta_ad_reports', 'favstats/meta_ad_reports2']",,,,[],KY-last_30_days,https://github.com/favstats/meta_ad_reports2/releases/tag/KY-last_30_days
reports,KZ,last_30_days,fresh,2026-09-29,2026-09-29,0,2954,1476,2026-09-29.rds,2026-10-01T00:40:10Z,5540,"['favstats/meta_ad_reports', 'favstats/meta_ad_reports2']",,,,[],KZ-last_30_days,https://github.com/favstats/meta_ad_reports2/releases/tag/KZ-last_30_days
reports,LA,last_30_days,fresh,2026-09-29,2026-09-29,0,2880,1439,2026-09-29.rds,2026-10-01T00:40:13Z,4284,"['favstats/meta_ad_reports', 'favstats/meta_ad_reports2']",,,,[],LA-last_30_days,https://github.com/favstats/meta_ad_reports2/releases/tag/LA-last_30_days
reports,LB,last_30_days,fresh,2026-09-29,2026-09-29,0,3198,1598,2026-09-29.rds,2026-10-01T00:40:15Z,9004,"['favstats/meta_ad_reports', 'favstats/meta_ad_reports2']",,,,[],LB-last_30_days,https://github.com/favstats/meta_ad_reports2/releases/tag/LB-last_30_days
reports,LC,last_30_days,fresh,2026-09-29,2026-09-29,0,3402,1700,2026-09-29.rds,2026-10-01T00:40:17Z,2244,"['favstats/meta_ad_reports', 'favstats/meta_ad_reports2']",,,,[],LC-last_30_days,https://github.com/favstats/meta_ad_reports2/releases/tag/LC-last_30_days
reports,LI,last_30_days,fresh,2026-09-29,2026-09-29,0,2955,1476,2026-09-29.rds,2026-10-01T00:40:19Z,1492,"['favstats/meta_ad_reports', 'favstats/meta_ad_reports2']",,,,[],LI-last_30_days,https://github.com/favstats/meta_ad_reports2/releases/tag/LI-last_30_days
reports,LK,last_30_days,fresh,2026-09-29,2026-09-29,0,3406,1702,2026-09-29.rds,2026-10-01T00:40:20Z,6832,"['favstats/meta_ad_reports', 'favstats/meta_ad_reports2']",,,,[],LK-last_30_days,https://github.com/favstats/meta_ad_reports2/releases/tag/LK-last_30_days
reports,LR,last_30_days,fresh,2026-09-29,2026-09-29,0,2951,1475,2026-09-29.rds,2026-10-01T00:40:22Z,4180,"['favstats/meta_ad_reports', 'favstats/meta_ad_reports2']",,,,[],LR-last_30_days,https://github.com/favstats/meta_ad_reports2/releases/tag/LR-last_30_days
reports,LS,last_30_days,fresh,2026-09-29,2026-09-29,0,3194,1596,2026-09-29.rds,2026-10-01T00:40:24Z,2968,"['favstats/meta_ad_reports', 'favstats/meta_ad_reports2']",,,,[],LS-last_30_days,https://github.com/favstats/meta_ad_reports2/releases/tag/LS-last_30_days
reports,LY,last_30_days,fresh,2026-09-29,2026-09-29,0,2956,1477,2026-09-29.rds,2026-10-01T00:40:52Z,7856,"['favstats/meta_ad_reports', 'favstats/meta_ad_reports2']",,,,[],LY-last_30_days,https://github.com/favstats/meta_ad_reports2/releases/tag/LY-last_30_days
reports,MA,last_30_days,fresh,2026-09-29,2026-09-29,0,3403,1701,2026-09-29.rds,2026-10-01T00:40:54Z,17396,"['favstats/meta_ad_reports', 'favstats/meta_ad_reports2']",,,,[],MA-last_30_days,https://github.com/favstats/meta_ad_reports2/releases/tag/MA-last_30_days
reports,MC,last_30_days,fresh,2026-09-29,2026-09-29,0,2954,1476,2026-09-29.rds,2026-10-01T00:40:55Z,1756,"['favstats/meta_ad_reports', 'favstats/meta_ad_reports2']",,,,[],MC-last_30_days,https://github.com/favstats/meta_ad_reports2/releases/tag/MC-last_30_days
reports,MD,last_30_days,fresh,2026-09-29,2026-09-29,0,3406,1702,2026-09-29.rds,2026-10-01T00:40:57Z,7416,"['favstats/meta_ad_reports', 'favstats/meta_ad_reports2']",,,,[],MD-last_30_days,https://github.com/favstats/meta_ad_reports2/releases/tag/MD-last_30_days
reports,ME,last_30_days,fresh,2026-09-29,2026-09-29,0,3406,1702,2026-09-29.rds,2026-10-01T00:40:59Z,4940,"['favstats/meta_ad_reports', 'favstats/meta_ad_reports2']",,,,[],ME-last_30_days,https://github.com/favstats/meta_ad_reports2/releases/tag/ME-last_30_days
reports,MG,last_30_days,fresh,2026-09-29,2026-09-29,0,3405,1702,2026-09-29.rds,2026-10-01T00:41:00Z,4692,"['favstats/meta_ad_reports', 'favstats/meta_ad_reports2']",,,,[],MG-last_30_days,https://github.com/favstats/meta_ad_reports2/releases/tag/MG-last_30_days
reports,MH,last_30_days,fresh,2026-09-29,2026-09-29,0,2958,1478,2026-09-29.rds,2026-10-01T00:41:02Z,2068,"['favstats/meta_ad_reports', 'favstats/meta_ad_reports2']",,,,[],MH-last_30_days,https://github.com/favstats/meta_ad_reports2/releases/tag/MH-last_30_days
reports,MK,last_30_days,fresh,2026-09-29,2026-09-29,0,3408,1703,2026-09-29.rds,2026-10-01T00:41:04Z,6436,"['favstats/meta_ad_reports', 'favstats/meta_ad_reports2']",,,,[],MK-last_30_days,https://github.com/favstats/meta_ad_reports2/releases/tag/MK-last_30_days
reports,ML,last_30_days,fresh,2026-09-29,2026-09-29,0,3405,1702,2026-09-29.rds,2026-10-01T00:41:06Z,4532,"['favstats/meta_ad_reports', 'favstats/meta_ad_reports2']",,,,[],ML-last_30_days,https://github.com/favstats/meta_ad_reports2/releases/tag/ML-last_30_days
reports,MM,last_30_days,fresh,2026-09-29,2026-09-29,0,3406,1702,2026-09-29.rds,2026-10-01T00:41:08Z,4372,"['favstats/meta_ad_reports', 'favstats/meta_ad_reports2']",,,,[],MM-last_30_days,https://github.com/favstats/meta_ad_reports2/releases/tag/MM-last_30_days
reports,MN,last_30_days,fresh,2026-09-29,2026-09-29,0,3406,1702,2026-09-29.rds,2026-10-01T00:41:10Z,6648,"['favstats/meta_ad_reports', 'favstats/meta_ad_reports2']",,,,[],MN-last_30_days,https://github.com/favstats/meta_ad_reports2/releases/tag/MN-last_30_days
reports,MR,last_30_days,fresh,2026-09-29,2026-09-29,0,2950,1474,2026-09-29.rds,2026-10-01T00:41:12Z,5016,"['favstats/meta_ad_reports', 'favstats/meta_ad_reports2']",,,,[],MR-last_30_days,https://github.com/favstats/meta_ad_reports2/releases/tag/MR-last_30_days
reports,MS,last_30_days,fresh,2026-09-29,2026-09-29,0,3018,1508,2026-09-29.rds,2026-10-01T00:41:14Z,1152,"['favstats/meta_ad_reports', 'favstats/meta_ad_reports2']",,,,[],MS-last_30_days,https://github.com/favstats/meta_ad_reports2/releases/tag/MS-last_30_days
reports,MU,last_30_days,fresh,2026-09-29,2026-09-29,0,3404,1701,2026-09-29.rds,2026-10-01T00:41:24Z,3728,"['favstats/meta_ad_reports', 'favstats/meta_ad_reports2']",,,,[],MU-last_30_days,https://github.com/favstats/meta_ad_reports2/releases/tag/MU-last_30_days
reports,MV,last_30_days,fresh,2026-09-29,2026-09-29,0,2874,1436,2026-09-29.rds,2026-10-01T00:41:26Z,4188,"['favstats/meta_ad_reports', 'favstats/meta_ad_reports2']",,,,[],MV-last_30_days,https://github.com/favstats/meta_ad_reports2/releases/tag/MV-last_30_days
reports,MW,last_30_days,fresh,2026-09-29,2026-09-29,0,2954,1476,2026-09-29.rds,2026-10-01T00:41:28Z,3404,"['favstats/meta_ad_reports', 'favstats/meta_ad_reports2']",,,,[],MW-last_30_days,https://github.com/favstats/meta_ad_reports2/releases/tag/MW-last_30_days
reports,MX,last_30_days,fresh,2026-09-29,2026-09-29,0,3405,1702,2026-09-29.rds,2026-10-01T00:41:30Z,139912,"['favstats/meta_ad_reports', 'favstats/meta_ad_reports2']",,,,[],MX-last_30_days,https://github.com/favstats/meta_ad_reports2/releases/tag/MX-last_30_days
reports,MY,last_30_days,fresh,2026-09-29,2026-09-29,0,3404,1701,2026-09-29.rds,2026-10-01T00:41:32Z,15336,"['favstats/meta_ad_reports', 'favstats/meta_ad_reports2']",,,,[],MY-last_30_days,https://github.com/favstats/meta_ad_reports2/releases/tag/MY-last_30_days
reports,MZ,last_30_days,fresh,2026-09-29,2026-09-29,0,2954,1476,2026-09-29.rds,2026-10-01T00:41:34Z,4112,"['favstats/meta_ad_reports', 'favstats/meta_ad_reports2']",,,,[],MZ-last_30_days,https://github.com/favstats/meta_ad_reports2/releases/tag/MZ-last_30_days
reports,NA,last_30_days,fresh,2026-09-29,2026-09-29,0,2956,1477,2026-09-29.rds,2026-10-01T00:41:36Z,3224,"['favstats/meta_ad_reports', 'favstats/meta_ad_reports2']",,,,[],NA-last_30_days,https://github.com/favstats/meta_ad_reports2/releases/tag/NA-last_30_days
reports,NE,last_30_days,fresh,2026-09-29,2026-09-29,0,2948,1473,2026-09-29.rds,2026-10-01T00:41:38Z,3932,"['favstats/meta_ad_reports', 'favstats/meta_ad_reports2']",,,,[],NE-last_30_days,https://github.com/favstats/meta_ad_reports2/releases/tag/NE-last_30_days
reports,NG,last_30_days,fresh,2026-09-29,2026-09-29,0,3223,1611,2026-09-29.rds,2026-10-01T00:41:39Z,16544,"['favstats/meta_ad_reports', 'favstats/meta_ad_reports2']",,,,[],NG-last_30_days,https://github.com/favstats/meta_ad_reports2/releases/tag/NG-last_30_days
reports,NI,last_30_days,fresh,2026-09-29,2026-09-29,0,3026,1512,2026-09-29.rds,2026-10-01T00:41:42Z,4040,"['favstats/meta_ad_reports', 'favstats/meta_ad_reports2']",,,,[],NI-last_30_days,https://github.com/favstats/meta_ad_reports2/releases/tag/NI-last_30_days
reports,NO,last_30_days,fresh,2026-09-29,2026-09-29,0,3410,1704,2026-09-29.rds,2026-10-01T00:41:53Z,11396,"['favstats/meta_ad_reports', 'favstats/meta_ad_reports2']",,,,[],NO-last_30_days,https://github.com/favstats/meta_ad_reports2/releases/tag/NO-last_30_days
reports,NP,last_30_days,fresh,2026-09-29,2026-09-29,0,2871,1435,2026-09-29.rds,2026-10-01T00:41:54Z,10072,"['favstats/meta_ad_reports', 'favstats/meta_ad_reports2']",,,,[],NP-last_30_days,https://github.com/favstats/meta_ad_reports2/releases/tag/NP-last_30_days
reports,NR,last_30_days,fresh,2026-09-29,2026-09-29,0,2956,1477,2026-09-29.rds,2026-10-01T00:41:56Z,2344,"['favstats/meta_ad_reports', 'favstats/meta_ad_reports2']",,,,[],NR-last_30_days,https://github.com/favstats/meta_ad_reports2/releases/tag/NR-last_30_days
reports,NZ,last_30_days,fresh,2026-09-29,2026-09-29,0,3402,1700,2026-09-29.rds,2026-10-01T00:41:58Z,12316,"['favstats/meta_ad_reports', 'favstats/meta_ad_reports2']",,,,[],NZ-last_30_days,https://github.com/favstats/meta_ad_reports2/releases/tag/NZ-last_30_days
reports,OM,last_30_days,fresh,2026-09-29,2026-09-29,0,2872,1435,2026-09-29.rds,2026-10-01T00:42:00Z,6380,"['favstats/meta_ad_reports', 'favstats/meta_ad_reports2']",,,,[],OM-last_30_days,https://github.com/favstats/meta_ad_reports2/releases/tag/OM-last_30_days
reports,PA,last_30_days,fresh,2026-09-29,2026-09-29,0,3018,1508,2026-09-29.rds,2026-10-01T00:42:02Z,4508,"['favstats/meta_ad_reports', 'favstats/meta_ad_reports2']",,,,[],PA-last_30_days,https://github.com/favstats/meta_ad_reports2/releases/tag/PA-last_30_days
reports,PE,last_30_days,fresh,2026-09-29,2026-09-29,0,3410,1704,2026-09-29.rds,2026-10-01T00:42:03Z,57448,"['favstats/meta_ad_reports', 'favstats/meta_ad_reports2']",,,,[],PE-last_30_days,https://github.com/favstats/meta_ad_reports2/releases/tag/PE-last_30_days
reports,PG,last_30_days,fresh,2026-09-29,2026-09-29,0,3193,1596,2026-09-29.rds,2026-10-01T00:42:06Z,3848,"['favstats/meta_ad_reports', 'favstats/meta_ad_reports2']",,,,[],PG-last_30_days,https://github.com/favstats/meta_ad_reports2/releases/tag/PG-last_30_days
reports,PH,last_30_days,fresh,2026-09-29,2026-09-29,0,3441,1720,2026-09-29.rds,2026-10-01T00:42:07Z,35296,"['favstats/meta_ad_reports', 'favstats/meta_ad_reports2']",,,,[],PH-last_30_days,https://github.com/favstats/meta_ad_reports2/releases/tag/PH-last_30_days
reports,PK,last_30_days,fresh,2026-09-29,2026-09-29,0,2949,1474,2026-09-29.rds,2026-10-01T00:42:09Z,18876,"['favstats/meta_ad_reports', 'favstats/meta_ad_reports2']",,,,[],PK-last_30_days,https://github.com/favstats/meta_ad_reports2/releases/tag/PK-last_30_days
reports,PS,last_30_days,fresh,2026-09-29,2026-09-29,0,2873,1436,2026-09-29.rds,2026-10-01T00:42:19Z,5432,"['favstats/meta_ad_reports', 'favstats/meta_ad_reports2']",,,,[],PS-last_30_days,https://github.com/favstats/meta_ad_reports2/releases/tag/PS-last_30_days
reports,PW,last_30_days,fresh,2026-09-29,2026-09-29,0,3407,1703,2026-09-29.rds,2026-10-01T00:42:30Z,2108,"['favstats/meta_ad_reports', 'favstats/meta_ad_reports2']",,,,[],PW-last_30_days,https://github.com/favstats/meta_ad_reports2/releases/tag/PW-last_30_days
reports,PY,last_30_days,fresh,2026-09-29,2026-09-29,0,3405,1702,2026-09-29.rds,2026-10-01T00:42:32Z,16900,"['favstats/meta_ad_reports', 'favstats/meta_ad_reports2']",,,,[],PY-last_30_days,https://github.com/favstats/meta_ad_reports2/releases/tag/PY-last_30_days
reports,QA,last_30_days,fresh,2026-09-29,2026-09-29,0,2875,1437,2026-09-29.rds,2026-10-01T00:42:34Z,7556,"['favstats/meta_ad_reports', 'favstats/meta_ad_reports2']",,,,[],QA-last_30_days,https://github.com/favstats/meta_ad_reports2/releases/tag/QA-last_30_days
reports,RS,last_30_days,fresh,2026-09-29,2026-09-29,0,3403,1701,2026-09-29.rds,2026-10-01T00:42:45Z,9888,"['favstats/meta_ad_reports', 'favstats/meta_ad_reports2']",,,,[],RS-last_30_days,https://github.com/favstats/meta_ad_reports2/releases/tag/RS-last_30_days
reports,RW,last_30_days,fresh,2026-09-29,2026-09-29,0,2953,1476,2026-09-29.rds,2026-10-01T00:42:46Z,3872,"['favstats/meta_ad_reports', 'favstats/meta_ad_reports2']",,,,[],RW-last_30_days,https://github.com/favstats/meta_ad_reports2/releases/tag/RW-last_30_days
reports,SA,last_30_days,fresh,2026-09-29,2026-09-29,0,2906,1453,2026-09-29.rds,2026-10-01T00:42:48Z,13244,"['favstats/meta_ad_reports', 'favstats/meta_ad_reports2']",,,,[],SA-last_30_days,https://github.com/favstats/meta_ad_reports2/releases/tag/SA-last_30_days
reports,SB,last_30_days,fresh,2026-09-29,2026-09-29,0,2953,1476,2026-09-29.rds,2026-10-01T00:42:50Z,2544,"['favstats/meta_ad_reports', 'favstats/meta_ad_reports2']",,,,[],SB-last_30_days,https://github.com/favstats/meta_ad_reports2/releases/tag/SB-last_30_days
reports,SC,last_30_days,fresh,2026-09-29,2026-09-29,0,3405,1702,2026-09-29.rds,2026-10-01T00:42:52Z,2892,"['favstats/meta_ad_reports', 'favstats/meta_ad_reports2']",,,,[],SC-last_30_days,https://github.com/favstats/meta_ad_reports2/releases/tag/SC-last_30_days
reports,SG,last_30_days,fresh,2026-09-29,2026-09-29,0,3402,1700,2026-09-29.rds,2026-10-01T00:43:01Z,4764,"['favstats/meta_ad_reports', 'favstats/meta_ad_reports2']",,,,[],SG-last_30_days,https://github.com/favstats/meta_ad_reports2/releases/tag/SG-last_30_days
reports,SH,last_30_days,fresh,2026-09-29,2026-09-29,0,2953,1476,2026-09-29.rds,2026-10-01T00:43:03Z,1660,"['favstats/meta_ad_reports', 'favstats/meta_ad_reports2']",,,,[],SH-last_30_days,https://github.com/favstats/meta_ad_reports2/releases/tag/SH-last_30_days
reports,SL,last_30_days,fresh,2026-09-29,2026-09-29,0,3198,1598,2026-09-29.rds,2026-10-01T00:43:21Z,3788,"['favstats/meta_ad_reports', 'favstats/meta_ad_reports2']",,,,[],SL-last_30_days,https://github.com/favstats/meta_ad_reports2/releases/tag/SL-last_30_days
reports,SM,last_30_days,fresh,2026-09-29,2026-09-29,0,2951,1475,2026-09-29.rds,2026-10-01T00:43:23Z,1772,"['favstats/meta_ad_reports', 'favstats/meta_ad_reports2']",,,,[],SM-last_30_days,https://github.com/favstats/meta_ad_reports2/releases/tag/SM-last_30_days
reports,SN,last_30_days,fresh,2026-09-29,2026-09-29,0,3404,1701,2026-09-29.rds,2026-10-01T00:43:24Z,6160,"['favstats/meta_ad_reports', 'favstats/meta_ad_reports2']",,,,[],SN-last_30_days,https://github.com/favstats/meta_ad_reports2/releases/tag/SN-last_30_days
reports,SO,last_30_days,fresh,2026-09-29,2026-09-29,0,2960,1479,2026-09-29.rds,2026-10-01T00:43:26Z,4380,"['favstats/meta_ad_reports', 'favstats/meta_ad_reports2']",,,,[],SO-last_30_days,https://github.com/favstats/meta_ad_reports2/releases/tag/SO-last_30_days
reports,SR,last_30_days,fresh,2026-09-29,2026-09-29,0,3409,1703,2026-09-29.rds,2026-10-01T00:43:28Z,3428,"['favstats/meta_ad_reports', 'favstats/meta_ad_reports2']",,,,[],SR-last_30_days,https://github.com/favstats/meta_ad_reports2/releases/tag/SR-last_30_days
reports,SS,last_30_days,fresh,2026-09-29,2026-09-29,0,2958,1478,2026-09-29.rds,2026-10-01T00:43:30Z,3892,"['favstats/meta_ad_reports', 'favstats/meta_ad_reports2']",,,,[],SS-last_30_days,https://github.com/favstats/meta_ad_reports2/releases/tag/SS-last_30_days
reports,ST,last_30_days,fresh,2026-09-29,2026-09-29,0,3409,1704,2026-09-29.rds,2026-10-01T00:43:32Z,2716,"['favstats/meta_ad_reports', 'favstats/meta_ad_reports2']",,,,[],ST-last_30_days,https://github.com/favstats/meta_ad_reports2/releases/tag/ST-last_30_days
reports,SV,last_30_days,fresh,2026-09-29,2026-09-29,0,3025,1512,2026-09-29.rds,2026-10-01T00:43:34Z,6524,"['favstats/meta_ad_reports', 'favstats/meta_ad_reports2']",,,,[],SV-last_30_days,https://github.com/favstats/meta_ad_reports2/releases/tag/SV-last_30_days
reports,SZ,last_30_days,fresh,2026-09-29,2026-09-29,0,2958,1478,2026-09-29.rds,2026-10-01T00:43:36Z,2976,"['favstats/meta_ad_reports', 'favstats/meta_ad_reports2']",,,,[],SZ-last_30_days,https://github.com/favstats/meta_ad_reports2/releases/tag/SZ-last_30_days
reports,TC,last_30_days,fresh,2026-09-29,2026-09-29,0,3028,1513,2026-09-29.rds,2026-10-01T00:43:37Z,1840,"['favstats/meta_ad_reports', 'favstats/meta_ad_reports2']",,,,[],TC-last_30_days,https://github.com/favstats/meta_ad_reports2/releases/tag/TC-last_30_days
reports,TD,last_30_days,fresh,2026-09-29,2026-09-29,0,2955,1477,2026-09-29.rds,2026-10-01T00:43:38Z,3932,"['favstats/meta_ad_reports', 'favstats/meta_ad_reports2']",,,,[],TD-last_30_days,https://github.com/favstats/meta_ad_reports2/releases/tag/TD-last_30_days
reports,TG,last_30_days,fresh,2026-09-29,2026-09-29,0,2962,1480,2026-09-29.rds,2026-10-01T00:43:40Z,3520,"['favstats/meta_ad_reports', 'favstats/meta_ad_reports2']",,,,[],TG-last_30_days,https://github.com/favstats/meta_ad_reports2/releases/tag/TG-last_30_days
reports,TH,last_30_days,fresh,2026-09-29,2026-09-29,0,2908,1453,2026-09-29.rds,2026-10-01T00:43:42Z,16788,"['favstats/meta_ad_reports', 'favstats/meta_ad_reports2']",,,,[],TH-last_30_days,https://github.com/favstats/meta_ad_reports2/releases/tag/TH-last_30_days
reports,TJ,last_30_days,fresh,2026-09-29,2026-09-29,0,2956,1477,2026-09-29.rds,2026-10-01T00:43:44Z,5496,"['favstats/meta_ad_reports', 'favstats/meta_ad_reports2']",,,,[],TJ-last_30_days,https://github.com/favstats/meta_ad_reports2/releases/tag/TJ-last_30_days
reports,TL,last_30_days,fresh,2026-09-29,2026-09-29,0,2875,1436,2026-09-29.rds,2026-10-01T00:43:45Z,3564,"['favstats/meta_ad_reports', 'favstats/meta_ad_reports2']",,,,[],TL-last_30_days,https://github.com/favstats/meta_ad_reports2/releases/tag/TL-last_30_days
reports,TM,last_30_days,fresh,2026-09-29,2026-09-29,0,2956,1477,2026-09-29.rds,2026-10-01T00:43:47Z,2356,"['favstats/meta_ad_reports', 'favstats/meta_ad_reports2']",,,,[],TM-last_30_days,https://github.com/favstats/meta_ad_reports2/releases/tag/TM-last_30_days
reports,TN,last_30_days,fresh,2026-09-29,2026-09-29,0,3202,1600,2026-09-29.rds,2026-10-01T00:43:49Z,6252,"['favstats/meta_ad_reports', 'favstats/meta_ad_reports2']",,,,[],TN-last_30_days,https://github.com/favstats/meta_ad_reports2/releases/tag/TN-last_30_days
reports,TO,last_30_days,fresh,2026-09-29,2026-09-29,0,3404,1701,2026-09-29.rds,2026-10-01T00:43:50Z,2512,"['favstats/meta_ad_reports', 'favstats/meta_ad_reports2']",,,,[],TO-last_30_days,https://github.com/favstats/meta_ad_reports2/releases/tag/TO-last_30_days
reports,TR,last_30_days,fresh,2026-09-29,2026-09-29,0,3437,1718,2026-09-29.rds,2026-10-01T00:43:52Z,20252,"['favstats/meta_ad_reports', 'favstats/meta_ad_reports2']",,,,[],TR-last_30_days,https://github.com/favstats/meta_ad_reports2/releases/tag/TR-last_30_days
reports,TT,last_30_days,fresh,2026-09-29,2026-09-29,0,3402,1700,2026-09-29.rds,2026-10-01T00:43:54Z,3448,"['favstats/meta_ad_reports', 'favstats/meta_ad_reports2']",,,,[],TT-last_30_days,https://github.com/favstats/meta_ad_reports2/releases/tag/TT-last_30_days
reports,TV,last_30_days,fresh,2026-09-29,2026-09-29,0,2950,1474,2026-09-29.rds,2026-10-01T00:43:56Z,2224,"['favstats/meta_ad_reports', 'favstats/meta_ad_reports2']",,,,[],TV-last_30_days,https://github.com/favstats/meta_ad_reports2/releases/tag/TV-last_30_days
reports,TW,last_30_days,fresh,2026-09-29,2026-09-29,0,3408,1703,2026-09-29.rds,2026-10-01T00:43:57Z,23480,"['favstats/meta_ad_reports', 'favstats/meta_ad_reports2']",,,,[],TW-last_30_days,https://github.com/favstats/meta_ad_reports2/releases/tag/TW-last_30_days
reports,TZ,last_30_days,fresh,2026-09-29,2026-09-29,0,3406,1702,2026-09-29.rds,2026-10-01T00:43:59Z,5372,"['favstats/meta_ad_reports', 'favstats/meta_ad_reports2']",,,,[],TZ-last_30_days,https://github.com/favstats/meta_ad_reports2/releases/tag/TZ-last_30_days
reports,UA,last_30_days,fresh,2026-09-29,2026-09-29,0,3406,1702,2026-09-29.rds,2026-10-01T00:44:00Z,19888,"['favstats/meta_ad_reports', 'favstats/meta_ad_reports2']",,,,[],UA-last_30_days,https://github.com/favstats/meta_ad_reports2/releases/tag/UA-last_30_days
reports,UG,last_30_days,fresh,2026-09-29,2026-09-29,0,2952,1475,2026-09-29.rds,2026-10-01T00:44:02Z,4216,"['favstats/meta_ad_reports', 'favstats/meta_ad_reports2']",,,,[],UG-last_30_days,https://github.com/favstats/meta_ad_reports2/releases/tag/UG-last_30_days
reports,US,last_30_days,fresh,2026-09-29,2026-09-29,0,3441,1719,2026-09-29.rds,2026-10-01T00:44:04Z,349936,"['favstats/meta_ad_reports', 'favstats/meta_ad_reports2']",,,,[],US-last_30_days,https://github.com/favstats/meta_ad_reports2/releases/tag/US-last_30_days
reports,UY,last_30_days,fresh,2026-09-29,2026-09-29,0,3406,1702,2026-09-29.rds,2026-10-01T00:44:06Z,5912,"['favstats/meta_ad_reports', 'favstats/meta_ad_reports2']",,,,[],UY-last_30_days,https://github.com/favstats/meta_ad_reports2/releases/tag/UY-last_30_days
reports,UZ,last_30_days,fresh,2026-09-29,2026-09-29,0,2950,1474,2026-09-29.rds,2026-10-01T00:44:08Z,6032,"['favstats/meta_ad_reports', 'favstats/meta_ad_reports2']",,,,[],UZ-last_30_days,https://github.com/favstats/meta_ad_reports2/releases/tag/UZ-last_30_days
reports,VC,last_30_days,fresh,2026-09-29,2026-09-29,0,3406,1702,2026-09-29.rds,2026-10-01T00:44:10Z,2052,"['favstats/meta_ad_reports', 'favstats/meta_ad_reports2']",,,,[],VC-last_30_days,https://github.com/favstats/meta_ad_reports2/releases/tag/VC-last_30_days
reports,VE,last_30_days,fresh,2026-09-29,2026-09-29,0,3016,1507,2026-09-29.rds,2026-10-01T16:22:33Z,7432,"['favstats/meta_ad_reports', 'favstats/meta_ad_reports2']",,,,[],VE-last_30_days,https://github.com/favstats/meta_ad_reports2/releases/tag/VE-last_30_days
reports,VG,last_30_days,fresh,2026-09-29,2026-09-29,0,3024,1511,2026-09-29.rds,2026-10-01T00:44:12Z,1652,"['favstats/meta_ad_reports', 'favstats/meta_ad_reports2']",,,,[],VG-last_30_days,https://github.com/favstats/meta_ad_reports2/releases/tag/VG-last_30_days
reports,VN,last_30_days,fresh,2026-09-29,2026-09-29,0,2865,1432,2026-09-29.rds,2026-10-01T00:44:22Z,8896,"['favstats/meta_ad_reports', 'favstats/meta_ad_reports2']",,,,[],VN-last_30_days,https://github.com/favstats/meta_ad_reports2/releases/tag/VN-last_30_days
reports,VU,last_30_days,fresh,2026-09-29,2026-09-29,0,2948,1473,2026-09-29.rds,2026-10-01T00:44:23Z,2300,"['favstats/meta_ad_reports', 'favstats/meta_ad_reports2']",,,,[],VU-last_30_days,https://github.com/favstats/meta_ad_reports2/releases/tag/VU-last_30_days
reports,WS,last_30_days,fresh,2026-09-29,2026-09-29,0,3408,1703,2026-09-29.rds,2026-10-01T00:44:33Z,2600,"['favstats/meta_ad_reports', 'favstats/meta_ad_reports2']",,,,[],WS-last_30_days,https://github.com/favstats/meta_ad_reports2/releases/tag/WS-last_30_days
reports,XK,last_30_days,fresh,2026-09-29,2026-09-29,0,309,154,2026-09-29.rds,2026-10-01T00:44:35Z,4808,['favstats/meta_ad_reports2'],,,,[],XK-last_30_days,https://github.com/favstats/meta_ad_reports2/releases/tag/XK-last_30_days
reports,YE,last_30_days,fresh,2026-09-29,2026-09-29,0,2867,1433,2026-09-29.rds,2026-10-01T00:44:37Z,5724,"['favstats/meta_ad_reports', 'favstats/meta_ad_reports2']",,,,[],YE-last_30_days,https://github.com/favstats/meta_ad_reports2/releases/tag/YE-last_30_days
reports,ZA,last_30_days,fresh,2026-09-29,2026-09-29,0,3420,1709,2026-09-29.rds,2026-10-01T00:44:48Z,14008,"['favstats/meta_ad_reports', 'favstats/meta_ad_reports2']",,,,[],ZA-last_30_days,https://github.com/favstats/meta_ad_reports2/releases/tag/ZA-last_30_days
reports,ZM,last_30_days,fresh,2026-09-29,2026-09-29,0,3410,1704,2026-09-29.rds,2026-10-01T16:23:03Z,5260,"['favstats/meta_ad_reports', 'favstats/meta_ad_reports2']",,,,[],ZM-last_30_days,https://github.com/favstats/meta_ad_reports2/releases/tag/ZM-last_30_days
reports,ZW,last_30_days,fresh,2026-09-29,2026-09-29,0,2954,1476,2026-09-29.rds,2026-10-01T00:44:50Z,4020,"['favstats/meta_ad_reports', 'favstats/meta_ad_reports2']",,,,[],ZW-last_30_days,https://github.com/favstats/meta_ad_reports2/releases/tag/ZW-last_30_days
reports,AT,last_30_days,lagging,2025-10-04,2026-09-29,360,2725,1362,2025-10-04.rds,2025-11-12T10:42:32Z,18024,"['favstats/meta_ad_reports', 'favstats/meta_ad_reports2']",,,,[],AT-last_30_days,https://github.com/favstats/meta_ad_reports2/releases/tag/AT-last_30_days
reports,BE,last_30_days,lagging,2025-10-04,2026-09-29,360,2730,1364,2025-10-04.rds,2025-11-11T23:46:36Z,22048,"['favstats/meta_ad_reports', 'favstats/meta_ad_reports2']",,,,[],BE-last_30_days,https://github.com/favstats/meta_ad_reports2/releases/tag/BE-last_30_days
reports,BG,last_30_days,lagging,2025-10-04,2026-09-29,360,2725,1362,2025-10-04.rds,2025-11-12T09:59:59Z,9228,"['favstats/meta_ad_reports', 'favstats/meta_ad_reports2']",,,,[],BG-last_30_days,https://github.com/favstats/meta_ad_reports2/releases/tag/BG-last_30_days
reports,CY,last_30_days,lagging,2025-10-04,2026-09-29,360,2727,1363,2025-10-04.rds,2025-11-12T01:31:43Z,8780,"['favstats/meta_ad_reports', 'favstats/meta_ad_reports2']",,,,[],CY-last_30_days,https://github.com/favstats/meta_ad_reports2/releases/tag/CY-last_30_days
reports,CZ,last_30_days,lagging,2025-10-04,2026-09-29,360,2727,1363,2025-10-04.rds,2025-11-12T01:32:02Z,24768,"['favstats/meta_ad_reports', 'favstats/meta_ad_reports2']",,,,[],CZ-last_30_days,https://github.com/favstats/meta_ad_reports2/releases/tag/CZ-last_30_days
reports,DE,last_30_days,lagging,2025-10-04,2026-09-29,360,2727,1363,2025-10-04.rds,2025-11-11T22:28:50Z,67244,"['favstats/meta_ad_reports', 'favstats/meta_ad_reports2']",,,,[],DE-last_30_days,https://github.com/favstats/meta_ad_reports2/releases/tag/DE-last_30_days
reports,DK,last_30_days,lagging,2025-10-04,2026-09-29,360,2727,1363,2025-10-04.rds,2025-11-11T22:29:15Z,36972,"['favstats/meta_ad_reports', 'favstats/meta_ad_reports2']",,,,[],DK-last_30_days,https://github.com/favstats/meta_ad_reports2/releases/tag/DK-last_30_days
reports,EE,last_30_days,lagging,2025-10-04,2026-09-29,360,2723,1361,2025-10-04.rds,2025-11-11T23:12:02Z,13608,"['favstats/meta_ad_reports', 'favstats/meta_ad_reports2']",,,,[],EE-last_30_days,https://github.com/favstats/meta_ad_reports2/releases/tag/EE-last_30_days
reports,ES,last_30_days,lagging,2025-10-04,2026-09-29,360,2725,1362,2025-10-04.rds,2025-11-12T21:38:39Z,23700,"['favstats/meta_ad_reports', 'favstats/meta_ad_reports2']",,,,[],ES-last_30_days,https://github.com/favstats/meta_ad_reports2/releases/tag/ES-last_30_days
reports,FI,last_30_days,lagging,2025-10-04,2026-09-29,360,2727,1363,2025-10-04.rds,2025-11-11T22:32:12Z,12372,"['favstats/meta_ad_reports', 'favstats/meta_ad_reports2']",,,,[],FI-last_30_days,https://github.com/favstats/meta_ad_reports2/releases/tag/FI-last_30_days
reports,FR,last_30_days,lagging,2025-10-04,2026-09-29,360,2725,1362,2025-10-04.rds,2025-11-11T22:33:15Z,28760,"['favstats/meta_ad_reports', 'favstats/meta_ad_reports2']",,,,[],FR-last_30_days,https://github.com/favstats/meta_ad_reports2/releases/tag/FR-last_30_days
reports,GR,last_30_days,lagging,2025-10-04,2026-09-29,360,2723,1361,2025-10-04.rds,2025-11-12T10:49:25Z,18364,"['favstats/meta_ad_reports', 'favstats/meta_ad_reports2']",,,,[],GR-last_30_days,https://github.com/favstats/meta_ad_reports2/releases/tag/GR-last_30_days
reports,HR,last_30_days,lagging,2025-10-04,2026-09-29,360,2727,1363,2025-10-04.rds,2025-11-12T10:50:37Z,8268,"['favstats/meta_ad_reports', 'favstats/meta_ad_reports2']",,,,[],HR-last_30_days,https://github.com/favstats/meta_ad_reports2/releases/tag/HR-last_30_days
reports,HU,last_30_days,lagging,2025-10-04,2026-09-29,360,2730,1363,2025-10-04.rds,2025-11-11T22:39:51Z,25664,"['favstats/meta_ad_reports', 'favstats/meta_ad_reports2']",,,,[],HU-last_30_days,https://github.com/favstats/meta_ad_reports2/releases/tag/HU-last_30_days
reports,IE,last_30_days,lagging,2025-10-04,2026-09-29,360,2721,1360,2025-10-04.rds,2025-11-12T01:46:17Z,10760,"['favstats/meta_ad_reports', 'favstats/meta_ad_reports2']",,,,[],IE-last_30_days,https://github.com/favstats/meta_ad_reports2/releases/tag/IE-last_30_days
reports,IT,last_30_days,lagging,2025-10-04,2026-09-29,360,2725,1362,2025-10-04.rds,2025-11-12T01:50:56Z,63064,"['favstats/meta_ad_reports', 'favstats/meta_ad_reports2']",,,,[],IT-last_30_days,https://github.com/favstats/meta_ad_reports2/releases/tag/IT-last_30_days
reports,LT,last_30_days,lagging,2025-10-04,2026-09-29,360,2723,1361,2025-10-04.rds,2025-11-12T12:14:31Z,8168,"['favstats/meta_ad_reports', 'favstats/meta_ad_reports2']",,,,[],LT-last_30_days,https://github.com/favstats/meta_ad_reports2/releases/tag/LT-last_30_days
reports,LU,last_30_days,lagging,2025-10-04,2026-09-29,360,2729,1364,2025-10-04.rds,2025-11-12T02:09:33Z,6188,"['favstats/meta_ad_reports', 'favstats/meta_ad_reports2']",,,,[],LU-last_30_days,https://github.com/favstats/meta_ad_reports2/releases/tag/LU-last_30_days
reports,LV,last_30_days,lagging,2025-10-04,2026-09-29,360,2728,1364,2025-10-04.rds,2025-11-11T22:54:06Z,6020,"['favstats/meta_ad_reports', 'favstats/meta_ad_reports2']",,,,[],LV-last_30_days,https://github.com/favstats/meta_ad_reports2/releases/tag/LV-last_30_days
reports,MT,last_30_days,lagging,2025-10-04,2026-09-29,360,2723,1361,2025-10-04.rds,2025-11-12T22:47:38Z,6212,"['favstats/meta_ad_reports', 'favstats/meta_ad_reports2']",,,,[],MT-last_30_days,https://github.com/favstats/meta_ad_reports2/releases/tag/MT-last_30_days
reports,NL,last_30_days,lagging,2025-10-04,2026-09-29,360,2727,1363,2025-10-04.rds,2025-11-12T12:25:01Z,18264,"['favstats/meta_ad_reports', 'favstats/meta_ad_reports2']",,,,[],NL-last_30_days,https://github.com/favstats/meta_ad_reports2/releases/tag/NL-last_30_days
reports,PL,last_30_days,lagging,2025-10-04,2026-09-29,360,2727,1363,2025-10-04.rds,2025-11-12T22:51:17Z,35968,"['favstats/meta_ad_reports', 'favstats/meta_ad_reports2']",,,,[],PL-last_30_days,https://github.com/favstats/meta_ad_reports2/releases/tag/PL-last_30_days
reports,PT,last_30_days,lagging,2025-10-04,2026-09-29,360,2723,1361,2025-10-04.rds,2025-11-12T12:29:18Z,13992,"['favstats/meta_ad_reports', 'favstats/meta_ad_reports2']",,,,[],PT-last_30_days,https://github.com/favstats/meta_ad_reports2/releases/tag/PT-last_30_days
reports,RO,last_30_days,lagging,2025-10-04,2026-09-29,360,2722,1361,2025-10-04.rds,2025-11-12T12:31:05Z,17752,"['favstats/meta_ad_reports', 'favstats/meta_ad_reports2']",,,,[],RO-last_30_days,https://github.com/favstats/meta_ad_reports2/releases/tag/RO-last_30_days
reports,SE,last_30_days,lagging,2025-10-04,2026-09-29,360,2727,1363,2025-10-04.rds,2025-11-12T22:54:02Z,26488,"['favstats/meta_ad_reports', 'favstats/meta_ad_reports2']",,,,[],SE-last_30_days,https://github.com/favstats/meta_ad_reports2/releases/tag/SE-last_30_days
reports,SI,last_30_days,lagging,2025-10-04,2026-09-29,360,2720,1360,2025-10-04.rds,2025-11-12T02:57:32Z,6528,"['favstats/meta_ad_reports', 'favstats/meta_ad_reports2']",,,,[],SI-last_30_days,https://github.com/favstats/meta_ad_reports2/releases/tag/SI-last_30_days
reports,SK,last_30_days,lagging,2025-10-04,2026-09-29,360,2722,1361,2025-10-04.rds,2025-11-12T00:45:58Z,15272,"['favstats/meta_ad_reports', 'favstats/meta_ad_reports2']",,,,[],SK-last_30_days,https://github.com/favstats/meta_ad_reports2/releases/tag/SK-last_30_days
reports,HK,last_7_days,empty_release,,2026-09-29,,0,0,,,,['favstats/meta_ad_reports2'],,,,[],HK-last_7_days,https://github.com/favstats/meta_ad_reports2/releases/tag/HK-last_7_days
reports,KR,last_7_days,empty_release,,2026-09-29,,0,0,,,,['favstats/meta_ad_reports2'],,,,[],KR-last_7_days,https://github.com/favstats/meta_ad_reports2/releases/tag/KR-last_7_days
reports,VI,last_7_days,empty_release,,2026-09-29,,0,0,,,,['favstats/meta_ad_reports2'],,,,[],VI-last_7_days,https://github.com/favstats/meta_ad_reports2/releases/tag/VI-last_7_days
reports,WF,last_7_days,empty_release,,2026-09-29,,0,0,,,,['favstats/meta_ad_reports2'],,,,[],WF-last_7_days,https://github.com/favstats/meta_ad_reports2/releases/tag/WF-last_7_days
reports,YT,last_7_days,empty_release,,2026-09-29,,0,0,,,,['favstats/meta_ad_reports2'],,,,[],YT-last_7_days,https://github.com/favstats/meta_ad_reports2/releases/tag/YT-last_7_days
reports,AD,last_7_days,fresh,2026-09-29,2026-09-29,0,2789,1394,2026-09-29.rds,2026-10-01T11:28:07Z,1056,"['favstats/meta_ad_reports', 'favstats/meta_ad_reports2']",,,,[],AD-last_7_days,https://github.com/favstats/meta_ad_reports2/releases/tag/AD-last_7_days
reports,AE,last_7_days,fresh,2026-09-29,2026-09-29,0,2709,1354,2026-09-29.rds,2026-10-01T11:28:09Z,3528,"['favstats/meta_ad_reports', 'favstats/meta_ad_reports2']",,,,[],AE-last_7_days,https://github.com/favstats/meta_ad_reports2/releases/tag/AE-last_7_days
reports,AG,last_7_days,fresh,2026-09-29,2026-09-29,0,2864,1431,2026-09-29.rds,2026-10-01T11:28:11Z,924,"['favstats/meta_ad_reports', 'favstats/meta_ad_reports2']",,,,[],AG-last_7_days,https://github.com/favstats/meta_ad_reports2/releases/tag/AG-last_7_days
reports,AI,last_7_days,fresh,2026-09-29,2026-09-29,0,2839,1419,2026-09-29.rds,2026-10-01T11:28:12Z,660,"['favstats/meta_ad_reports', 'favstats/meta_ad_reports2']",,,,[],AI-last_7_days,https://github.com/favstats/meta_ad_reports2/releases/tag/AI-last_7_days
reports,AL,last_7_days,fresh,2026-09-29,2026-09-29,0,3204,1601,2026-09-29.rds,2026-10-01T11:28:14Z,1856,"['favstats/meta_ad_reports', 'favstats/meta_ad_reports2']",,,,[],AL-last_7_days,https://github.com/favstats/meta_ad_reports2/releases/tag/AL-last_7_days
reports,AM,last_7_days,fresh,2026-09-29,2026-09-29,0,2794,1396,2026-09-29.rds,2026-10-01T11:28:16Z,2736,"['favstats/meta_ad_reports', 'favstats/meta_ad_reports2']",,,,[],AM-last_7_days,https://github.com/favstats/meta_ad_reports2/releases/tag/AM-last_7_days
reports,AO,last_7_days,fresh,2026-09-29,2026-09-29,0,2862,1430,2026-09-29.rds,2026-10-01T11:28:18Z,2236,"['favstats/meta_ad_reports', 'favstats/meta_ad_reports2']",,,,[],AO-last_7_days,https://github.com/favstats/meta_ad_reports2/releases/tag/AO-last_7_days
reports,AR,last_7_days,fresh,2026-09-29,2026-09-29,0,3199,1599,2026-09-29.rds,2026-10-01T11:28:20Z,21164,"['favstats/meta_ad_reports', 'favstats/meta_ad_reports2']",,,,[],AR-last_7_days,https://github.com/favstats/meta_ad_reports2/releases/tag/AR-last_7_days
reports,AU,last_7_days,fresh,2026-09-29,2026-09-29,0,3200,1599,2026-09-29.rds,2026-10-01T11:28:32Z,22684,"['favstats/meta_ad_reports', 'favstats/meta_ad_reports2']",,,,[],AU-last_7_days,https://github.com/favstats/meta_ad_reports2/releases/tag/AU-last_7_days
reports,AZ,last_7_days,fresh,2026-09-29,2026-09-29,0,2794,1396,2026-09-29.rds,2026-10-01T11:28:34Z,2456,"['favstats/meta_ad_reports', 'favstats/meta_ad_reports2']",,,,[],AZ-last_7_days,https://github.com/favstats/meta_ad_reports2/releases/tag/AZ-last_7_days
reports,BA,last_7_days,fresh,2026-09-29,2026-09-29,0,3030,1514,2026-09-29.rds,2026-10-01T11:28:35Z,13028,"['favstats/meta_ad_reports', 'favstats/meta_ad_reports2']",,,,[],BA-last_7_days,https://github.com/favstats/meta_ad_reports2/releases/tag/BA-last_7_days
reports,BB,last_7_days,fresh,2026-09-29,2026-09-29,0,2863,1431,2026-09-29.rds,2026-10-01T11:28:37Z,972,"['favstats/meta_ad_reports', 'favstats/meta_ad_reports2']",,,,[],BB-last_7_days,https://github.com/favstats/meta_ad_reports2/releases/tag/BB-last_7_days
reports,BD,last_7_days,fresh,2026-09-29,2026-09-29,0,2712,1355,2026-09-29.rds,2026-10-01T11:28:39Z,8848,"['favstats/meta_ad_reports', 'favstats/meta_ad_reports2']",,,,[],BD-last_7_days,https://github.com/favstats/meta_ad_reports2/releases/tag/BD-last_7_days
reports,BF,last_7_days,fresh,2026-09-29,2026-09-29,0,3202,1600,2026-09-29.rds,2026-10-01T11:28:52Z,1828,"['favstats/meta_ad_reports', 'favstats/meta_ad_reports2']",,,,[],BF-last_7_days,https://github.com/favstats/meta_ad_reports2/releases/tag/BF-last_7_days
reports,BH,last_7_days,fresh,2026-09-29,2026-09-29,0,2712,1355,2026-09-29.rds,2026-10-01T11:29:05Z,1968,"['favstats/meta_ad_reports', 'favstats/meta_ad_reports2']",,,,[],BH-last_7_days,https://github.com/favstats/meta_ad_reports2/releases/tag/BH-last_7_days
reports,BI,last_7_days,fresh,2026-09-29,2026-09-29,0,2792,1395,2026-09-29.rds,2026-10-01T11:29:07Z,1432,"['favstats/meta_ad_reports', 'favstats/meta_ad_reports2']",,,,[],BI-last_7_days,https://github.com/favstats/meta_ad_reports2/releases/tag/BI-last_7_days
reports,BJ,last_7_days,fresh,2026-09-29,2026-09-29,0,3202,1600,2026-09-29.rds,2026-10-01T11:29:09Z,1644,"['favstats/meta_ad_reports', 'favstats/meta_ad_reports2']",,,,[],BJ-last_7_days,https://github.com/favstats/meta_ad_reports2/releases/tag/BJ-last_7_days
reports,BM,last_7_days,fresh,2026-09-29,2026-09-29,0,3034,1516,2026-09-29.rds,2026-10-01T11:29:11Z,908,"['favstats/meta_ad_reports', 'favstats/meta_ad_reports2']",,,,[],BM-last_7_days,https://github.com/favstats/meta_ad_reports2/releases/tag/BM-last_7_days
reports,BN,last_7_days,fresh,2026-09-29,2026-09-29,0,2714,1356,2026-09-29.rds,2026-10-01T11:29:13Z,1256,"['favstats/meta_ad_reports', 'favstats/meta_ad_reports2']",,,,[],BN-last_7_days,https://github.com/favstats/meta_ad_reports2/releases/tag/BN-last_7_days
reports,BO,last_7_days,fresh,2026-09-29,2026-09-29,0,3199,1599,2026-09-29.rds,2026-10-01T11:29:15Z,2240,"['favstats/meta_ad_reports', 'favstats/meta_ad_reports2']",,,,[],BO-last_7_days,https://github.com/favstats/meta_ad_reports2/releases/tag/BO-last_7_days
reports,BR,last_7_days,fresh,2026-09-29,2026-09-29,0,3200,1599,2026-09-29.rds,2026-10-01T11:29:18Z,316564,"['favstats/meta_ad_reports', 'favstats/meta_ad_reports2']",,,,[],BR-last_7_days,https://github.com/favstats/meta_ad_reports2/releases/tag/BR-last_7_days
reports,BS,last_7_days,fresh,2026-09-29,2026-09-29,0,3034,1516,2026-09-29.rds,2026-10-01T11:29:20Z,1340,"['favstats/meta_ad_reports', 'favstats/meta_ad_reports2']",,,,[],BS-last_7_days,https://github.com/favstats/meta_ad_reports2/releases/tag/BS-last_7_days
reports,BT,last_7_days,fresh,2026-09-29,2026-09-29,0,2709,1354,2026-09-29.rds,2026-10-01T11:29:22Z,1464,"['favstats/meta_ad_reports', 'favstats/meta_ad_reports2']",,,,[],BT-last_7_days,https://github.com/favstats/meta_ad_reports2/releases/tag/BT-last_7_days
reports,BW,last_7_days,fresh,2026-09-29,2026-09-29,0,2792,1395,2026-09-29.rds,2026-10-01T11:29:23Z,1524,"['favstats/meta_ad_reports', 'favstats/meta_ad_reports2']",,,,[],BW-last_7_days,https://github.com/favstats/meta_ad_reports2/releases/tag/BW-last_7_days
reports,BY,last_7_days,fresh,2026-09-29,2026-09-29,0,2792,1395,2026-09-29.rds,2026-10-01T11:29:25Z,1592,"['favstats/meta_ad_reports', 'favstats/meta_ad_reports2']",,,,[],BY-last_7_days,https://github.com/favstats/meta_ad_reports2/releases/tag/BY-last_7_days
reports,BZ,last_7_days,fresh,2026-09-29,2026-09-29,0,3204,1601,2026-09-29.rds,2026-10-01T11:29:27Z,1140,"['favstats/meta_ad_reports', 'favstats/meta_ad_reports2']",,,,[],BZ-last_7_days,https://github.com/favstats/meta_ad_reports2/releases/tag/BZ-last_7_days
reports,CA,last_7_days,fresh,2026-09-29,2026-09-29,0,3204,1601,2026-09-29.rds,2026-10-01T11:29:29Z,47516,"['favstats/meta_ad_reports', 'favstats/meta_ad_reports2']",,,,[],CA-last_7_days,https://github.com/favstats/meta_ad_reports2/releases/tag/CA-last_7_days
reports,CD,last_7_days,fresh,2026-09-29,2026-09-29,0,2789,1393,2026-09-29.rds,2026-10-01T11:29:30Z,2844,"['favstats/meta_ad_reports', 'favstats/meta_ad_reports2']",,,,[],CD-last_7_days,https://github.com/favstats/meta_ad_reports2/releases/tag/CD-last_7_days
reports,CF,last_7_days,fresh,2026-09-29,2026-09-29,0,2796,1397,2026-09-29.rds,2026-10-01T11:29:32Z,1276,"['favstats/meta_ad_reports', 'favstats/meta_ad_reports2']",,,,[],CF-last_7_days,https://github.com/favstats/meta_ad_reports2/releases/tag/CF-last_7_days
reports,CG,last_7_days,fresh,2026-09-29,2026-09-29,0,3034,1516,2026-09-29.rds,2026-10-01T11:29:34Z,1568,"['favstats/meta_ad_reports', 'favstats/meta_ad_reports2']",,,,[],CG-last_7_days,https://github.com/favstats/meta_ad_reports2/releases/tag/CG-last_7_days
reports,CH,last_7_days,fresh,2026-09-29,2026-09-29,0,2796,1397,2026-09-29.rds,2026-10-01T11:29:37Z,7756,"['favstats/meta_ad_reports', 'favstats/meta_ad_reports2']",,,,[],CH-last_7_days,https://github.com/favstats/meta_ad_reports2/releases/tag/CH-last_7_days
reports,CI,last_7_days,fresh,2026-09-29,2026-09-29,0,3202,1600,2026-09-29.rds,2026-10-01T11:29:38Z,2712,"['favstats/meta_ad_reports', 'favstats/meta_ad_reports2']",,,,[],CI-last_7_days,https://github.com/favstats/meta_ad_reports2/releases/tag/CI-last_7_days
reports,CL,last_7_days,fresh,2026-09-29,2026-09-29,0,3202,1600,2026-09-29.rds,2026-10-01T11:29:41Z,5796,"['favstats/meta_ad_reports', 'favstats/meta_ad_reports2']",,,,[],CL-last_7_days,https://github.com/favstats/meta_ad_reports2/releases/tag/CL-last_7_days
reports,CM,last_7_days,fresh,2026-09-29,2026-09-29,0,2790,1394,2026-09-29.rds,2026-10-01T11:29:43Z,2092,"['favstats/meta_ad_reports', 'favstats/meta_ad_reports2']",,,,[],CM-last_7_days,https://github.com/favstats/meta_ad_reports2/releases/tag/CM-last_7_days
reports,CO,last_7_days,fresh,2026-09-29,2026-09-29,0,3198,1598,2026-09-29.rds,2026-10-01T11:29:44Z,12404,"['favstats/meta_ad_reports', 'favstats/meta_ad_reports2']",,,,[],CO-last_7_days,https://github.com/favstats/meta_ad_reports2/releases/tag/CO-last_7_days
reports,CR,last_7_days,fresh,2026-09-29,2026-09-29,0,2866,1432,2026-09-29.rds,2026-10-01T11:29:46Z,2172,"['favstats/meta_ad_reports', 'favstats/meta_ad_reports2']",,,,[],CR-last_7_days,https://github.com/favstats/meta_ad_reports2/releases/tag/CR-last_7_days
reports,CV,last_7_days,fresh,2026-09-29,2026-09-29,0,2794,1396,2026-09-29.rds,2026-10-01T11:29:48Z,1424,"['favstats/meta_ad_reports', 'favstats/meta_ad_reports2']",,,,[],CV-last_7_days,https://github.com/favstats/meta_ad_reports2/releases/tag/CV-last_7_days
reports,DJ,last_7_days,fresh,2026-09-29,2026-09-29,0,2794,1396,2026-09-29.rds,2026-10-01T11:30:20Z,1404,"['favstats/meta_ad_reports', 'favstats/meta_ad_reports2']",,,,[],DJ-last_7_days,https://github.com/favstats/meta_ad_reports2/releases/tag/DJ-last_7_days
reports,DM,last_7_days,fresh,2026-09-29,2026-09-29,0,2864,1431,2026-09-29.rds,2026-10-01T11:30:32Z,868,"['favstats/meta_ad_reports', 'favstats/meta_ad_reports2']",,,,[],DM-last_7_days,https://github.com/favstats/meta_ad_reports2/releases/tag/DM-last_7_days
reports,DO,last_7_days,fresh,2026-09-29,2026-09-29,0,3202,1600,2026-09-29.rds,2026-10-01T11:30:34Z,2820,"['favstats/meta_ad_reports', 'favstats/meta_ad_reports2']",,,,[],DO-last_7_days,https://github.com/favstats/meta_ad_reports2/releases/tag/DO-last_7_days
reports,DZ,last_7_days,fresh,2026-09-29,2026-09-29,0,2794,1396,2026-09-29.rds,2026-10-01T11:30:36Z,2804,"['favstats/meta_ad_reports', 'favstats/meta_ad_reports2']",,,,[],DZ-last_7_days,https://github.com/favstats/meta_ad_reports2/releases/tag/DZ-last_7_days
reports,EC,last_7_days,fresh,2026-09-29,2026-09-29,0,3198,1598,2026-09-29.rds,2026-10-01T11:30:38Z,9088,"['favstats/meta_ad_reports', 'favstats/meta_ad_reports2']",,,,[],EC-last_7_days,https://github.com/favstats/meta_ad_reports2/releases/tag/EC-last_7_days
reports,EG,last_7_days,fresh,2026-09-29,2026-09-29,0,2789,1394,2026-09-29.rds,2026-10-01T11:30:50Z,6904,"['favstats/meta_ad_reports', 'favstats/meta_ad_reports2']",,,,[],EG-last_7_days,https://github.com/favstats/meta_ad_reports2/releases/tag/EG-last_7_days
reports,ER,last_7_days,fresh,2026-09-29,2026-09-29,0,2792,1395,2026-09-29.rds,2026-10-01T11:30:52Z,1056,"['favstats/meta_ad_reports', 'favstats/meta_ad_reports2']",,,,[],ER-last_7_days,https://github.com/favstats/meta_ad_reports2/releases/tag/ER-last_7_days
reports,ET,last_7_days,fresh,2026-09-29,2026-09-29,0,3196,1597,2026-09-29.rds,2026-10-01T11:31:04Z,2004,"['favstats/meta_ad_reports', 'favstats/meta_ad_reports2']",,,,[],ET-last_7_days,https://github.com/favstats/meta_ad_reports2/releases/tag/ET-last_7_days
reports,FJ,last_7_days,fresh,2026-09-29,2026-09-29,0,3036,1517,2026-09-29.rds,2026-10-01T11:31:16Z,10788,"['favstats/meta_ad_reports', 'favstats/meta_ad_reports2']",,,,[],FJ-last_7_days,https://github.com/favstats/meta_ad_reports2/releases/tag/FJ-last_7_days
reports,FK,last_7_days,fresh,2026-09-29,2026-09-29,0,3174,1586,2026-09-29.rds,2026-10-01T11:31:18Z,876,"['favstats/meta_ad_reports', 'favstats/meta_ad_reports2']",,,,[],FK-last_7_days,https://github.com/favstats/meta_ad_reports2/releases/tag/FK-last_7_days
reports,FM,last_7_days,fresh,2026-09-29,2026-09-29,0,2796,1397,2026-09-29.rds,2026-10-01T11:31:19Z,884,"['favstats/meta_ad_reports', 'favstats/meta_ad_reports2']",,,,[],FM-last_7_days,https://github.com/favstats/meta_ad_reports2/releases/tag/FM-last_7_days
reports,GA,last_7_days,fresh,2026-09-29,2026-09-29,0,2796,1397,2026-09-29.rds,2026-10-01T11:31:31Z,1356,"['favstats/meta_ad_reports', 'favstats/meta_ad_reports2']",,,,[],GA-last_7_days,https://github.com/favstats/meta_ad_reports2/releases/tag/GA-last_7_days
reports,GB,last_7_days,fresh,2026-09-29,2026-09-29,0,3200,1599,2026-09-29.rds,2026-10-01T11:31:33Z,19504,"['favstats/meta_ad_reports', 'favstats/meta_ad_reports2']",,,,[],GB-last_7_days,https://github.com/favstats/meta_ad_reports2/releases/tag/GB-last_7_days
reports,GD,last_7_days,fresh,2026-09-29,2026-09-29,0,2862,1430,2026-09-29.rds,2026-10-01T11:31:35Z,1116,"['favstats/meta_ad_reports', 'favstats/meta_ad_reports2']",,,,[],GD-last_7_days,https://github.com/favstats/meta_ad_reports2/releases/tag/GD-last_7_days
reports,GE,last_7_days,fresh,2026-09-29,2026-09-29,0,3202,1600,2026-09-29.rds,2026-10-01T11:31:37Z,5680,"['favstats/meta_ad_reports', 'favstats/meta_ad_reports2']",,,,[],GE-last_7_days,https://github.com/favstats/meta_ad_reports2/releases/tag/GE-last_7_days
reports,GG,last_7_days,fresh,2026-09-29,2026-09-29,0,2794,1396,2026-09-29.rds,2026-10-01T11:31:39Z,1028,"['favstats/meta_ad_reports', 'favstats/meta_ad_reports2']",,,,[],GG-last_7_days,https://github.com/favstats/meta_ad_reports2/releases/tag/GG-last_7_days
reports,GH,last_7_days,fresh,2026-09-29,2026-09-29,0,3204,1601,2026-09-29.rds,2026-10-01T11:31:41Z,2356,"['favstats/meta_ad_reports', 'favstats/meta_ad_reports2']",,,,[],GH-last_7_days,https://github.com/favstats/meta_ad_reports2/releases/tag/GH-last_7_days
reports,GI,last_7_days,fresh,2026-09-29,2026-09-29,0,2794,1396,2026-09-29.rds,2026-10-01T11:31:43Z,1052,"['favstats/meta_ad_reports', 'favstats/meta_ad_reports2']",,,,[],GI-last_7_days,https://github.com/favstats/meta_ad_reports2/releases/tag/GI-last_7_days
reports,GM,last_7_days,fresh,2026-09-29,2026-09-29,0,2790,1394,2026-09-29.rds,2026-10-01T11:31:44Z,1584,"['favstats/meta_ad_reports', 'favstats/meta_ad_reports2']",,,,[],GM-last_7_days,https://github.com/favstats/meta_ad_reports2/releases/tag/GM-last_7_days
reports,GN,last_7_days,fresh,2026-09-29,2026-09-29,0,2792,1395,2026-09-29.rds,2026-10-01T11:31:47Z,1908,"['favstats/meta_ad_reports', 'favstats/meta_ad_reports2']",,,,[],GN-last_7_days,https://github.com/favstats/meta_ad_reports2/releases/tag/GN-last_7_days
reports,GQ,last_7_days,fresh,2026-09-29,2026-09-29,0,2796,1397,2026-09-29.rds,2026-10-01T11:31:49Z,1132,"['favstats/meta_ad_reports', 'favstats/meta_ad_reports2']",,,,[],GQ-last_7_days,https://github.com/favstats/meta_ad_reports2/releases/tag/GQ-last_7_days
reports,GT,last_7_days,fresh,2026-09-29,2026-09-29,0,2862,1430,2026-09-29.rds,2026-10-01T11:32:01Z,2352,"['favstats/meta_ad_reports', 'favstats/meta_ad_reports2']",,,,[],GT-last_7_days,https://github.com/favstats/meta_ad_reports2/releases/tag/GT-last_7_days
reports,GW,last_7_days,fresh,2026-09-29,2026-09-29,0,2794,1396,2026-09-29.rds,2026-10-01T11:32:04Z,1592,"['favstats/meta_ad_reports', 'favstats/meta_ad_reports2']",,,,[],GW-last_7_days,https://github.com/favstats/meta_ad_reports2/releases/tag/GW-last_7_days
reports,GY,last_7_days,fresh,2026-09-29,2026-09-29,0,3197,1598,2026-09-29.rds,2026-10-01T11:32:06Z,1304,"['favstats/meta_ad_reports', 'favstats/meta_ad_reports2']",,,,[],GY-last_7_days,https://github.com/favstats/meta_ad_reports2/releases/tag/GY-last_7_days
reports,HN,last_7_days,fresh,2026-09-29,2026-09-29,0,3200,1599,2026-09-29.rds,2026-10-01T11:32:14Z,2140,"['favstats/meta_ad_reports', 'favstats/meta_ad_reports2']",,,,[],HN-last_7_days,https://github.com/favstats/meta_ad_reports2/releases/tag/HN-last_7_days
reports,HT,last_7_days,fresh,2026-09-29,2026-09-29,0,2864,1431,2026-09-29.rds,2026-10-01T11:32:25Z,1292,"['favstats/meta_ad_reports', 'favstats/meta_ad_reports2']",,,,[],HT-last_7_days,https://github.com/favstats/meta_ad_reports2/releases/tag/HT-last_7_days
reports,ID,last_7_days,fresh,2026-09-29,2026-09-29,0,3202,1600,2026-09-29.rds,2026-10-01T11:32:35Z,8800,"['favstats/meta_ad_reports', 'favstats/meta_ad_reports2']",,,,[],ID-last_7_days,https://github.com/favstats/meta_ad_reports2/releases/tag/ID-last_7_days
reports,IL,last_7_days,fresh,2026-09-29,2026-09-29,0,3202,1600,2026-09-29.rds,2026-10-01T11:32:47Z,13736,"['favstats/meta_ad_reports', 'favstats/meta_ad_reports2']",,,,[],IL-last_7_days,https://github.com/favstats/meta_ad_reports2/releases/tag/IL-last_7_days
reports,IM,last_7_days,fresh,2026-09-29,2026-09-29,0,2796,1397,2026-09-29.rds,2026-10-01T11:32:49Z,1060,"['favstats/meta_ad_reports', 'favstats/meta_ad_reports2']",,,,[],IM-last_7_days,https://github.com/favstats/meta_ad_reports2/releases/tag/IM-last_7_days
reports,IN,last_7_days,fresh,2026-09-29,2026-09-29,0,3201,1600,2026-09-29.rds,2026-10-01T11:32:51Z,90068,"['favstats/meta_ad_reports', 'favstats/meta_ad_reports2']",,,,[],IN-last_7_days,https://github.com/favstats/meta_ad_reports2/releases/tag/IN-last_7_days
reports,IQ,last_7_days,fresh,2026-09-29,2026-09-29,0,3204,1601,2026-09-29.rds,2026-10-01T11:32:53Z,18560,"['favstats/meta_ad_reports', 'favstats/meta_ad_reports2']",,,,[],IQ-last_7_days,https://github.com/favstats/meta_ad_reports2/releases/tag/IQ-last_7_days
reports,IS,last_7_days,fresh,2026-09-29,2026-09-29,0,3200,1599,2026-09-29.rds,2026-10-01T11:32:55Z,1796,"['favstats/meta_ad_reports', 'favstats/meta_ad_reports2']",,,,[],IS-last_7_days,https://github.com/favstats/meta_ad_reports2/releases/tag/IS-last_7_days
reports,JE,last_7_days,fresh,2026-09-29,2026-09-29,0,2796,1397,2026-09-29.rds,2026-10-01T11:33:06Z,964,"['favstats/meta_ad_reports', 'favstats/meta_ad_reports2']",,,,[],JE-last_7_days,https://github.com/favstats/meta_ad_reports2/releases/tag/JE-last_7_days
reports,JM,last_7_days,fresh,2026-09-29,2026-09-29,0,2864,1431,2026-09-29.rds,2026-10-01T11:33:08Z,1252,"['favstats/meta_ad_reports', 'favstats/meta_ad_reports2']",,,,[],JM-last_7_days,https://github.com/favstats/meta_ad_reports2/releases/tag/JM-last_7_days
reports,JO,last_7_days,fresh,2026-09-29,2026-09-29,0,2712,1355,2026-09-29.rds,2026-10-01T11:33:09Z,3280,"['favstats/meta_ad_reports', 'favstats/meta_ad_reports2']",,,,[],JO-last_7_days,https://github.com/favstats/meta_ad_reports2/releases/tag/JO-last_7_days
reports,JP,last_7_days,fresh,2026-09-29,2026-09-29,0,3202,1600,2026-09-29.rds,2026-10-01T11:33:11Z,4464,"['favstats/meta_ad_reports', 'favstats/meta_ad_reports2']",,,,[],JP-last_7_days,https://github.com/favstats/meta_ad_reports2/releases/tag/JP-last_7_days
reports,KE,last_7_days,fresh,2026-09-29,2026-09-29,0,3204,1601,2026-09-29.rds,2026-10-01T11:33:13Z,3492,"['favstats/meta_ad_reports', 'favstats/meta_ad_reports2']",,,,[],KE-last_7_days,https://github.com/favstats/meta_ad_reports2/releases/tag/KE-last_7_days
reports,KG,last_7_days,fresh,2026-09-29,2026-09-29,0,3202,1600,2026-09-29.rds,2026-10-01T11:33:14Z,1860,"['favstats/meta_ad_reports', 'favstats/meta_ad_reports2']",,,,[],KG-last_7_days,https://github.com/favstats/meta_ad_reports2/releases/tag/KG-last_7_days
reports,KH,last_7_days,fresh,2026-09-29,2026-09-29,0,2712,1355,2026-09-29.rds,2026-10-01T11:33:16Z,3776,"['favstats/meta_ad_reports', 'favstats/meta_ad_reports2']",,,,[],KH-last_7_days,https://github.com/favstats/meta_ad_reports2/releases/tag/KH-last_7_days
reports,KI,last_7_days,fresh,2026-09-29,2026-09-29,0,2791,1394,2026-09-29.rds,2026-10-01T11:33:18Z,976,"['favstats/meta_ad_reports', 'favstats/meta_ad_reports2']",,,,[],KI-last_7_days,https://github.com/favstats/meta_ad_reports2/releases/tag/KI-last_7_days
reports,KM,last_7_days,fresh,2026-09-29,2026-09-29,0,2792,1395,2026-09-29.rds,2026-10-01T11:33:20Z,4400,"['favstats/meta_ad_reports', 'favstats/meta_ad_reports2']",,,,[],KM-last_7_days,https://github.com/favstats/meta_ad_reports2/releases/tag/KM-last_7_days
reports,KN,last_7_days,fresh,2026-09-29,2026-09-29,0,2860,1429,2026-09-29.rds,2026-10-01T11:33:21Z,988,"['favstats/meta_ad_reports', 'favstats/meta_ad_reports2']",,,,[],KN-last_7_days,https://github.com/favstats/meta_ad_reports2/releases/tag/KN-last_7_days
reports,KW,last_7_days,fresh,2026-09-29,2026-09-29,0,2710,1354,2026-09-29.rds,2026-10-01T11:33:31Z,2464,"['favstats/meta_ad_reports', 'favstats/meta_ad_reports2']",,,,[],KW-last_7_days,https://github.com/favstats/meta_ad_reports2/releases/tag/KW-last_7_days
reports,KY,last_7_days,fresh,2026-09-29,2026-09-29,0,3196,1597,2026-09-29.rds,2026-10-01T11:33:33Z,896,"['favstats/meta_ad_reports', 'favstats/meta_ad_reports2']",,,,[],KY-last_7_days,https://github.com/favstats/meta_ad_reports2/releases/tag/KY-last_7_days
reports,KZ,last_7_days,fresh,2026-09-29,2026-09-29,0,2796,1397,2026-09-29.rds,2026-10-01T11:33:35Z,2088,"['favstats/meta_ad_reports', 'favstats/meta_ad_reports2']",,,,[],KZ-last_7_days,https://github.com/favstats/meta_ad_reports2/releases/tag/KZ-last_7_days
reports,LA,last_7_days,fresh,2026-09-29,2026-09-29,0,2712,1355,2026-09-29.rds,2026-10-01T11:33:36Z,1832,"['favstats/meta_ad_reports', 'favstats/meta_ad_reports2']",,,,[],LA-last_7_days,https://github.com/favstats/meta_ad_reports2/releases/tag/LA-last_7_days
reports,LB,last_7_days,fresh,2026-09-29,2026-09-29,0,3032,1516,2026-09-29.rds,2026-10-01T11:33:38Z,3360,"['favstats/meta_ad_reports', 'favstats/meta_ad_reports2']",,,,[],LB-last_7_days,https://github.com/favstats/meta_ad_reports2/releases/tag/LB-last_7_days
reports,LC,last_7_days,fresh,2026-09-29,2026-09-29,0,3192,1595,2026-09-29.rds,2026-10-01T11:33:39Z,944,"['favstats/meta_ad_reports', 'favstats/meta_ad_reports2']",,,,[],LC-last_7_days,https://github.com/favstats/meta_ad_reports2/releases/tag/LC-last_7_days
reports,LI,last_7_days,fresh,2026-09-29,2026-09-29,0,2794,1396,2026-09-29.rds,2026-10-01T11:33:41Z,676,"['favstats/meta_ad_reports', 'favstats/meta_ad_reports2']",,,,[],LI-last_7_days,https://github.com/favstats/meta_ad_reports2/releases/tag/LI-last_7_days
reports,LK,last_7_days,fresh,2026-09-29,2026-09-29,0,3198,1598,2026-09-29.rds,2026-10-01T11:33:44Z,2360,"['favstats/meta_ad_reports', 'favstats/meta_ad_reports2']",,,,[],LK-last_7_days,https://github.com/favstats/meta_ad_reports2/releases/tag/LK-last_7_days
reports,LR,last_7_days,fresh,2026-09-29,2026-09-29,0,2794,1396,2026-09-29.rds,2026-10-01T11:33:46Z,1636,"['favstats/meta_ad_reports', 'favstats/meta_ad_reports2']",,,,[],LR-last_7_days,https://github.com/favstats/meta_ad_reports2/releases/tag/LR-last_7_days
reports,LS,last_7_days,fresh,2026-09-29,2026-09-29,0,3034,1516,2026-09-29.rds,2026-10-01T11:33:48Z,1292,"['favstats/meta_ad_reports', 'favstats/meta_ad_reports2']",,,,[],LS-last_7_days,https://github.com/favstats/meta_ad_reports2/releases/tag/LS-last_7_days
reports,LY,last_7_days,fresh,2026-09-29,2026-09-29,0,2796,1397,2026-09-29.rds,2026-10-01T11:34:17Z,3136,"['favstats/meta_ad_reports', 'favstats/meta_ad_reports2']",,,,[],LY-last_7_days,https://github.com/favstats/meta_ad_reports2/releases/tag/LY-last_7_days
reports,MA,last_7_days,fresh,2026-09-29,2026-09-29,0,3200,1599,2026-09-29.rds,2026-10-01T11:34:20Z,5132,"['favstats/meta_ad_reports', 'favstats/meta_ad_reports2']",,,,[],MA-last_7_days,https://github.com/favstats/meta_ad_reports2/releases/tag/MA-last_7_days
reports,MC,last_7_days,fresh,2026-09-29,2026-09-29,0,2790,1394,2026-09-29.rds,2026-10-01T11:34:22Z,828,"['favstats/meta_ad_reports', 'favstats/meta_ad_reports2']",,,,[],MC-last_7_days,https://github.com/favstats/meta_ad_reports2/releases/tag/MC-last_7_days
reports,MD,last_7_days,fresh,2026-09-29,2026-09-29,0,3202,1600,2026-09-29.rds,2026-10-01T11:34:24Z,3676,"['favstats/meta_ad_reports', 'favstats/meta_ad_reports2']",,,,[],MD-last_7_days,https://github.com/favstats/meta_ad_reports2/releases/tag/MD-last_7_days
reports,ME,last_7_days,fresh,2026-09-29,2026-09-29,0,3202,1600,2026-09-29.rds,2026-10-01T11:34:25Z,2148,"['favstats/meta_ad_reports', 'favstats/meta_ad_reports2']",,,,[],ME-last_7_days,https://github.com/favstats/meta_ad_reports2/releases/tag/ME-last_7_days
reports,MG,last_7_days,fresh,2026-09-29,2026-09-29,0,3198,1598,2026-09-29.rds,2026-10-01T11:34:27Z,1844,"['favstats/meta_ad_reports', 'favstats/meta_ad_reports2']",,,,[],MG-last_7_days,https://github.com/favstats/meta_ad_reports2/releases/tag/MG-last_7_days
reports,MH,last_7_days,fresh,2026-09-29,2026-09-29,0,2796,1397,2026-09-29.rds,2026-10-01T11:34:29Z,804,"['favstats/meta_ad_reports', 'favstats/meta_ad_reports2']",,,,[],MH-last_7_days,https://github.com/favstats/meta_ad_reports2/releases/tag/MH-last_7_days
reports,MK,last_7_days,fresh,2026-09-29,2026-09-29,0,3202,1600,2026-09-29.rds,2026-10-01T11:34:31Z,2660,"['favstats/meta_ad_reports', 'favstats/meta_ad_reports2']",,,,[],MK-last_7_days,https://github.com/favstats/meta_ad_reports2/releases/tag/MK-last_7_days
reports,ML,last_7_days,fresh,2026-09-29,2026-09-29,0,3204,1601,2026-09-29.rds,2026-10-01T11:34:33Z,1772,"['favstats/meta_ad_reports', 'favstats/meta_ad_reports2']",,,,[],ML-last_7_days,https://github.com/favstats/meta_ad_reports2/releases/tag/ML-last_7_days
reports,MM,last_7_days,fresh,2026-09-29,2026-09-29,0,3202,1600,2026-09-29.rds,2026-10-01T11:34:34Z,1800,"['favstats/meta_ad_reports', 'favstats/meta_ad_reports2']",,,,[],MM-last_7_days,https://github.com/favstats/meta_ad_reports2/releases/tag/MM-last_7_days
reports,MN,last_7_days,fresh,2026-09-29,2026-09-29,0,3202,1600,2026-09-29.rds,2026-10-01T11:34:35Z,3052,"['favstats/meta_ad_reports', 'favstats/meta_ad_reports2']",,,,[],MN-last_7_days,https://github.com/favstats/meta_ad_reports2/releases/tag/MN-last_7_days
reports,MR,last_7_days,fresh,2026-09-29,2026-09-29,0,2791,1395,2026-09-29.rds,2026-10-01T11:34:37Z,2164,"['favstats/meta_ad_reports', 'favstats/meta_ad_reports2']",,,,[],MR-last_7_days,https://github.com/favstats/meta_ad_reports2/releases/tag/MR-last_7_days
reports,MS,last_7_days,fresh,2026-09-29,2026-09-29,0,2830,1414,2026-09-29.rds,2026-10-01T11:34:39Z,624,"['favstats/meta_ad_reports', 'favstats/meta_ad_reports2']",,,,[],MS-last_7_days,https://github.com/favstats/meta_ad_reports2/releases/tag/MS-last_7_days
reports,MU,last_7_days,fresh,2026-09-29,2026-09-29,0,3197,1598,2026-09-29.rds,2026-10-01T11:34:51Z,1632,"['favstats/meta_ad_reports', 'favstats/meta_ad_reports2']",,,,[],MU-last_7_days,https://github.com/favstats/meta_ad_reports2/releases/tag/MU-last_7_days
reports,MV,last_7_days,fresh,2026-09-29,2026-09-29,0,2714,1356,2026-09-29.rds,2026-10-01T11:34:53Z,1556,"['favstats/meta_ad_reports', 'favstats/meta_ad_reports2']",,,,[],MV-last_7_days,https://github.com/favstats/meta_ad_reports2/releases/tag/MV-last_7_days
reports,MW,last_7_days,fresh,2026-09-29,2026-09-29,0,2792,1395,2026-09-29.rds,2026-10-01T11:34:55Z,1528,"['favstats/meta_ad_reports', 'favstats/meta_ad_reports2']",,,,[],MW-last_7_days,https://github.com/favstats/meta_ad_reports2/releases/tag/MW-last_7_days
reports,MX,last_7_days,fresh,2026-09-29,2026-09-29,0,3200,1599,2026-09-29.rds,2026-10-01T11:34:57Z,72104,"['favstats/meta_ad_reports', 'favstats/meta_ad_reports2']",,,,[],MX-last_7_days,https://github.com/favstats/meta_ad_reports2/releases/tag/MX-last_7_days
reports,MY,last_7_days,fresh,2026-09-29,2026-09-29,0,3198,1598,2026-09-29.rds,2026-10-01T11:34:59Z,5248,"['favstats/meta_ad_reports', 'favstats/meta_ad_reports2']",,,,[],MY-last_7_days,https://github.com/favstats/meta_ad_reports2/releases/tag/MY-last_7_days
reports,MZ,last_7_days,fresh,2026-09-29,2026-09-29,0,2792,1395,2026-09-29.rds,2026-10-01T11:35:01Z,1812,"['favstats/meta_ad_reports', 'favstats/meta_ad_reports2']",,,,[],MZ-last_7_days,https://github.com/favstats/meta_ad_reports2/releases/tag/MZ-last_7_days
reports,NA,last_7_days,fresh,2026-09-29,2026-09-29,0,2796,1397,2026-09-29.rds,2026-10-01T11:35:02Z,1436,"['favstats/meta_ad_reports', 'favstats/meta_ad_reports2']",,,,[],NA-last_7_days,https://github.com/favstats/meta_ad_reports2/releases/tag/NA-last_7_days
reports,NE,last_7_days,fresh,2026-09-29,2026-09-29,0,2790,1394,2026-09-29.rds,2026-10-01T11:35:04Z,1592,"['favstats/meta_ad_reports', 'favstats/meta_ad_reports2']",,,,[],NE-last_7_days,https://github.com/favstats/meta_ad_reports2/releases/tag/NE-last_7_days
reports,NG,last_7_days,fresh,2026-09-29,2026-09-29,0,3025,1512,2026-09-29.rds,2026-10-01T11:35:06Z,5992,"['favstats/meta_ad_reports', 'favstats/meta_ad_reports2']",,,,[],NG-last_7_days,https://github.com/favstats/meta_ad_reports2/releases/tag/NG-last_7_days
reports,NI,last_7_days,fresh,2026-09-29,2026-09-29,0,2866,1432,2026-09-29.rds,2026-10-01T11:35:08Z,1240,"['favstats/meta_ad_reports', 'favstats/meta_ad_reports2']",,,,[],NI-last_7_days,https://github.com/favstats/meta_ad_reports2/releases/tag/NI-last_7_days
reports,NO,last_7_days,fresh,2026-09-29,2026-09-29,0,3202,1600,2026-09-29.rds,2026-10-01T11:35:20Z,4796,"['favstats/meta_ad_reports', 'favstats/meta_ad_reports2']",,,,[],NO-last_7_days,https://github.com/favstats/meta_ad_reports2/releases/tag/NO-last_7_days
reports,NP,last_7_days,fresh,2026-09-29,2026-09-29,0,2714,1356,2026-09-29.rds,2026-10-01T11:35:22Z,4484,"['favstats/meta_ad_reports', 'favstats/meta_ad_reports2']",,,,[],NP-last_7_days,https://github.com/favstats/meta_ad_reports2/releases/tag/NP-last_7_days
reports,NR,last_7_days,fresh,2026-09-29,2026-09-29,0,2793,1396,2026-09-29.rds,2026-10-01T11:35:24Z,864,"['favstats/meta_ad_reports', 'favstats/meta_ad_reports2']",,,,[],NR-last_7_days,https://github.com/favstats/meta_ad_reports2/releases/tag/NR-last_7_days
reports,NZ,last_7_days,fresh,2026-09-29,2026-09-29,0,3200,1599,2026-09-29.rds,2026-10-01T11:35:26Z,6520,"['favstats/meta_ad_reports', 'favstats/meta_ad_reports2']",,,,[],NZ-last_7_days,https://github.com/favstats/meta_ad_reports2/releases/tag/NZ-last_7_days
reports,OM,last_7_days,fresh,2026-09-29,2026-09-29,0,2710,1354,2026-09-29.rds,2026-10-01T11:35:28Z,2076,"['favstats/meta_ad_reports', 'favstats/meta_ad_reports2']",,,,[],OM-last_7_days,https://github.com/favstats/meta_ad_reports2/releases/tag/OM-last_7_days
reports,PA,last_7_days,fresh,2026-09-29,2026-09-29,0,2862,1430,2026-09-29.rds,2026-10-01T11:35:30Z,1808,"['favstats/meta_ad_reports', 'favstats/meta_ad_reports2']",,,,[],PA-last_7_days,https://github.com/favstats/meta_ad_reports2/releases/tag/PA-last_7_days
reports,PE,last_7_days,fresh,2026-09-29,2026-09-29,0,3204,1601,2026-09-29.rds,2026-10-01T11:35:32Z,33936,"['favstats/meta_ad_reports', 'favstats/meta_ad_reports2']",,,,[],PE-last_7_days,https://github.com/favstats/meta_ad_reports2/releases/tag/PE-last_7_days
reports,PG,last_7_days,fresh,2026-09-29,2026-09-29,0,3032,1515,2026-09-29.rds,2026-10-01T11:35:33Z,1496,"['favstats/meta_ad_reports', 'favstats/meta_ad_reports2']",,,,[],PG-last_7_days,https://github.com/favstats/meta_ad_reports2/releases/tag/PG-last_7_days
reports,PH,last_7_days,fresh,2026-09-29,2026-09-29,0,3199,1599,2026-09-29.rds,2026-10-01T11:35:35Z,14824,"['favstats/meta_ad_reports', 'favstats/meta_ad_reports2']",,,,[],PH-last_7_days,https://github.com/favstats/meta_ad_reports2/releases/tag/PH-last_7_days
reports,PK,last_7_days,fresh,2026-09-29,2026-09-29,0,2792,1395,2026-09-29.rds,2026-10-01T11:35:36Z,6868,"['favstats/meta_ad_reports', 'favstats/meta_ad_reports2']",,,,[],PK-last_7_days,https://github.com/favstats/meta_ad_reports2/releases/tag/PK-last_7_days
reports,PS,last_7_days,fresh,2026-09-29,2026-09-29,0,2712,1355,2026-09-29.rds,2026-10-01T11:35:48Z,2480,"['favstats/meta_ad_reports', 'favstats/meta_ad_reports2']",,,,[],PS-last_7_days,https://github.com/favstats/meta_ad_reports2/releases/tag/PS-last_7_days
reports,PW,last_7_days,fresh,2026-09-29,2026-09-29,0,3198,1599,2026-09-29.rds,2026-10-01T11:35:59Z,828,"['favstats/meta_ad_reports', 'favstats/meta_ad_reports2']",,,,[],PW-last_7_days,https://github.com/favstats/meta_ad_reports2/releases/tag/PW-last_7_days
reports,PY,last_7_days,fresh,2026-09-29,2026-09-29,0,3198,1599,2026-09-29.rds,2026-10-01T11:36:00Z,9636,"['favstats/meta_ad_reports', 'favstats/meta_ad_reports2']",,,,[],PY-last_7_days,https://github.com/favstats/meta_ad_reports2/releases/tag/PY-last_7_days
reports,QA,last_7_days,fresh,2026-09-29,2026-09-29,0,2714,1356,2026-09-29.rds,2026-10-01T11:36:02Z,2664,"['favstats/meta_ad_reports', 'favstats/meta_ad_reports2']",,,,[],QA-last_7_days,https://github.com/favstats/meta_ad_reports2/releases/tag/QA-last_7_days
reports,RS,last_7_days,fresh,2026-09-29,2026-09-29,0,3200,1599,2026-09-29.rds,2026-10-01T11:36:13Z,4520,"['favstats/meta_ad_reports', 'favstats/meta_ad_reports2']",,,,[],RS-last_7_days,https://github.com/favstats/meta_ad_reports2/releases/tag/RS-last_7_days
reports,RW,last_7_days,fresh,2026-09-29,2026-09-29,0,2795,1397,2026-09-29.rds,2026-10-01T11:36:15Z,1584,"['favstats/meta_ad_reports', 'favstats/meta_ad_reports2']",,,,[],RW-last_7_days,https://github.com/favstats/meta_ad_reports2/releases/tag/RW-last_7_days
reports,SA,last_7_days,fresh,2026-09-29,2026-09-29,0,2710,1354,2026-09-29.rds,2026-10-01T11:36:17Z,4124,"['favstats/meta_ad_reports', 'favstats/meta_ad_reports2']",,,,[],SA-last_7_days,https://github.com/favstats/meta_ad_reports2/releases/tag/SA-last_7_days
reports,SB,last_7_days,fresh,2026-09-29,2026-09-29,0,2795,1396,2026-09-29.rds,2026-10-01T11:36:18Z,1100,"['favstats/meta_ad_reports', 'favstats/meta_ad_reports2']",,,,[],SB-last_7_days,https://github.com/favstats/meta_ad_reports2/releases/tag/SB-last_7_days
reports,SC,last_7_days,fresh,2026-09-29,2026-09-29,0,3201,1600,2026-09-29.rds,2026-10-01T11:36:20Z,1284,"['favstats/meta_ad_reports', 'favstats/meta_ad_reports2']",,,,[],SC-last_7_days,https://github.com/favstats/meta_ad_reports2/releases/tag/SC-last_7_days
reports,SG,last_7_days,fresh,2026-09-29,2026-09-29,0,3200,1599,2026-09-29.rds,2026-10-01T11:36:31Z,2140,"['favstats/meta_ad_reports', 'favstats/meta_ad_reports2']",,,,[],SG-last_7_days,https://github.com/favstats/meta_ad_reports2/releases/tag/SG-last_7_days
reports,SH,last_7_days,fresh,2026-09-29,2026-09-29,0,2785,1392,2026-09-29.rds,2026-10-01T11:36:33Z,916,"['favstats/meta_ad_reports', 'favstats/meta_ad_reports2']",,,,[],SH-last_7_days,https://github.com/favstats/meta_ad_reports2/releases/tag/SH-last_7_days
reports,SL,last_7_days,fresh,2026-09-29,2026-09-29,0,3034,1516,2026-09-29.rds,2026-10-01T11:36:56Z,1612,"['favstats/meta_ad_reports', 'favstats/meta_ad_reports2']",,,,[],SL-last_7_days,https://github.com/favstats/meta_ad_reports2/releases/tag/SL-last_7_days
reports,SM,last_7_days,fresh,2026-09-29,2026-09-29,0,2794,1396,2026-09-29.rds,2026-10-01T11:36:58Z,860,"['favstats/meta_ad_reports', 'favstats/meta_ad_reports2']",,,,[],SM-last_7_days,https://github.com/favstats/meta_ad_reports2/releases/tag/SM-last_7_days
reports,SN,last_7_days,fresh,2026-09-29,2026-09-29,0,3193,1596,2026-09-29.rds,2026-10-01T11:36:59Z,2112,"['favstats/meta_ad_reports', 'favstats/meta_ad_reports2']",,,,[],SN-last_7_days,https://github.com/favstats/meta_ad_reports2/releases/tag/SN-last_7_days
reports,SO,last_7_days,fresh,2026-09-29,2026-09-29,0,2793,1396,2026-09-29.rds,2026-10-01T11:37:01Z,1740,"['favstats/meta_ad_reports', 'favstats/meta_ad_reports2']",,,,[],SO-last_7_days,https://github.com/favstats/meta_ad_reports2/releases/tag/SO-last_7_days
reports,SR,last_7_days,fresh,2026-09-29,2026-09-29,0,3202,1600,2026-09-29.rds,2026-10-01T11:37:03Z,1384,"['favstats/meta_ad_reports', 'favstats/meta_ad_reports2']",,,,[],SR-last_7_days,https://github.com/favstats/meta_ad_reports2/releases/tag/SR-last_7_days
reports,SS,last_7_days,fresh,2026-09-29,2026-09-29,0,2796,1397,2026-09-29.rds,2026-10-01T11:37:05Z,1556,"['favstats/meta_ad_reports', 'favstats/meta_ad_reports2']",,,,[],SS-last_7_days,https://github.com/favstats/meta_ad_reports2/releases/tag/SS-last_7_days
reports,ST,last_7_days,fresh,2026-09-29,2026-09-29,0,3199,1599,2026-09-29.rds,2026-10-01T11:37:07Z,1252,"['favstats/meta_ad_reports', 'favstats/meta_ad_reports2']",,,,[],ST-last_7_days,https://github.com/favstats/meta_ad_reports2/releases/tag/ST-last_7_days
reports,SV,last_7_days,fresh,2026-09-29,2026-09-29,0,2866,1432,2026-09-29.rds,2026-10-01T11:37:08Z,2476,"['favstats/meta_ad_reports', 'favstats/meta_ad_reports2']",,,,[],SV-last_7_days,https://github.com/favstats/meta_ad_reports2/releases/tag/SV-last_7_days
reports,SZ,last_7_days,fresh,2026-09-29,2026-09-29,0,2796,1397,2026-09-29.rds,2026-10-01T11:37:11Z,1264,"['favstats/meta_ad_reports', 'favstats/meta_ad_reports2']",,,,[],SZ-last_7_days,https://github.com/favstats/meta_ad_reports2/releases/tag/SZ-last_7_days
reports,TC,last_7_days,fresh,2026-09-29,2026-09-29,0,2858,1428,2026-09-29.rds,2026-10-01T11:37:12Z,860,"['favstats/meta_ad_reports', 'favstats/meta_ad_reports2']",,,,[],TC-last_7_days,https://github.com/favstats/meta_ad_reports2/releases/tag/TC-last_7_days
reports,TD,last_7_days,fresh,2026-09-29,2026-09-29,0,2794,1396,2026-09-29.rds,2026-10-01T11:37:15Z,1544,"['favstats/meta_ad_reports', 'favstats/meta_ad_reports2']",,,,[],TD-last_7_days,https://github.com/favstats/meta_ad_reports2/releases/tag/TD-last_7_days
reports,TG,last_7_days,fresh,2026-09-29,2026-09-29,0,2796,1397,2026-09-29.rds,2026-10-01T11:37:16Z,1392,"['favstats/meta_ad_reports', 'favstats/meta_ad_reports2']",,,,[],TG-last_7_days,https://github.com/favstats/meta_ad_reports2/releases/tag/TG-last_7_days
reports,TH,last_7_days,fresh,2026-09-29,2026-09-29,0,2712,1355,2026-09-29.rds,2026-10-01T11:37:18Z,7356,"['favstats/meta_ad_reports', 'favstats/meta_ad_reports2']",,,,[],TH-last_7_days,https://github.com/favstats/meta_ad_reports2/releases/tag/TH-last_7_days
reports,TJ,last_7_days,fresh,2026-09-29,2026-09-29,0,2794,1396,2026-09-29.rds,2026-10-01T11:37:20Z,2132,"['favstats/meta_ad_reports', 'favstats/meta_ad_reports2']",,,,[],TJ-last_7_days,https://github.com/favstats/meta_ad_reports2/releases/tag/TJ-last_7_days
reports,TL,last_7_days,fresh,2026-09-29,2026-09-29,0,2711,1355,2026-09-29.rds,2026-10-01T11:37:22Z,1616,"['favstats/meta_ad_reports', 'favstats/meta_ad_reports2']",,,,[],TL-last_7_days,https://github.com/favstats/meta_ad_reports2/releases/tag/TL-last_7_days
reports,TM,last_7_days,fresh,2026-09-29,2026-09-29,0,2789,1393,2026-09-29.rds,2026-10-01T11:37:23Z,1072,"['favstats/meta_ad_reports', 'favstats/meta_ad_reports2']",,,,[],TM-last_7_days,https://github.com/favstats/meta_ad_reports2/releases/tag/TM-last_7_days
reports,TN,last_7_days,fresh,2026-09-29,2026-09-29,0,3031,1515,2026-09-29.rds,2026-10-01T11:37:25Z,2212,"['favstats/meta_ad_reports', 'favstats/meta_ad_reports2']",,,,[],TN-last_7_days,https://github.com/favstats/meta_ad_reports2/releases/tag/TN-last_7_days
reports,TO,last_7_days,fresh,2026-09-29,2026-09-29,0,3200,1599,2026-09-29.rds,2026-10-01T11:37:27Z,984,"['favstats/meta_ad_reports', 'favstats/meta_ad_reports2']",,,,[],TO-last_7_days,https://github.com/favstats/meta_ad_reports2/releases/tag/TO-last_7_days
reports,TR,last_7_days,fresh,2026-09-29,2026-09-29,0,3203,1601,2026-09-29.rds,2026-10-01T11:37:28Z,8916,"['favstats/meta_ad_reports', 'favstats/meta_ad_reports2']",,,,[],TR-last_7_days,https://github.com/favstats/meta_ad_reports2/releases/tag/TR-last_7_days
reports,TT,last_7_days,fresh,2026-09-29,2026-09-29,0,3198,1598,2026-09-29.rds,2026-10-01T11:37:30Z,1304,"['favstats/meta_ad_reports', 'favstats/meta_ad_reports2']",,,,[],TT-last_7_days,https://github.com/favstats/meta_ad_reports2/releases/tag/TT-last_7_days
reports,TV,last_7_days,fresh,2026-09-29,2026-09-29,0,2778,1389,2026-09-29.rds,2026-10-01T11:37:32Z,828,"['favstats/meta_ad_reports', 'favstats/meta_ad_reports2']",,,,[],TV-last_7_days,https://github.com/favstats/meta_ad_reports2/releases/tag/TV-last_7_days
reports,TW,last_7_days,fresh,2026-09-29,2026-09-29,0,3204,1601,2026-09-29.rds,2026-10-01T11:37:34Z,14120,"['favstats/meta_ad_reports', 'favstats/meta_ad_reports2']",,,,[],TW-last_7_days,https://github.com/favstats/meta_ad_reports2/releases/tag/TW-last_7_days
reports,TZ,last_7_days,fresh,2026-09-29,2026-09-29,0,3200,1599,2026-09-29.rds,2026-10-01T11:37:35Z,1840,"['favstats/meta_ad_reports', 'favstats/meta_ad_reports2']",,,,[],TZ-last_7_days,https://github.com/favstats/meta_ad_reports2/releases/tag/TZ-last_7_days
reports,UA,last_7_days,fresh,2026-09-29,2026-09-29,0,3204,1601,2026-09-29.rds,2026-10-01T11:37:37Z,8276,"['favstats/meta_ad_reports', 'favstats/meta_ad_reports2']",,,,[],UA-last_7_days,https://github.com/favstats/meta_ad_reports2/releases/tag/UA-last_7_days
reports,UG,last_7_days,fresh,2026-09-29,2026-09-29,0,2793,1395,2026-09-29.rds,2026-10-01T11:37:39Z,1584,"['favstats/meta_ad_reports', 'favstats/meta_ad_reports2']",,,,[],UG-last_7_days,https://github.com/favstats/meta_ad_reports2/releases/tag/UG-last_7_days
reports,US,last_7_days,fresh,2026-09-29,2026-09-29,0,3196,1597,2026-09-29.rds,2026-10-01T11:37:41Z,221864,"['favstats/meta_ad_reports', 'favstats/meta_ad_reports2']",,,,[],US-last_7_days,https://github.com/favstats/meta_ad_reports2/releases/tag/US-last_7_days
reports,UY,last_7_days,fresh,2026-09-29,2026-09-29,0,3199,1599,2026-09-29.rds,2026-10-01T11:37:43Z,2252,"['favstats/meta_ad_reports', 'favstats/meta_ad_reports2']",,,,[],UY-last_7_days,https://github.com/favstats/meta_ad_reports2/releases/tag/UY-last_7_days
reports,UZ,last_7_days,fresh,2026-09-29,2026-09-29,0,2792,1395,2026-09-29.rds,2026-10-01T11:37:45Z,2220,"['favstats/meta_ad_reports', 'favstats/meta_ad_reports2']",,,,[],UZ-last_7_days,https://github.com/favstats/meta_ad_reports2/releases/tag/UZ-last_7_days
reports,VC,last_7_days,fresh,2026-09-29,2026-09-29,0,3199,1599,2026-09-29.rds,2026-10-01T11:37:46Z,916,"['favstats/meta_ad_reports', 'favstats/meta_ad_reports2']",,,,[],VC-last_7_days,https://github.com/favstats/meta_ad_reports2/releases/tag/VC-last_7_days
reports,VE,last_7_days,fresh,2026-09-29,2026-09-29,0,2859,1429,2026-09-29.rds,2026-10-01T11:37:48Z,2288,"['favstats/meta_ad_reports', 'favstats/meta_ad_reports2']",,,,[],VE-last_7_days,https://github.com/favstats/meta_ad_reports2/releases/tag/VE-last_7_days
reports,VG,last_7_days,fresh,2026-09-29,2026-09-29,0,2866,1432,2026-09-29.rds,2026-10-01T11:37:50Z,820,"['favstats/meta_ad_reports', 'favstats/meta_ad_reports2']",,,,[],VG-last_7_days,https://github.com/favstats/meta_ad_reports2/releases/tag/VG-last_7_days
reports,VN,last_7_days,fresh,2026-09-29,2026-09-29,0,2706,1352,2026-09-29.rds,2026-10-01T11:38:00Z,3088,"['favstats/meta_ad_reports', 'favstats/meta_ad_reports2']",,,,[],VN-last_7_days,https://github.com/favstats/meta_ad_reports2/releases/tag/VN-last_7_days
reports,VU,last_7_days,fresh,2026-09-29,2026-09-29,0,2789,1394,2026-09-29.rds,2026-10-01T11:38:01Z,956,"['favstats/meta_ad_reports', 'favstats/meta_ad_reports2']",,,,[],VU-last_7_days,https://github.com/favstats/meta_ad_reports2/releases/tag/VU-last_7_days
reports,WS,last_7_days,fresh,2026-09-29,2026-09-29,0,3194,1597,2026-09-29.rds,2026-10-01T11:38:11Z,996,"['favstats/meta_ad_reports', 'favstats/meta_ad_reports2']",,,,[],WS-last_7_days,https://github.com/favstats/meta_ad_reports2/releases/tag/WS-last_7_days
reports,XK,last_7_days,fresh,2026-09-29,2026-09-29,0,307,153,2026-09-29.rds,2026-10-01T11:38:13Z,1768,['favstats/meta_ad_reports2'],,,,[],XK-last_7_days,https://github.com/favstats/meta_ad_reports2/releases/tag/XK-last_7_days
reports,YE,last_7_days,fresh,2026-09-29,2026-09-29,0,2707,1353,2026-09-29.rds,2026-10-01T11:38:15Z,2280,"['favstats/meta_ad_reports', 'favstats/meta_ad_reports2']",,,,[],YE-last_7_days,https://github.com/favstats/meta_ad_reports2/releases/tag/YE-last_7_days
reports,ZA,last_7_days,fresh,2026-09-29,2026-09-29,0,3199,1599,2026-09-29.rds,2026-10-01T11:38:26Z,6568,"['favstats/meta_ad_reports', 'favstats/meta_ad_reports2']",,,,[],ZA-last_7_days,https://github.com/favstats/meta_ad_reports2/releases/tag/ZA-last_7_days
reports,ZM,last_7_days,fresh,2026-09-29,2026-09-29,0,3203,1601,2026-09-29.rds,2026-10-01T11:38:28Z,1864,"['favstats/meta_ad_reports', 'favstats/meta_ad_reports2']",,,,[],ZM-last_7_days,https://github.com/favstats/meta_ad_reports2/releases/tag/ZM-last_7_days
reports,ZW,last_7_days,fresh,2026-09-29,2026-09-29,0,2793,1396,2026-09-29.rds,2026-10-01T11:38:29Z,1648,"['favstats/meta_ad_reports', 'favstats/meta_ad_reports2']",,,,[],ZW-last_7_days,https://github.com/favstats/meta_ad_reports2/releases/tag/ZW-last_7_days
reports,AT,last_7_days,lagging,2025-10-04,2026-09-29,360,2479,1239,2025-10-04.rds,2025-10-06T05:32:32Z,9884,"['favstats/meta_ad_reports', 'favstats/meta_ad_reports2']",,,,[],AT-last_7_days,https://github.com/favstats/meta_ad_reports2/releases/tag/AT-last_7_days
reports,BE,last_7_days,lagging,2025-10-04,2026-09-29,360,2484,1241,2025-10-04.rds,2025-10-06T05:32:42Z,12992,"['favstats/meta_ad_reports', 'favstats/meta_ad_reports2']",,,,[],BE-last_7_days,https://github.com/favstats/meta_ad_reports2/releases/tag/BE-last_7_days
reports,BG,last_7_days,lagging,2025-10-04,2026-09-29,360,2480,1239,2025-10-04.rds,2025-10-06T05:32:45Z,4520,"['favstats/meta_ad_reports', 'favstats/meta_ad_reports2']",,,,[],BG-last_7_days,https://github.com/favstats/meta_ad_reports2/releases/tag/BG-last_7_days
reports,CY,last_7_days,lagging,2025-10-04,2026-09-29,360,2482,1240,2025-10-04.rds,2025-10-06T05:33:20Z,4696,"['favstats/meta_ad_reports', 'favstats/meta_ad_reports2']",,,,[],CY-last_7_days,https://github.com/favstats/meta_ad_reports2/releases/tag/CY-last_7_days
reports,CZ,last_7_days,lagging,2025-10-04,2026-09-29,360,2482,1240,2025-10-04.rds,2025-10-06T05:33:22Z,17464,"['favstats/meta_ad_reports', 'favstats/meta_ad_reports2']",,,,[],CZ-last_7_days,https://github.com/favstats/meta_ad_reports2/releases/tag/CZ-last_7_days
reports,DE,last_7_days,lagging,2025-10-04,2026-09-29,360,2482,1240,2025-10-04.rds,2025-10-06T05:33:23Z,28804,"['favstats/meta_ad_reports', 'favstats/meta_ad_reports2']",,,,[],DE-last_7_days,https://github.com/favstats/meta_ad_reports2/releases/tag/DE-last_7_days
reports,DK,last_7_days,lagging,2025-10-04,2026-09-29,360,2482,1240,2025-10-04.rds,2025-10-06T05:33:26Z,25412,"['favstats/meta_ad_reports', 'favstats/meta_ad_reports2']",,,,[],DK-last_7_days,https://github.com/favstats/meta_ad_reports2/releases/tag/DK-last_7_days
reports,EE,last_7_days,lagging,2025-10-04,2026-09-29,360,2478,1238,2025-10-04.rds,2025-10-06T05:33:33Z,10048,"['favstats/meta_ad_reports', 'favstats/meta_ad_reports2']",,,,[],EE-last_7_days,https://github.com/favstats/meta_ad_reports2/releases/tag/EE-last_7_days
reports,ES,last_7_days,lagging,2025-10-04,2026-09-29,360,2479,1239,2025-10-04.rds,2025-10-06T05:33:37Z,11932,"['favstats/meta_ad_reports', 'favstats/meta_ad_reports2']",,,,[],ES-last_7_days,https://github.com/favstats/meta_ad_reports2/releases/tag/ES-last_7_days
reports,FI,last_7_days,lagging,2025-10-04,2026-09-29,360,2482,1240,2025-10-04.rds,2025-10-06T05:33:40Z,6060,"['favstats/meta_ad_reports', 'favstats/meta_ad_reports2']",,,,[],FI-last_7_days,https://github.com/favstats/meta_ad_reports2/releases/tag/FI-last_7_days
reports,FR,last_7_days,lagging,2025-10-04,2026-09-29,360,2480,1239,2025-10-04.rds,2025-10-06T05:33:47Z,12232,"['favstats/meta_ad_reports', 'favstats/meta_ad_reports2']",,,,[],FR-last_7_days,https://github.com/favstats/meta_ad_reports2/releases/tag/FR-last_7_days
reports,GR,last_7_days,lagging,2025-10-04,2026-09-29,360,2478,1238,2025-10-04.rds,2025-10-06T05:34:03Z,9760,"['favstats/meta_ad_reports', 'favstats/meta_ad_reports2']",,,,[],GR-last_7_days,https://github.com/favstats/meta_ad_reports2/releases/tag/GR-last_7_days
reports,HR,last_7_days,lagging,2025-10-04,2026-09-29,360,2482,1240,2025-10-04.rds,2025-10-06T05:34:21Z,4004,"['favstats/meta_ad_reports', 'favstats/meta_ad_reports2']",,,,[],HR-last_7_days,https://github.com/favstats/meta_ad_reports2/releases/tag/HR-last_7_days
reports,HU,last_7_days,lagging,2025-10-04,2026-09-29,360,2482,1240,2025-10-04.rds,2025-10-06T05:34:25Z,15880,"['favstats/meta_ad_reports', 'favstats/meta_ad_reports2']",,,,[],HU-last_7_days,https://github.com/favstats/meta_ad_reports2/releases/tag/HU-last_7_days
reports,IE,last_7_days,lagging,2025-10-04,2026-09-29,360,2474,1236,2025-10-04.rds,2025-10-06T05:34:27Z,4932,"['favstats/meta_ad_reports', 'favstats/meta_ad_reports2']",,,,[],IE-last_7_days,https://github.com/favstats/meta_ad_reports2/releases/tag/IE-last_7_days
reports,IT,last_7_days,lagging,2025-10-04,2026-09-29,360,2478,1239,2025-10-04.rds,2025-10-06T05:34:36Z,34560,"['favstats/meta_ad_reports', 'favstats/meta_ad_reports2']",,,,[],IT-last_7_days,https://github.com/favstats/meta_ad_reports2/releases/tag/IT-last_7_days
reports,LT,last_7_days,lagging,2025-10-04,2026-09-29,360,2478,1238,2025-10-04.rds,2025-10-06T05:35:22Z,4188,"['favstats/meta_ad_reports', 'favstats/meta_ad_reports2']",,,,[],LT-last_7_days,https://github.com/favstats/meta_ad_reports2/releases/tag/LT-last_7_days
reports,LU,last_7_days,lagging,2025-10-04,2026-09-29,360,2484,1241,2025-10-04.rds,2025-10-06T05:35:24Z,2876,"['favstats/meta_ad_reports', 'favstats/meta_ad_reports2']",,,,[],LU-last_7_days,https://github.com/favstats/meta_ad_reports2/releases/tag/LU-last_7_days
reports,LV,last_7_days,lagging,2025-10-04,2026-09-29,360,2483,1240,2025-10-04.rds,2025-10-06T05:35:25Z,2880,"['favstats/meta_ad_reports', 'favstats/meta_ad_reports2']",,,,[],LV-last_7_days,https://github.com/favstats/meta_ad_reports2/releases/tag/LV-last_7_days
reports,MT,last_7_days,lagging,2025-10-04,2026-09-29,360,2480,1239,2025-10-04.rds,2025-10-06T05:35:46Z,2796,"['favstats/meta_ad_reports', 'favstats/meta_ad_reports2']",,,,[],MT-last_7_days,https://github.com/favstats/meta_ad_reports2/releases/tag/MT-last_7_days
reports,NL,last_7_days,lagging,2025-10-04,2026-09-29,360,2482,1240,2025-10-04.rds,2025-10-06T05:36:03Z,9748,"['favstats/meta_ad_reports', 'favstats/meta_ad_reports2']",,,,[],NL-last_7_days,https://github.com/favstats/meta_ad_reports2/releases/tag/NL-last_7_days
reports,PL,last_7_days,lagging,2025-10-04,2026-09-29,360,2482,1240,2025-10-04.rds,2025-10-06T05:36:20Z,18056,"['favstats/meta_ad_reports', 'favstats/meta_ad_reports2']",,,,[],PL-last_7_days,https://github.com/favstats/meta_ad_reports2/releases/tag/PL-last_7_days
reports,PT,last_7_days,lagging,2025-10-04,2026-09-29,360,2478,1238,2025-10-04.rds,2025-10-06T05:36:23Z,5508,"['favstats/meta_ad_reports', 'favstats/meta_ad_reports2']",,,,[],PT-last_7_days,https://github.com/favstats/meta_ad_reports2/releases/tag/PT-last_7_days
reports,RO,last_7_days,lagging,2025-10-04,2026-09-29,360,2478,1238,2025-10-04.rds,2025-10-06T05:36:29Z,9328,"['favstats/meta_ad_reports', 'favstats/meta_ad_reports2']",,,,[],RO-last_7_days,https://github.com/favstats/meta_ad_reports2/releases/tag/RO-last_7_days
reports,SE,last_7_days,lagging,2025-10-04,2026-09-29,360,2482,1240,2025-10-04.rds,2025-10-06T05:36:38Z,14344,"['favstats/meta_ad_reports', 'favstats/meta_ad_reports2']",,,,[],SE-last_7_days,https://github.com/favstats/meta_ad_reports2/releases/tag/SE-last_7_days
reports,SI,last_7_days,lagging,2025-10-04,2026-09-29,360,2476,1237,2025-10-04.rds,2025-10-06T05:36:44Z,3488,"['favstats/meta_ad_reports', 'favstats/meta_ad_reports2']",,,,[],SI-last_7_days,https://github.com/favstats/meta_ad_reports2/releases/tag/SI-last_7_days
reports,SK,last_7_days,lagging,2025-10-04,2026-09-29,360,2478,1238,2025-10-04.rds,2025-10-06T05:36:46Z,9396,"['favstats/meta_ad_reports', 'favstats/meta_ad_reports2']",,,,[],SK-last_7_days,https://github.com/favstats/meta_ad_reports2/releases/tag/SK-last_7_days
reports,HK,last_90_days,empty_release,,2026-09-29,,0,0,,,,['favstats/meta_ad_reports2'],,,,[],HK-last_90_days,https://github.com/favstats/meta_ad_reports2/releases/tag/HK-last_90_days
reports,KR,last_90_days,empty_release,,2026-09-29,,0,0,,,,['favstats/meta_ad_reports2'],,,,[],KR-last_90_days,https://github.com/favstats/meta_ad_reports2/releases/tag/KR-last_90_days
reports,VI,last_90_days,empty_release,,2026-09-29,,0,0,,,,['favstats/meta_ad_reports2'],,,,[],VI-last_90_days,https://github.com/favstats/meta_ad_reports2/releases/tag/VI-last_90_days
reports,WF,last_90_days,empty_release,,2026-09-29,,0,0,,,,['favstats/meta_ad_reports2'],,,,[],WF-last_90_days,https://github.com/favstats/meta_ad_reports2/releases/tag/WF-last_90_days
reports,YT,last_90_days,empty_release,,2026-09-29,,0,0,,,,['favstats/meta_ad_reports2'],,,,[],YT-last_90_days,https://github.com/favstats/meta_ad_reports2/releases/tag/YT-last_90_days
reports,AD,last_90_days,fresh,2026-09-29,2026-09-29,0,2828,1413,2026-09-29.rds,2026-10-01T06:54:30Z,5756,"['favstats/meta_ad_reports', 'favstats/meta_ad_reports2']",,,,[],AD-last_90_days,https://github.com/favstats/meta_ad_reports2/releases/tag/AD-last_90_days
reports,AE,last_90_days,fresh,2026-09-29,2026-09-29,0,2746,1372,2026-09-29.rds,2026-10-01T06:54:32Z,34796,"['favstats/meta_ad_reports', 'favstats/meta_ad_reports2']",,,,[],AE-last_90_days,https://github.com/favstats/meta_ad_reports2/releases/tag/AE-last_90_days
reports,AG,last_90_days,fresh,2026-09-29,2026-09-29,0,2904,1451,2026-09-29.rds,2026-10-01T06:54:34Z,4268,"['favstats/meta_ad_reports', 'favstats/meta_ad_reports2']",,,,[],AG-last_90_days,https://github.com/favstats/meta_ad_reports2/releases/tag/AG-last_90_days
reports,AI,last_90_days,fresh,2026-09-29,2026-09-29,0,2902,1450,2026-09-29.rds,2026-10-01T06:54:36Z,2648,"['favstats/meta_ad_reports', 'favstats/meta_ad_reports2']",,,,[],AI-last_90_days,https://github.com/favstats/meta_ad_reports2/releases/tag/AI-last_90_days
reports,AL,last_90_days,fresh,2026-09-29,2026-09-29,0,3410,1704,2026-09-29.rds,2026-10-01T06:54:38Z,12060,"['favstats/meta_ad_reports', 'favstats/meta_ad_reports2']",,,,[],AL-last_90_days,https://github.com/favstats/meta_ad_reports2/releases/tag/AL-last_90_days
reports,AM,last_90_days,fresh,2026-09-29,2026-09-29,0,2834,1416,2026-09-29.rds,2026-10-01T06:54:40Z,11448,"['favstats/meta_ad_reports', 'favstats/meta_ad_reports2']",,,,[],AM-last_90_days,https://github.com/favstats/meta_ad_reports2/releases/tag/AM-last_90_days
reports,AO,last_90_days,fresh,2026-09-29,2026-09-29,0,2902,1450,2026-09-29.rds,2026-10-01T06:54:42Z,13368,"['favstats/meta_ad_reports', 'favstats/meta_ad_reports2']",,,,[],AO-last_90_days,https://github.com/favstats/meta_ad_reports2/releases/tag/AO-last_90_days
reports,AR,last_90_days,fresh,2026-09-29,2026-09-29,0,3404,1701,2026-09-29.rds,2026-10-01T06:54:44Z,76072,"['favstats/meta_ad_reports', 'favstats/meta_ad_reports2']",,,,[],AR-last_90_days,https://github.com/favstats/meta_ad_reports2/releases/tag/AR-last_90_days
reports,AU,last_90_days,fresh,2026-09-29,2026-09-29,0,3404,1701,2026-09-29.rds,2026-10-01T06:54:55Z,87812,"['favstats/meta_ad_reports', 'favstats/meta_ad_reports2']",,,,[],AU-last_90_days,https://github.com/favstats/meta_ad_reports2/releases/tag/AU-last_90_days
reports,AZ,last_90_days,fresh,2026-09-29,2026-09-29,0,2830,1414,2026-09-29.rds,2026-10-01T06:54:57Z,10900,"['favstats/meta_ad_reports', 'favstats/meta_ad_reports2']",,,,[],AZ-last_90_days,https://github.com/favstats/meta_ad_reports2/releases/tag/AZ-last_90_days
reports,BA,last_90_days,fresh,2026-09-29,2026-09-29,0,3083,1541,2026-09-29.rds,2026-10-01T06:54:59Z,27408,"['favstats/meta_ad_reports', 'favstats/meta_ad_reports2']",,,,[],BA-last_90_days,https://github.com/favstats/meta_ad_reports2/releases/tag/BA-last_90_days
reports,BB,last_90_days,fresh,2026-09-29,2026-09-29,0,2902,1450,2026-09-29.rds,2026-10-01T06:55:00Z,4816,"['favstats/meta_ad_reports', 'favstats/meta_ad_reports2']",,,,[],BB-last_90_days,https://github.com/favstats/meta_ad_reports2/releases/tag/BB-last_90_days
reports,BD,last_90_days,fresh,2026-09-29,2026-09-29,0,2750,1374,2026-09-29.rds,2026-10-01T06:55:02Z,49596,"['favstats/meta_ad_reports', 'favstats/meta_ad_reports2']",,,,[],BD-last_90_days,https://github.com/favstats/meta_ad_reports2/releases/tag/BD-last_90_days
reports,BF,last_90_days,fresh,2026-09-29,2026-09-29,0,3408,1703,2026-09-29.rds,2026-10-01T06:55:14Z,11592,"['favstats/meta_ad_reports', 'favstats/meta_ad_reports2']",,,,[],BF-last_90_days,https://github.com/favstats/meta_ad_reports2/releases/tag/BF-last_90_days
reports,BH,last_90_days,fresh,2026-09-29,2026-09-29,0,2750,1374,2026-09-29.rds,2026-10-01T06:55:34Z,13188,"['favstats/meta_ad_reports', 'favstats/meta_ad_reports2']",,,,[],BH-last_90_days,https://github.com/favstats/meta_ad_reports2/releases/tag/BH-last_90_days
reports,BI,last_90_days,fresh,2026-09-29,2026-09-29,0,2824,1411,2026-09-29.rds,2026-10-01T06:55:36Z,8308,"['favstats/meta_ad_reports', 'favstats/meta_ad_reports2']",,,,[],BI-last_90_days,https://github.com/favstats/meta_ad_reports2/releases/tag/BI-last_90_days
reports,BJ,last_90_days,fresh,2026-09-29,2026-09-29,0,3410,1704,2026-09-29.rds,2026-10-01T06:55:38Z,10148,"['favstats/meta_ad_reports', 'favstats/meta_ad_reports2']",,,,[],BJ-last_90_days,https://github.com/favstats/meta_ad_reports2/releases/tag/BJ-last_90_days
reports,BM,last_90_days,fresh,2026-09-29,2026-09-29,0,3086,1542,2026-09-29.rds,2026-10-01T06:55:41Z,4460,"['favstats/meta_ad_reports', 'favstats/meta_ad_reports2']",,,,[],BM-last_90_days,https://github.com/favstats/meta_ad_reports2/releases/tag/BM-last_90_days
reports,BN,last_90_days,fresh,2026-09-29,2026-09-29,0,2750,1374,2026-09-29.rds,2026-10-01T06:55:43Z,7708,"['favstats/meta_ad_reports', 'favstats/meta_ad_reports2']",,,,[],BN-last_90_days,https://github.com/favstats/meta_ad_reports2/releases/tag/BN-last_90_days
reports,BO,last_90_days,fresh,2026-09-29,2026-09-29,0,3404,1701,2026-09-29.rds,2026-10-01T06:55:45Z,15044,"['favstats/meta_ad_reports', 'favstats/meta_ad_reports2']",,,,[],BO-last_90_days,https://github.com/favstats/meta_ad_reports2/releases/tag/BO-last_90_days
reports,BR,last_90_days,fresh,2026-09-29,2026-09-29,0,3404,1701,2026-09-29.rds,2026-10-01T06:55:49Z,821556,"['favstats/meta_ad_reports', 'favstats/meta_ad_reports2']",,,,[],BR-last_90_days,https://github.com/favstats/meta_ad_reports2/releases/tag/BR-last_90_days
reports,BS,last_90_days,fresh,2026-09-29,2026-09-29,0,3084,1541,2026-09-29.rds,2026-10-01T06:55:52Z,6124,"['favstats/meta_ad_reports', 'favstats/meta_ad_reports2']",,,,[],BS-last_90_days,https://github.com/favstats/meta_ad_reports2/releases/tag/BS-last_90_days
reports,BT,last_90_days,fresh,2026-09-29,2026-09-29,0,2748,1373,2026-09-29.rds,2026-10-01T06:55:53Z,7604,"['favstats/meta_ad_reports', 'favstats/meta_ad_reports2']",,,,[],BT-last_90_days,https://github.com/favstats/meta_ad_reports2/releases/tag/BT-last_90_days
reports,BW,last_90_days,fresh,2026-09-29,2026-09-29,0,2830,1414,2026-09-29.rds,2026-10-01T06:55:56Z,9076,"['favstats/meta_ad_reports', 'favstats/meta_ad_reports2']",,,,[],BW-last_90_days,https://github.com/favstats/meta_ad_reports2/releases/tag/BW-last_90_days
reports,BY,last_90_days,fresh,2026-09-29,2026-09-29,0,2828,1413,2026-09-29.rds,2026-10-01T06:55:58Z,9844,"['favstats/meta_ad_reports', 'favstats/meta_ad_reports2']",,,,[],BY-last_90_days,https://github.com/favstats/meta_ad_reports2/releases/tag/BY-last_90_days
reports,BZ,last_90_days,fresh,2026-09-29,2026-09-29,0,3408,1703,2026-09-29.rds,2026-10-01T06:55:59Z,7588,"['favstats/meta_ad_reports', 'favstats/meta_ad_reports2']",,,,[],BZ-last_90_days,https://github.com/favstats/meta_ad_reports2/releases/tag/BZ-last_90_days
reports,CA,last_90_days,fresh,2026-09-29,2026-09-29,0,3405,1702,2026-09-29.rds,2026-10-01T06:56:02Z,191588,"['favstats/meta_ad_reports', 'favstats/meta_ad_reports2']",,,,[],CA-last_90_days,https://github.com/favstats/meta_ad_reports2/releases/tag/CA-last_90_days
reports,CD,last_90_days,fresh,2026-09-29,2026-09-29,0,2824,1411,2026-09-29.rds,2026-10-01T06:56:04Z,20480,"['favstats/meta_ad_reports', 'favstats/meta_ad_reports2']",,,,[],CD-last_90_days,https://github.com/favstats/meta_ad_reports2/releases/tag/CD-last_90_days
reports,CF,last_90_days,fresh,2026-09-29,2026-09-29,0,2832,1415,2026-09-29.rds,2026-10-01T06:56:06Z,7748,"['favstats/meta_ad_reports', 'favstats/meta_ad_reports2']",,,,[],CF-last_90_days,https://github.com/favstats/meta_ad_reports2/releases/tag/CF-last_90_days
reports,CG,last_90_days,fresh,2026-09-29,2026-09-29,0,3086,1542,2026-09-29.rds,2026-10-01T06:56:08Z,9760,"['favstats/meta_ad_reports', 'favstats/meta_ad_reports2']",,,,[],CG-last_90_days,https://github.com/favstats/meta_ad_reports2/releases/tag/CG-last_90_days
reports,CH,last_90_days,fresh,2026-09-29,2026-09-29,0,2832,1415,2026-09-29.rds,2026-10-01T06:56:10Z,35608,"['favstats/meta_ad_reports', 'favstats/meta_ad_reports2']",,,,[],CH-last_90_days,https://github.com/favstats/meta_ad_reports2/releases/tag/CH-last_90_days
reports,CI,last_90_days,fresh,2026-09-29,2026-09-29,0,3406,1702,2026-09-29.rds,2026-10-01T06:56:12Z,17472,"['favstats/meta_ad_reports', 'favstats/meta_ad_reports2']",,,,[],CI-last_90_days,https://github.com/favstats/meta_ad_reports2/releases/tag/CI-last_90_days
reports,CL,last_90_days,fresh,2026-09-29,2026-09-29,0,3404,1701,2026-09-29.rds,2026-10-01T06:56:14Z,33112,"['favstats/meta_ad_reports', 'favstats/meta_ad_reports2']",,,,[],CL-last_90_days,https://github.com/favstats/meta_ad_reports2/releases/tag/CL-last_90_days
reports,CM,last_90_days,fresh,2026-09-29,2026-09-29,0,2826,1412,2026-09-29.rds,2026-10-01T06:56:16Z,13352,"['favstats/meta_ad_reports', 'favstats/meta_ad_reports2']",,,,[],CM-last_90_days,https://github.com/favstats/meta_ad_reports2/releases/tag/CM-last_90_days
reports,CO,last_90_days,fresh,2026-09-29,2026-09-29,0,3402,1700,2026-09-29.rds,2026-10-01T06:56:18Z,70532,"['favstats/meta_ad_reports', 'favstats/meta_ad_reports2']",,,,[],CO-last_90_days,https://github.com/favstats/meta_ad_reports2/releases/tag/CO-last_90_days
reports,CR,last_90_days,fresh,2026-09-29,2026-09-29,0,2902,1450,2026-09-29.rds,2026-10-01T06:56:20Z,12960,"['favstats/meta_ad_reports', 'favstats/meta_ad_reports2']",,,,[],CR-last_90_days,https://github.com/favstats/meta_ad_reports2/releases/tag/CR-last_90_days
reports,CV,last_90_days,fresh,2026-09-29,2026-09-29,0,2830,1414,2026-09-29.rds,2026-10-01T06:56:22Z,8428,"['favstats/meta_ad_reports', 'favstats/meta_ad_reports2']",,,,[],CV-last_90_days,https://github.com/favstats/meta_ad_reports2/releases/tag/CV-last_90_days
reports,DJ,last_90_days,fresh,2026-09-29,2026-09-29,0,2834,1416,2026-09-29.rds,2026-10-01T06:57:01Z,6972,"['favstats/meta_ad_reports', 'favstats/meta_ad_reports2']",,,,[],DJ-last_90_days,https://github.com/favstats/meta_ad_reports2/releases/tag/DJ-last_90_days
reports,DM,last_90_days,fresh,2026-09-29,2026-09-29,0,2906,1452,2026-09-29.rds,2026-10-01T06:57:34Z,4136,"['favstats/meta_ad_reports', 'favstats/meta_ad_reports2']",,,,[],DM-last_90_days,https://github.com/favstats/meta_ad_reports2/releases/tag/DM-last_90_days
reports,DO,last_90_days,fresh,2026-09-29,2026-09-29,0,3406,1702,2026-09-29.rds,2026-10-01T06:57:36Z,17796,"['favstats/meta_ad_reports', 'favstats/meta_ad_reports2']",,,,[],DO-last_90_days,https://github.com/favstats/meta_ad_reports2/releases/tag/DO-last_90_days
reports,DZ,last_90_days,fresh,2026-09-29,2026-09-29,0,2833,1416,2026-09-29.rds,2026-10-01T06:57:38Z,22220,"['favstats/meta_ad_reports', 'favstats/meta_ad_reports2']",,,,[],DZ-last_90_days,https://github.com/favstats/meta_ad_reports2/releases/tag/DZ-last_90_days
reports,EC,last_90_days,fresh,2026-09-29,2026-09-29,0,3400,1699,2026-09-29.rds,2026-10-01T06:57:40Z,34928,"['favstats/meta_ad_reports', 'favstats/meta_ad_reports2']",,,,[],EC-last_90_days,https://github.com/favstats/meta_ad_reports2/releases/tag/EC-last_90_days
reports,EG,last_90_days,fresh,2026-09-29,2026-09-29,0,2826,1412,2026-09-29.rds,2026-10-01T06:57:52Z,38476,"['favstats/meta_ad_reports', 'favstats/meta_ad_reports2']",,,,[],EG-last_90_days,https://github.com/favstats/meta_ad_reports2/releases/tag/EG-last_90_days
reports,ER,last_90_days,fresh,2026-09-29,2026-09-29,0,2831,1415,2026-09-29.rds,2026-10-01T06:57:54Z,5000,"['favstats/meta_ad_reports', 'favstats/meta_ad_reports2']",,,,[],ER-last_90_days,https://github.com/favstats/meta_ad_reports2/releases/tag/ER-last_90_days
reports,ET,last_90_days,fresh,2026-09-29,2026-09-29,0,3402,1700,2026-09-29.rds,2026-10-01T06:58:05Z,12344,"['favstats/meta_ad_reports', 'favstats/meta_ad_reports2']",,,,[],ET-last_90_days,https://github.com/favstats/meta_ad_reports2/releases/tag/ET-last_90_days
reports,FJ,last_90_days,fresh,2026-09-29,2026-09-29,0,3085,1542,2026-09-29.rds,2026-10-01T06:58:17Z,89900,"['favstats/meta_ad_reports', 'favstats/meta_ad_reports2']",,,,[],FJ-last_90_days,https://github.com/favstats/meta_ad_reports2/releases/tag/FJ-last_90_days
reports,FK,last_90_days,fresh,2026-09-29,2026-09-29,0,3402,1700,2026-09-29.rds,2026-10-01T06:58:19Z,3424,"['favstats/meta_ad_reports', 'favstats/meta_ad_reports2']",,,,[],FK-last_90_days,https://github.com/favstats/meta_ad_reports2/releases/tag/FK-last_90_days
reports,FM,last_90_days,fresh,2026-09-29,2026-09-29,0,2830,1414,2026-09-29.rds,2026-10-01T06:58:21Z,4844,"['favstats/meta_ad_reports', 'favstats/meta_ad_reports2']",,,,[],FM-last_90_days,https://github.com/favstats/meta_ad_reports2/releases/tag/FM-last_90_days
reports,GA,last_90_days,fresh,2026-09-29,2026-09-29,0,2830,1414,2026-09-29.rds,2026-10-01T06:58:33Z,9152,"['favstats/meta_ad_reports', 'favstats/meta_ad_reports2']",,,,[],GA-last_90_days,https://github.com/favstats/meta_ad_reports2/releases/tag/GA-last_90_days
reports,GB,last_90_days,fresh,2026-09-29,2026-09-29,0,3398,1698,2026-09-29.rds,2026-10-01T06:58:35Z,106532,"['favstats/meta_ad_reports', 'favstats/meta_ad_reports2']",,,,[],GB-last_90_days,https://github.com/favstats/meta_ad_reports2/releases/tag/GB-last_90_days
reports,GD,last_90_days,fresh,2026-09-29,2026-09-29,0,2900,1449,2026-09-29.rds,2026-10-01T06:58:36Z,4508,"['favstats/meta_ad_reports', 'favstats/meta_ad_reports2']",,,,[],GD-last_90_days,https://github.com/favstats/meta_ad_reports2/releases/tag/GD-last_90_days
reports,GE,last_90_days,fresh,2026-09-29,2026-09-29,0,3406,1702,2026-09-29.rds,2026-10-01T06:58:38Z,17156,"['favstats/meta_ad_reports', 'favstats/meta_ad_reports2']",,,,[],GE-last_90_days,https://github.com/favstats/meta_ad_reports2/releases/tag/GE-last_90_days
reports,GG,last_90_days,fresh,2026-09-29,2026-09-29,0,2828,1413,2026-09-29.rds,2026-10-01T06:58:40Z,5304,"['favstats/meta_ad_reports', 'favstats/meta_ad_reports2']",,,,[],GG-last_90_days,https://github.com/favstats/meta_ad_reports2/releases/tag/GG-last_90_days
reports,GH,last_90_days,fresh,2026-09-29,2026-09-29,0,3406,1702,2026-09-29.rds,2026-10-01T06:58:43Z,16940,"['favstats/meta_ad_reports', 'favstats/meta_ad_reports2']",,,,[],GH-last_90_days,https://github.com/favstats/meta_ad_reports2/releases/tag/GH-last_90_days
reports,GI,last_90_days,fresh,2026-09-29,2026-09-29,0,2832,1415,2026-09-29.rds,2026-10-01T06:58:44Z,5324,"['favstats/meta_ad_reports', 'favstats/meta_ad_reports2']",,,,[],GI-last_90_days,https://github.com/favstats/meta_ad_reports2/releases/tag/GI-last_90_days
reports,GM,last_90_days,fresh,2026-09-29,2026-09-29,0,2830,1414,2026-09-29.rds,2026-10-01T06:58:46Z,8532,"['favstats/meta_ad_reports', 'favstats/meta_ad_reports2']",,,,[],GM-last_90_days,https://github.com/favstats/meta_ad_reports2/releases/tag/GM-last_90_days
reports,GN,last_90_days,fresh,2026-09-29,2026-09-29,0,2826,1412,2026-09-29.rds,2026-10-01T06:58:49Z,11660,"['favstats/meta_ad_reports', 'favstats/meta_ad_reports2']",,,,[],GN-last_90_days,https://github.com/favstats/meta_ad_reports2/releases/tag/GN-last_90_days
reports,GQ,last_90_days,fresh,2026-09-29,2026-09-29,0,2830,1414,2026-09-29.rds,2026-10-01T06:58:50Z,7404,"['favstats/meta_ad_reports', 'favstats/meta_ad_reports2']",,,,[],GQ-last_90_days,https://github.com/favstats/meta_ad_reports2/releases/tag/GQ-last_90_days
reports,GT,last_90_days,fresh,2026-09-29,2026-09-29,0,2898,1448,2026-09-29.rds,2026-10-01T06:59:03Z,15524,"['favstats/meta_ad_reports', 'favstats/meta_ad_reports2']",,,,[],GT-last_90_days,https://github.com/favstats/meta_ad_reports2/releases/tag/GT-last_90_days
reports,GW,last_90_days,fresh,2026-09-29,2026-09-29,0,2823,1410,2026-09-29.rds,2026-10-01T06:59:05Z,7728,"['favstats/meta_ad_reports', 'favstats/meta_ad_reports2']",,,,[],GW-last_90_days,https://github.com/favstats/meta_ad_reports2/releases/tag/GW-last_90_days
reports,GY,last_90_days,fresh,2026-09-29,2026-09-29,0,3396,1697,2026-09-29.rds,2026-10-01T06:59:07Z,7932,"['favstats/meta_ad_reports', 'favstats/meta_ad_reports2']",,,,[],GY-last_90_days,https://github.com/favstats/meta_ad_reports2/releases/tag/GY-last_90_days
reports,HN,last_90_days,fresh,2026-09-29,2026-09-29,0,3404,1701,2026-09-29.rds,2026-10-01T06:59:20Z,12660,"['favstats/meta_ad_reports', 'favstats/meta_ad_reports2']",,,,[],HN-last_90_days,https://github.com/favstats/meta_ad_reports2/releases/tag/HN-last_90_days
reports,HT,last_90_days,fresh,2026-09-29,2026-09-29,0,2898,1448,2026-09-29.rds,2026-10-01T06:59:30Z,8084,"['favstats/meta_ad_reports', 'favstats/meta_ad_reports2']",,,,[],HT-last_90_days,https://github.com/favstats/meta_ad_reports2/releases/tag/HT-last_90_days
reports,ID,last_90_days,fresh,2026-09-29,2026-09-29,0,3404,1701,2026-09-29.rds,2026-10-01T06:59:41Z,74660,"['favstats/meta_ad_reports', 'favstats/meta_ad_reports2']",,,,[],ID-last_90_days,https://github.com/favstats/meta_ad_reports2/releases/tag/ID-last_90_days
reports,IL,last_90_days,fresh,2026-09-29,2026-09-29,0,3406,1702,2026-09-29.rds,2026-10-01T06:59:54Z,41908,"['favstats/meta_ad_reports', 'favstats/meta_ad_reports2']",,,,[],IL-last_90_days,https://github.com/favstats/meta_ad_reports2/releases/tag/IL-last_90_days
reports,IM,last_90_days,fresh,2026-09-29,2026-09-29,0,2828,1413,2026-09-29.rds,2026-10-01T06:59:55Z,5976,"['favstats/meta_ad_reports', 'favstats/meta_ad_reports2']",,,,[],IM-last_90_days,https://github.com/favstats/meta_ad_reports2/releases/tag/IM-last_90_days
reports,IN,last_90_days,fresh,2026-09-29,2026-09-29,0,3400,1699,2026-09-29.rds,2026-10-01T06:59:59Z,543884,"['favstats/meta_ad_reports', 'favstats/meta_ad_reports2']",,,,[],IN-last_90_days,https://github.com/favstats/meta_ad_reports2/releases/tag/IN-last_90_days
reports,IQ,last_90_days,fresh,2026-09-29,2026-09-29,0,3408,1703,2026-09-29.rds,2026-10-01T07:00:02Z,68184,"['favstats/meta_ad_reports', 'favstats/meta_ad_reports2']",,,,[],IQ-last_90_days,https://github.com/favstats/meta_ad_reports2/releases/tag/IQ-last_90_days
reports,IS,last_90_days,fresh,2026-09-29,2026-09-29,0,3400,1699,2026-09-29.rds,2026-10-01T07:00:04Z,9932,"['favstats/meta_ad_reports', 'favstats/meta_ad_reports2']",,,,[],IS-last_90_days,https://github.com/favstats/meta_ad_reports2/releases/tag/IS-last_90_days
reports,JE,last_90_days,fresh,2026-09-29,2026-09-29,0,2826,1412,2026-09-29.rds,2026-10-01T07:00:14Z,5628,"['favstats/meta_ad_reports', 'favstats/meta_ad_reports2']",,,,[],JE-last_90_days,https://github.com/favstats/meta_ad_reports2/releases/tag/JE-last_90_days
reports,JM,last_90_days,fresh,2026-09-29,2026-09-29,0,2900,1449,2026-09-29.rds,2026-10-01T07:00:16Z,7320,"['favstats/meta_ad_reports', 'favstats/meta_ad_reports2']",,,,[],JM-last_90_days,https://github.com/favstats/meta_ad_reports2/releases/tag/JM-last_90_days
reports,JO,last_90_days,fresh,2026-09-29,2026-09-29,0,2748,1373,2026-09-29.rds,2026-10-01T07:00:19Z,20308,"['favstats/meta_ad_reports', 'favstats/meta_ad_reports2']",,,,[],JO-last_90_days,https://github.com/favstats/meta_ad_reports2/releases/tag/JO-last_90_days
reports,JP,last_90_days,fresh,2026-09-29,2026-09-29,0,3404,1701,2026-09-29.rds,2026-10-01T07:00:21Z,30228,"['favstats/meta_ad_reports', 'favstats/meta_ad_reports2']",,,,[],JP-last_90_days,https://github.com/favstats/meta_ad_reports2/releases/tag/JP-last_90_days
reports,KE,last_90_days,fresh,2026-09-29,2026-09-29,0,3406,1702,2026-09-29.rds,2026-10-01T07:00:23Z,25532,"['favstats/meta_ad_reports', 'favstats/meta_ad_reports2']",,,,[],KE-last_90_days,https://github.com/favstats/meta_ad_reports2/releases/tag/KE-last_90_days
reports,KG,last_90_days,fresh,2026-09-29,2026-09-29,0,3400,1699,2026-09-29.rds,2026-10-01T07:00:26Z,12004,"['favstats/meta_ad_reports', 'favstats/meta_ad_reports2']",,,,[],KG-last_90_days,https://github.com/favstats/meta_ad_reports2/releases/tag/KG-last_90_days
reports,KH,last_90_days,fresh,2026-09-29,2026-09-29,0,2750,1374,2026-09-29.rds,2026-10-01T07:00:28Z,17556,"['favstats/meta_ad_reports', 'favstats/meta_ad_reports2']",,,,[],KH-last_90_days,https://github.com/favstats/meta_ad_reports2/releases/tag/KH-last_90_days
reports,KI,last_90_days,fresh,2026-09-29,2026-09-29,0,2823,1410,2026-09-29.rds,2026-10-01T07:00:31Z,4344,"['favstats/meta_ad_reports', 'favstats/meta_ad_reports2']",,,,[],KI-last_90_days,https://github.com/favstats/meta_ad_reports2/releases/tag/KI-last_90_days
reports,KM,last_90_days,fresh,2026-09-29,2026-09-29,0,2824,1411,2026-09-29.rds,2026-10-01T07:00:33Z,33764,"['favstats/meta_ad_reports', 'favstats/meta_ad_reports2']",,,,[],KM-last_90_days,https://github.com/favstats/meta_ad_reports2/releases/tag/KM-last_90_days
reports,KN,last_90_days,fresh,2026-09-29,2026-09-29,0,2896,1447,2026-09-29.rds,2026-10-01T07:00:35Z,3984,"['favstats/meta_ad_reports', 'favstats/meta_ad_reports2']",,,,[],KN-last_90_days,https://github.com/favstats/meta_ad_reports2/releases/tag/KN-last_90_days
reports,KW,last_90_days,fresh,2026-09-29,2026-09-29,0,2748,1373,2026-09-29.rds,2026-10-01T07:00:46Z,19200,"['favstats/meta_ad_reports', 'favstats/meta_ad_reports2']",,,,[],KW-last_90_days,https://github.com/favstats/meta_ad_reports2/releases/tag/KW-last_90_days
reports,KY,last_90_days,fresh,2026-09-29,2026-09-29,0,3394,1696,2026-09-29.rds,2026-10-01T07:00:48Z,3720,"['favstats/meta_ad_reports', 'favstats/meta_ad_reports2']",,,,[],KY-last_90_days,https://github.com/favstats/meta_ad_reports2/releases/tag/KY-last_90_days
reports,KZ,last_90_days,fresh,2026-09-29,2026-09-29,0,2826,1412,2026-09-29.rds,2026-10-01T07:00:50Z,14060,"['favstats/meta_ad_reports', 'favstats/meta_ad_reports2']",,,,[],KZ-last_90_days,https://github.com/favstats/meta_ad_reports2/releases/tag/KZ-last_90_days
reports,LA,last_90_days,fresh,2026-09-29,2026-09-29,0,2746,1372,2026-09-29.rds,2026-10-01T07:00:51Z,9640,"['favstats/meta_ad_reports', 'favstats/meta_ad_reports2']",,,,[],LA-last_90_days,https://github.com/favstats/meta_ad_reports2/releases/tag/LA-last_90_days
reports,LB,last_90_days,fresh,2026-09-29,2026-09-29,0,3084,1541,2026-09-29.rds,2026-10-01T07:00:53Z,20904,"['favstats/meta_ad_reports', 'favstats/meta_ad_reports2']",,,,[],LB-last_90_days,https://github.com/favstats/meta_ad_reports2/releases/tag/LB-last_90_days
reports,LC,last_90_days,fresh,2026-09-29,2026-09-29,0,3392,1695,2026-09-29.rds,2026-10-01T07:00:55Z,4704,"['favstats/meta_ad_reports', 'favstats/meta_ad_reports2']",,,,[],LC-last_90_days,https://github.com/favstats/meta_ad_reports2/releases/tag/LC-last_90_days
reports,LI,last_90_days,fresh,2026-09-29,2026-09-29,0,2826,1412,2026-09-29.rds,2026-10-01T07:00:57Z,3492,"['favstats/meta_ad_reports', 'favstats/meta_ad_reports2']",,,,[],LI-last_90_days,https://github.com/favstats/meta_ad_reports2/releases/tag/LI-last_90_days
reports,LK,last_90_days,fresh,2026-09-29,2026-09-29,0,3398,1698,2026-09-29.rds,2026-10-01T07:00:58Z,16044,"['favstats/meta_ad_reports', 'favstats/meta_ad_reports2']",,,,[],LK-last_90_days,https://github.com/favstats/meta_ad_reports2/releases/tag/LK-last_90_days
reports,LR,last_90_days,fresh,2026-09-29,2026-09-29,0,2831,1415,2026-09-29.rds,2026-10-01T07:01:00Z,9452,"['favstats/meta_ad_reports', 'favstats/meta_ad_reports2']",,,,[],LR-last_90_days,https://github.com/favstats/meta_ad_reports2/releases/tag/LR-last_90_days
reports,LS,last_90_days,fresh,2026-09-29,2026-09-29,0,3082,1540,2026-09-29.rds,2026-10-01T07:01:01Z,6708,"['favstats/meta_ad_reports', 'favstats/meta_ad_reports2']",,,,[],LS-last_90_days,https://github.com/favstats/meta_ad_reports2/releases/tag/LS-last_90_days
reports,LY,last_90_days,fresh,2026-09-29,2026-09-29,0,2826,1412,2026-09-29.rds,2026-10-01T07:01:32Z,18236,"['favstats/meta_ad_reports', 'favstats/meta_ad_reports2']",,,,[],LY-last_90_days,https://github.com/favstats/meta_ad_reports2/releases/tag/LY-last_90_days
reports,MA,last_90_days,fresh,2026-09-29,2026-09-29,0,3398,1698,2026-09-29.rds,2026-10-01T07:01:34Z,33404,"['favstats/meta_ad_reports', 'favstats/meta_ad_reports2']",,,,[],MA-last_90_days,https://github.com/favstats/meta_ad_reports2/releases/tag/MA-last_90_days
reports,MC,last_90_days,fresh,2026-09-29,2026-09-29,0,2826,1412,2026-09-29.rds,2026-10-01T07:01:36Z,3984,"['favstats/meta_ad_reports', 'favstats/meta_ad_reports2']",,,,[],MC-last_90_days,https://github.com/favstats/meta_ad_reports2/releases/tag/MC-last_90_days
reports,MD,last_90_days,fresh,2026-09-29,2026-09-29,0,3398,1698,2026-09-29.rds,2026-10-01T07:01:38Z,13996,"['favstats/meta_ad_reports', 'favstats/meta_ad_reports2']",,,,[],MD-last_90_days,https://github.com/favstats/meta_ad_reports2/releases/tag/MD-last_90_days
reports,ME,last_90_days,fresh,2026-09-29,2026-09-29,0,3400,1699,2026-09-29.rds,2026-10-01T07:01:39Z,10760,"['favstats/meta_ad_reports', 'favstats/meta_ad_reports2']",,,,[],ME-last_90_days,https://github.com/favstats/meta_ad_reports2/releases/tag/ME-last_90_days
reports,MG,last_90_days,fresh,2026-09-29,2026-09-29,0,3400,1699,2026-09-29.rds,2026-10-01T07:01:41Z,11016,"['favstats/meta_ad_reports', 'favstats/meta_ad_reports2']",,,,[],MG-last_90_days,https://github.com/favstats/meta_ad_reports2/releases/tag/MG-last_90_days
reports,MH,last_90_days,fresh,2026-09-29,2026-09-29,0,2828,1413,2026-09-29.rds,2026-10-01T07:01:43Z,4292,"['favstats/meta_ad_reports', 'favstats/meta_ad_reports2']",,,,[],MH-last_90_days,https://github.com/favstats/meta_ad_reports2/releases/tag/MH-last_90_days
reports,MK,last_90_days,fresh,2026-09-29,2026-09-29,0,3402,1700,2026-09-29.rds,2026-10-01T07:01:45Z,13300,"['favstats/meta_ad_reports', 'favstats/meta_ad_reports2']",,,,[],MK-last_90_days,https://github.com/favstats/meta_ad_reports2/releases/tag/MK-last_90_days
reports,ML,last_90_days,fresh,2026-09-29,2026-09-29,0,3406,1702,2026-09-29.rds,2026-10-01T07:01:46Z,10964,"['favstats/meta_ad_reports', 'favstats/meta_ad_reports2']",,,,[],ML-last_90_days,https://github.com/favstats/meta_ad_reports2/releases/tag/ML-last_90_days
reports,MM,last_90_days,fresh,2026-09-29,2026-09-29,0,3400,1699,2026-09-29.rds,2026-10-01T07:01:48Z,9980,"['favstats/meta_ad_reports', 'favstats/meta_ad_reports2']",,,,[],MM-last_90_days,https://github.com/favstats/meta_ad_reports2/releases/tag/MM-last_90_days
reports,MN,last_90_days,fresh,2026-09-29,2026-09-29,0,3399,1699,2026-09-29.rds,2026-10-01T07:01:50Z,13716,"['favstats/meta_ad_reports', 'favstats/meta_ad_reports2']",,,,[],MN-last_90_days,https://github.com/favstats/meta_ad_reports2/releases/tag/MN-last_90_days
reports,MR,last_90_days,fresh,2026-09-29,2026-09-29,0,2827,1413,2026-09-29.rds,2026-10-01T07:01:53Z,11904,"['favstats/meta_ad_reports', 'favstats/meta_ad_reports2']",,,,[],MR-last_90_days,https://github.com/favstats/meta_ad_reports2/releases/tag/MR-last_90_days
reports,MS,last_90_days,fresh,2026-09-29,2026-09-29,0,2896,1447,2026-09-29.rds,2026-10-01T07:01:54Z,2216,"['favstats/meta_ad_reports', 'favstats/meta_ad_reports2']",,,,[],MS-last_90_days,https://github.com/favstats/meta_ad_reports2/releases/tag/MS-last_90_days
reports,MU,last_90_days,fresh,2026-09-29,2026-09-29,0,3396,1697,2026-09-29.rds,2026-10-01T07:02:06Z,8532,"['favstats/meta_ad_reports', 'favstats/meta_ad_reports2']",,,,[],MU-last_90_days,https://github.com/favstats/meta_ad_reports2/releases/tag/MU-last_90_days
reports,MV,last_90_days,fresh,2026-09-29,2026-09-29,0,2746,1372,2026-09-29.rds,2026-10-01T07:02:08Z,8972,"['favstats/meta_ad_reports', 'favstats/meta_ad_reports2']",,,,[],MV-last_90_days,https://github.com/favstats/meta_ad_reports2/releases/tag/MV-last_90_days
reports,MW,last_90_days,fresh,2026-09-29,2026-09-29,0,2826,1412,2026-09-29.rds,2026-10-01T07:02:09Z,8428,"['favstats/meta_ad_reports', 'favstats/meta_ad_reports2']",,,,[],MW-last_90_days,https://github.com/favstats/meta_ad_reports2/releases/tag/MW-last_90_days
reports,MX,last_90_days,fresh,2026-09-29,2026-09-29,0,3398,1698,2026-09-29.rds,2026-10-01T07:02:12Z,247236,"['favstats/meta_ad_reports', 'favstats/meta_ad_reports2']",,,,[],MX-last_90_days,https://github.com/favstats/meta_ad_reports2/releases/tag/MX-last_90_days
reports,MY,last_90_days,fresh,2026-09-29,2026-09-29,0,3400,1699,2026-09-29.rds,2026-10-01T07:02:16Z,44468,"['favstats/meta_ad_reports', 'favstats/meta_ad_reports2']",,,,[],MY-last_90_days,https://github.com/favstats/meta_ad_reports2/releases/tag/MY-last_90_days
reports,MZ,last_90_days,fresh,2026-09-29,2026-09-29,0,2824,1411,2026-09-29.rds,2026-10-01T07:02:18Z,10388,"['favstats/meta_ad_reports', 'favstats/meta_ad_reports2']",,,,[],MZ-last_90_days,https://github.com/favstats/meta_ad_reports2/releases/tag/MZ-last_90_days
reports,NA,last_90_days,fresh,2026-09-29,2026-09-29,0,2828,1413,2026-09-29.rds,2026-10-01T07:02:20Z,7928,"['favstats/meta_ad_reports', 'favstats/meta_ad_reports2']",,,,[],NA-last_90_days,https://github.com/favstats/meta_ad_reports2/releases/tag/NA-last_90_days
reports,NE,last_90_days,fresh,2026-09-29,2026-09-29,0,2824,1411,2026-09-29.rds,2026-10-01T07:02:21Z,9424,"['favstats/meta_ad_reports', 'favstats/meta_ad_reports2']",,,,[],NE-last_90_days,https://github.com/favstats/meta_ad_reports2/releases/tag/NE-last_90_days
reports,NG,last_90_days,fresh,2026-09-29,2026-09-29,0,3072,1535,2026-09-29.rds,2026-10-01T07:02:23Z,37752,"['favstats/meta_ad_reports', 'favstats/meta_ad_reports2']",,,,[],NG-last_90_days,https://github.com/favstats/meta_ad_reports2/releases/tag/NG-last_90_days
reports,NI,last_90_days,fresh,2026-09-29,2026-09-29,0,2904,1451,2026-09-29.rds,2026-10-01T07:02:25Z,9292,"['favstats/meta_ad_reports', 'favstats/meta_ad_reports2']",,,,[],NI-last_90_days,https://github.com/favstats/meta_ad_reports2/releases/tag/NI-last_90_days
reports,NO,last_90_days,fresh,2026-09-29,2026-09-29,0,3397,1698,2026-09-29.rds,2026-10-01T07:02:37Z,22616,"['favstats/meta_ad_reports', 'favstats/meta_ad_reports2']",,,,[],NO-last_90_days,https://github.com/favstats/meta_ad_reports2/releases/tag/NO-last_90_days
reports,NP,last_90_days,fresh,2026-09-29,2026-09-29,0,2745,1372,2026-09-29.rds,2026-10-01T07:02:40Z,21844,"['favstats/meta_ad_reports', 'favstats/meta_ad_reports2']",,,,[],NP-last_90_days,https://github.com/favstats/meta_ad_reports2/releases/tag/NP-last_90_days
reports,NR,last_90_days,fresh,2026-09-29,2026-09-29,0,2827,1413,2026-09-29.rds,2026-10-01T07:02:41Z,5316,"['favstats/meta_ad_reports', 'favstats/meta_ad_reports2']",,,,[],NR-last_90_days,https://github.com/favstats/meta_ad_reports2/releases/tag/NR-last_90_days
reports,NZ,last_90_days,fresh,2026-09-29,2026-09-29,0,3402,1700,2026-09-29.rds,2026-10-01T07:02:43Z,30496,"['favstats/meta_ad_reports', 'favstats/meta_ad_reports2']",,,,[],NZ-last_90_days,https://github.com/favstats/meta_ad_reports2/releases/tag/NZ-last_90_days
reports,OM,last_90_days,fresh,2026-09-29,2026-09-29,0,2739,1369,2026-09-29.rds,2026-10-01T07:02:46Z,15448,"['favstats/meta_ad_reports', 'favstats/meta_ad_reports2']",,,,[],OM-last_90_days,https://github.com/favstats/meta_ad_reports2/releases/tag/OM-last_90_days
reports,PA,last_90_days,fresh,2026-09-29,2026-09-29,0,2895,1447,2026-09-29.rds,2026-10-01T07:02:47Z,11696,"['favstats/meta_ad_reports', 'favstats/meta_ad_reports2']",,,,[],PA-last_90_days,https://github.com/favstats/meta_ad_reports2/releases/tag/PA-last_90_days
reports,PE,last_90_days,fresh,2026-09-29,2026-09-29,0,3405,1702,2026-09-29.rds,2026-10-01T07:02:50Z,90020,"['favstats/meta_ad_reports', 'favstats/meta_ad_reports2']",,,,[],PE-last_90_days,https://github.com/favstats/meta_ad_reports2/releases/tag/PE-last_90_days
reports,PG,last_90_days,fresh,2026-09-29,2026-09-29,0,3081,1540,2026-09-29.rds,2026-10-01T07:02:52Z,8408,"['favstats/meta_ad_reports', 'favstats/meta_ad_reports2']",,,,[],PG-last_90_days,https://github.com/favstats/meta_ad_reports2/releases/tag/PG-last_90_days
reports,PH,last_90_days,fresh,2026-09-29,2026-09-29,0,3400,1699,2026-09-29.rds,2026-10-01T07:02:55Z,78500,"['favstats/meta_ad_reports', 'favstats/meta_ad_reports2']",,,,[],PH-last_90_days,https://github.com/favstats/meta_ad_reports2/releases/tag/PH-last_90_days
reports,PK,last_90_days,fresh,2026-09-29,2026-09-29,0,2824,1411,2026-09-29.rds,2026-10-01T07:02:57Z,45052,"['favstats/meta_ad_reports', 'favstats/meta_ad_reports2']",,,,[],PK-last_90_days,https://github.com/favstats/meta_ad_reports2/releases/tag/PK-last_90_days
reports,PS,last_90_days,fresh,2026-09-29,2026-09-29,0,2746,1372,2026-09-29.rds,2026-10-01T07:03:07Z,12904,"['favstats/meta_ad_reports', 'favstats/meta_ad_reports2']",,,,[],PS-last_90_days,https://github.com/favstats/meta_ad_reports2/releases/tag/PS-last_90_days
reports,PW,last_90_days,fresh,2026-09-29,2026-09-29,0,3401,1700,2026-09-29.rds,2026-10-01T07:03:19Z,4528,"['favstats/meta_ad_reports', 'favstats/meta_ad_reports2']",,,,[],PW-last_90_days,https://github.com/favstats/meta_ad_reports2/releases/tag/PW-last_90_days
reports,PY,last_90_days,fresh,2026-09-29,2026-09-29,0,3394,1697,2026-09-29.rds,2026-10-01T07:03:21Z,28928,"['favstats/meta_ad_reports', 'favstats/meta_ad_reports2']",,,,[],PY-last_90_days,https://github.com/favstats/meta_ad_reports2/releases/tag/PY-last_90_days
reports,QA,last_90_days,fresh,2026-09-29,2026-09-29,0,2748,1373,2026-09-29.rds,2026-10-01T07:03:23Z,21152,"['favstats/meta_ad_reports', 'favstats/meta_ad_reports2']",,,,[],QA-last_90_days,https://github.com/favstats/meta_ad_reports2/releases/tag/QA-last_90_days
reports,RS,last_90_days,fresh,2026-09-29,2026-09-29,0,3398,1698,2026-09-29.rds,2026-10-01T07:03:34Z,19964,"['favstats/meta_ad_reports', 'favstats/meta_ad_reports2']",,,,[],RS-last_90_days,https://github.com/favstats/meta_ad_reports2/releases/tag/RS-last_90_days
reports,RW,last_90_days,fresh,2026-09-29,2026-09-29,0,2827,1412,2026-09-29.rds,2026-10-01T07:03:36Z,9592,"['favstats/meta_ad_reports', 'favstats/meta_ad_reports2']",,,,[],RW-last_90_days,https://github.com/favstats/meta_ad_reports2/releases/tag/RW-last_90_days
reports,SA,last_90_days,fresh,2026-09-29,2026-09-29,0,2744,1371,2026-09-29.rds,2026-10-01T07:03:38Z,33936,"['favstats/meta_ad_reports', 'favstats/meta_ad_reports2']",,,,[],SA-last_90_days,https://github.com/favstats/meta_ad_reports2/releases/tag/SA-last_90_days
reports,SB,last_90_days,fresh,2026-09-29,2026-09-29,0,2826,1412,2026-09-29.rds,2026-10-01T07:03:40Z,5544,"['favstats/meta_ad_reports', 'favstats/meta_ad_reports2']",,,,[],SB-last_90_days,https://github.com/favstats/meta_ad_reports2/releases/tag/SB-last_90_days
reports,SC,last_90_days,fresh,2026-09-29,2026-09-29,0,3400,1699,2026-09-29.rds,2026-10-01T07:03:42Z,6696,"['favstats/meta_ad_reports', 'favstats/meta_ad_reports2']",,,,[],SC-last_90_days,https://github.com/favstats/meta_ad_reports2/releases/tag/SC-last_90_days
reports,SG,last_90_days,fresh,2026-09-29,2026-09-29,0,3398,1698,2026-09-29.rds,2026-10-01T07:03:53Z,13332,"['favstats/meta_ad_reports', 'favstats/meta_ad_reports2']",,,,[],SG-last_90_days,https://github.com/favstats/meta_ad_reports2/releases/tag/SG-last_90_days
reports,SH,last_90_days,fresh,2026-09-29,2026-09-29,0,2828,1413,2026-09-29.rds,2026-10-01T07:03:55Z,3728,"['favstats/meta_ad_reports', 'favstats/meta_ad_reports2']",,,,[],SH-last_90_days,https://github.com/favstats/meta_ad_reports2/releases/tag/SH-last_90_days
reports,SL,last_90_days,fresh,2026-09-29,2026-09-29,0,3080,1539,2026-09-29.rds,2026-10-01T07:04:14Z,8892,"['favstats/meta_ad_reports', 'favstats/meta_ad_reports2']",,,,[],SL-last_90_days,https://github.com/favstats/meta_ad_reports2/releases/tag/SL-last_90_days
reports,SM,last_90_days,fresh,2026-09-29,2026-09-29,0,2828,1413,2026-09-29.rds,2026-10-01T07:04:16Z,3368,"['favstats/meta_ad_reports', 'favstats/meta_ad_reports2']",,,,[],SM-last_90_days,https://github.com/favstats/meta_ad_reports2/releases/tag/SM-last_90_days
reports,SN,last_90_days,fresh,2026-09-29,2026-09-29,0,3388,1693,2026-09-29.rds,2026-10-01T07:04:18Z,15564,"['favstats/meta_ad_reports', 'favstats/meta_ad_reports2']",,,,[],SN-last_90_days,https://github.com/favstats/meta_ad_reports2/releases/tag/SN-last_90_days
reports,SO,last_90_days,fresh,2026-09-29,2026-09-29,0,2824,1411,2026-09-29.rds,2026-10-01T07:04:20Z,11156,"['favstats/meta_ad_reports', 'favstats/meta_ad_reports2']",,,,[],SO-last_90_days,https://github.com/favstats/meta_ad_reports2/releases/tag/SO-last_90_days
reports,SR,last_90_days,fresh,2026-09-29,2026-09-29,0,3396,1697,2026-09-29.rds,2026-10-01T07:04:22Z,7124,"['favstats/meta_ad_reports', 'favstats/meta_ad_reports2']",,,,[],SR-last_90_days,https://github.com/favstats/meta_ad_reports2/releases/tag/SR-last_90_days
reports,SS,last_90_days,fresh,2026-09-29,2026-09-29,0,2834,1416,2026-09-29.rds,2026-10-01T07:04:24Z,9340,"['favstats/meta_ad_reports', 'favstats/meta_ad_reports2']",,,,[],SS-last_90_days,https://github.com/favstats/meta_ad_reports2/releases/tag/SS-last_90_days
reports,ST,last_90_days,fresh,2026-09-29,2026-09-29,0,3400,1699,2026-09-29.rds,2026-10-01T07:04:25Z,9164,"['favstats/meta_ad_reports', 'favstats/meta_ad_reports2']",,,,[],ST-last_90_days,https://github.com/favstats/meta_ad_reports2/releases/tag/ST-last_90_days
reports,SV,last_90_days,fresh,2026-09-29,2026-09-29,0,2898,1448,2026-09-29.rds,2026-10-01T07:04:27Z,14340,"['favstats/meta_ad_reports', 'favstats/meta_ad_reports2']",,,,[],SV-last_90_days,https://github.com/favstats/meta_ad_reports2/releases/tag/SV-last_90_days
reports,SZ,last_90_days,fresh,2026-09-29,2026-09-29,0,2828,1413,2026-09-29.rds,2026-10-01T07:04:29Z,6892,"['favstats/meta_ad_reports', 'favstats/meta_ad_reports2']",,,,[],SZ-last_90_days,https://github.com/favstats/meta_ad_reports2/releases/tag/SZ-last_90_days
reports,TC,last_90_days,fresh,2026-09-29,2026-09-29,0,2898,1448,2026-09-29.rds,2026-10-01T07:04:31Z,3656,"['favstats/meta_ad_reports', 'favstats/meta_ad_reports2']",,,,[],TC-last_90_days,https://github.com/favstats/meta_ad_reports2/releases/tag/TC-last_90_days
reports,TD,last_90_days,fresh,2026-09-29,2026-09-29,0,2822,1410,2026-09-29.rds,2026-10-01T07:04:33Z,9928,"['favstats/meta_ad_reports', 'favstats/meta_ad_reports2']",,,,[],TD-last_90_days,https://github.com/favstats/meta_ad_reports2/releases/tag/TD-last_90_days
reports,TG,last_90_days,fresh,2026-09-29,2026-09-29,0,2827,1413,2026-09-29.rds,2026-10-01T07:04:35Z,8860,"['favstats/meta_ad_reports', 'favstats/meta_ad_reports2']",,,,[],TG-last_90_days,https://github.com/favstats/meta_ad_reports2/releases/tag/TG-last_90_days
reports,TH,last_90_days,fresh,2026-09-29,2026-09-29,0,2745,1372,2026-09-29.rds,2026-10-01T07:04:37Z,37160,"['favstats/meta_ad_reports', 'favstats/meta_ad_reports2']",,,,[],TH-last_90_days,https://github.com/favstats/meta_ad_reports2/releases/tag/TH-last_90_days
reports,TJ,last_90_days,fresh,2026-09-29,2026-09-29,0,2823,1412,2026-09-29.rds,2026-10-01T07:04:39Z,11796,"['favstats/meta_ad_reports', 'favstats/meta_ad_reports2']",,,,[],TJ-last_90_days,https://github.com/favstats/meta_ad_reports2/releases/tag/TJ-last_90_days
reports,TL,last_90_days,fresh,2026-09-29,2026-09-29,0,2744,1371,2026-09-29.rds,2026-10-01T07:04:41Z,8516,"['favstats/meta_ad_reports', 'favstats/meta_ad_reports2']",,,,[],TL-last_90_days,https://github.com/favstats/meta_ad_reports2/releases/tag/TL-last_90_days
reports,TM,last_90_days,fresh,2026-09-29,2026-09-29,0,2825,1412,2026-09-29.rds,2026-10-01T07:04:42Z,5432,"['favstats/meta_ad_reports', 'favstats/meta_ad_reports2']",,,,[],TM-last_90_days,https://github.com/favstats/meta_ad_reports2/releases/tag/TM-last_90_days
reports,TN,last_90_days,fresh,2026-09-29,2026-09-29,0,3080,1539,2026-09-29.rds,2026-10-01T07:04:44Z,14948,"['favstats/meta_ad_reports', 'favstats/meta_ad_reports2']",,,,[],TN-last_90_days,https://github.com/favstats/meta_ad_reports2/releases/tag/TN-last_90_days
reports,TO,last_90_days,fresh,2026-09-29,2026-09-29,0,3402,1700,2026-09-29.rds,2026-10-01T07:04:46Z,5324,"['favstats/meta_ad_reports', 'favstats/meta_ad_reports2']",,,,[],TO-last_90_days,https://github.com/favstats/meta_ad_reports2/releases/tag/TO-last_90_days
reports,TR,last_90_days,fresh,2026-09-29,2026-09-29,0,3404,1701,2026-09-29.rds,2026-10-01T07:04:48Z,52708,"['favstats/meta_ad_reports', 'favstats/meta_ad_reports2']",,,,[],TR-last_90_days,https://github.com/favstats/meta_ad_reports2/releases/tag/TR-last_90_days
reports,TT,last_90_days,fresh,2026-09-29,2026-09-29,0,3400,1699,2026-09-29.rds,2026-10-01T07:04:51Z,7136,"['favstats/meta_ad_reports', 'favstats/meta_ad_reports2']",,,,[],TT-last_90_days,https://github.com/favstats/meta_ad_reports2/releases/tag/TT-last_90_days
reports,TV,last_90_days,fresh,2026-09-29,2026-09-29,0,2830,1414,2026-09-29.rds,2026-10-01T07:04:53Z,4660,"['favstats/meta_ad_reports', 'favstats/meta_ad_reports2']",,,,[],TV-last_90_days,https://github.com/favstats/meta_ad_reports2/releases/tag/TV-last_90_days
reports,TW,last_90_days,fresh,2026-09-29,2026-09-29,0,3404,1701,2026-09-29.rds,2026-10-01T07:04:55Z,35472,"['favstats/meta_ad_reports', 'favstats/meta_ad_reports2']",,,,[],TW-last_90_days,https://github.com/favstats/meta_ad_reports2/releases/tag/TW-last_90_days
reports,TZ,last_90_days,fresh,2026-09-29,2026-09-29,0,3398,1698,2026-09-29.rds,2026-10-01T07:04:56Z,13788,"['favstats/meta_ad_reports', 'favstats/meta_ad_reports2']",,,,[],TZ-last_90_days,https://github.com/favstats/meta_ad_reports2/releases/tag/TZ-last_90_days
reports,UA,last_90_days,fresh,2026-09-29,2026-09-29,0,3402,1700,2026-09-29.rds,2026-10-01T07:04:58Z,41756,"['favstats/meta_ad_reports', 'favstats/meta_ad_reports2']",,,,[],UA-last_90_days,https://github.com/favstats/meta_ad_reports2/releases/tag/UA-last_90_days
reports,UG,last_90_days,fresh,2026-09-29,2026-09-29,0,2824,1411,2026-09-29.rds,2026-10-01T07:05:00Z,10512,"['favstats/meta_ad_reports', 'favstats/meta_ad_reports2']",,,,[],UG-last_90_days,https://github.com/favstats/meta_ad_reports2/releases/tag/UG-last_90_days
reports,US,last_90_days,fresh,2026-09-29,2026-09-29,0,3440,1719,2026-09-29.rds,2026-10-01T07:05:04Z,636612,"['favstats/meta_ad_reports', 'favstats/meta_ad_reports2']",,,,[],US-last_90_days,https://github.com/favstats/meta_ad_reports2/releases/tag/US-last_90_days
reports,UY,last_90_days,fresh,2026-09-29,2026-09-29,0,3402,1700,2026-09-29.rds,2026-10-01T07:05:07Z,14404,"['favstats/meta_ad_reports', 'favstats/meta_ad_reports2']",,,,[],UY-last_90_days,https://github.com/favstats/meta_ad_reports2/releases/tag/UY-last_90_days
reports,UZ,last_90_days,fresh,2026-09-29,2026-09-29,0,2823,1410,2026-09-29.rds,2026-10-01T07:05:09Z,14548,"['favstats/meta_ad_reports', 'favstats/meta_ad_reports2']",,,,[],UZ-last_90_days,https://github.com/favstats/meta_ad_reports2/releases/tag/UZ-last_90_days
reports,VC,last_90_days,fresh,2026-09-29,2026-09-29,0,3402,1700,2026-09-29.rds,2026-10-01T07:05:10Z,4116,"['favstats/meta_ad_reports', 'favstats/meta_ad_reports2']",,,,[],VC-last_90_days,https://github.com/favstats/meta_ad_reports2/releases/tag/VC-last_90_days
reports,VE,last_90_days,fresh,2026-09-29,2026-09-29,0,2894,1446,2026-09-29.rds,2026-10-01T07:05:12Z,17152,"['favstats/meta_ad_reports', 'favstats/meta_ad_reports2']",,,,[],VE-last_90_days,https://github.com/favstats/meta_ad_reports2/releases/tag/VE-last_90_days
reports,VG,last_90_days,fresh,2026-09-29,2026-09-29,0,2900,1449,2026-09-29.rds,2026-10-01T07:05:14Z,3280,"['favstats/meta_ad_reports', 'favstats/meta_ad_reports2']",,,,[],VG-last_90_days,https://github.com/favstats/meta_ad_reports2/releases/tag/VG-last_90_days
reports,VN,last_90_days,fresh,2026-09-29,2026-09-29,0,2744,1371,2026-09-29.rds,2026-10-01T07:05:25Z,20496,"['favstats/meta_ad_reports', 'favstats/meta_ad_reports2']",,,,[],VN-last_90_days,https://github.com/favstats/meta_ad_reports2/releases/tag/VN-last_90_days
reports,VU,last_90_days,fresh,2026-09-29,2026-09-29,0,2822,1410,2026-09-29.rds,2026-10-01T07:05:27Z,5196,"['favstats/meta_ad_reports', 'favstats/meta_ad_reports2']",,,,[],VU-last_90_days,https://github.com/favstats/meta_ad_reports2/releases/tag/VU-last_90_days
reports,WS,last_90_days,fresh,2026-09-29,2026-09-29,0,3396,1697,2026-09-29.rds,2026-10-01T07:05:37Z,5800,"['favstats/meta_ad_reports', 'favstats/meta_ad_reports2']",,,,[],WS-last_90_days,https://github.com/favstats/meta_ad_reports2/releases/tag/WS-last_90_days
reports,XK,last_90_days,fresh,2026-09-29,2026-09-29,0,305,152,2026-09-29.rds,2026-10-01T07:05:39Z,10764,['favstats/meta_ad_reports2'],,,,[],XK-last_90_days,https://github.com/favstats/meta_ad_reports2/releases/tag/XK-last_90_days
reports,YE,last_90_days,fresh,2026-09-29,2026-09-29,0,2746,1372,2026-09-29.rds,2026-10-01T07:05:41Z,13264,"['favstats/meta_ad_reports', 'favstats/meta_ad_reports2']",,,,[],YE-last_90_days,https://github.com/favstats/meta_ad_reports2/releases/tag/YE-last_90_days
reports,ZA,last_90_days,fresh,2026-09-29,2026-09-29,0,3398,1698,2026-09-29.rds,2026-10-01T19:06:27Z,29420,"['favstats/meta_ad_reports', 'favstats/meta_ad_reports2']",,,,[],ZA-last_90_days,https://github.com/favstats/meta_ad_reports2/releases/tag/ZA-last_90_days
reports,ZM,last_90_days,fresh,2026-09-29,2026-09-29,0,3402,1700,2026-09-29.rds,2026-10-01T19:06:29Z,15548,"['favstats/meta_ad_reports', 'favstats/meta_ad_reports2']",,,,[],ZM-last_90_days,https://github.com/favstats/meta_ad_reports2/releases/tag/ZM-last_90_days
reports,ZW,last_90_days,fresh,2026-09-29,2026-09-29,0,2826,1412,2026-09-29.rds,2026-10-01T19:06:32Z,9628,"['favstats/meta_ad_reports', 'favstats/meta_ad_reports2']",,,,[],ZW-last_90_days,https://github.com/favstats/meta_ad_reports2/releases/tag/ZW-last_90_days
reports,AT,last_90_days,lagging,2025-10-04,2026-09-29,360,2726,1362,2025-10-04.rds,2025-10-06T01:49:59Z,33436,"['favstats/meta_ad_reports', 'favstats/meta_ad_reports2']",,,,[],AT-last_90_days,https://github.com/favstats/meta_ad_reports2/releases/tag/AT-last_90_days
reports,BE,last_90_days,lagging,2025-10-04,2026-09-29,360,2730,1364,2025-10-04.rds,2025-10-06T01:50:06Z,40148,"['favstats/meta_ad_reports', 'favstats/meta_ad_reports2']",,,,[],BE-last_90_days,https://github.com/favstats/meta_ad_reports2/releases/tag/BE-last_90_days
reports,BG,last_90_days,lagging,2025-10-04,2026-09-29,360,2726,1362,2025-10-04.rds,2025-10-06T01:50:08Z,18460,"['favstats/meta_ad_reports', 'favstats/meta_ad_reports2']",,,,[],BG-last_90_days,https://github.com/favstats/meta_ad_reports2/releases/tag/BG-last_90_days
reports,CY,last_90_days,lagging,2025-10-04,2026-09-29,360,2729,1364,2025-10-04.rds,2025-10-06T01:50:37Z,15472,"['favstats/meta_ad_reports', 'favstats/meta_ad_reports2']",,,,[],CY-last_90_days,https://github.com/favstats/meta_ad_reports2/releases/tag/CY-last_90_days
reports,CZ,last_90_days,lagging,2025-10-04,2026-09-29,360,2728,1363,2025-10-04.rds,2025-10-06T01:50:38Z,37896,"['favstats/meta_ad_reports', 'favstats/meta_ad_reports2']",,,,[],CZ-last_90_days,https://github.com/favstats/meta_ad_reports2/releases/tag/CZ-last_90_days
reports,DE,last_90_days,lagging,2025-10-04,2026-09-29,360,2728,1363,2025-10-04.rds,2025-10-06T01:50:39Z,119120,"['favstats/meta_ad_reports', 'favstats/meta_ad_reports2']",,,,[],DE-last_90_days,https://github.com/favstats/meta_ad_reports2/releases/tag/DE-last_90_days
reports,DK,last_90_days,lagging,2025-10-04,2026-09-29,360,2728,1363,2025-10-04.rds,2025-10-06T01:50:42Z,52972,"['favstats/meta_ad_reports', 'favstats/meta_ad_reports2']",,,,[],DK-last_90_days,https://github.com/favstats/meta_ad_reports2/releases/tag/DK-last_90_days
reports,EE,last_90_days,lagging,2025-10-04,2026-09-29,360,2724,1361,2025-10-04.rds,2025-10-06T01:50:47Z,19368,"['favstats/meta_ad_reports', 'favstats/meta_ad_reports2']",,,,[],EE-last_90_days,https://github.com/favstats/meta_ad_reports2/releases/tag/EE-last_90_days
reports,ES,last_90_days,lagging,2025-10-04,2026-09-29,360,2726,1362,2025-10-04.rds,2025-10-06T01:50:51Z,49168,"['favstats/meta_ad_reports', 'favstats/meta_ad_reports2']",,,,[],ES-last_90_days,https://github.com/favstats/meta_ad_reports2/releases/tag/ES-last_90_days
reports,FI,last_90_days,lagging,2025-10-04,2026-09-29,360,2727,1363,2025-10-04.rds,2025-10-06T01:50:53Z,23052,"['favstats/meta_ad_reports', 'favstats/meta_ad_reports2']",,,,[],FI-last_90_days,https://github.com/favstats/meta_ad_reports2/releases/tag/FI-last_90_days
reports,FR,last_90_days,lagging,2025-10-04,2026-09-29,360,2725,1362,2025-10-04.rds,2025-10-06T01:50:58Z,65724,"['favstats/meta_ad_reports', 'favstats/meta_ad_reports2']",,,,[],FR-last_90_days,https://github.com/favstats/meta_ad_reports2/releases/tag/FR-last_90_days
reports,GR,last_90_days,lagging,2025-10-04,2026-09-29,360,2723,1361,2025-10-04.rds,2025-10-06T01:51:10Z,32348,"['favstats/meta_ad_reports', 'favstats/meta_ad_reports2']",,,,[],GR-last_90_days,https://github.com/favstats/meta_ad_reports2/releases/tag/GR-last_90_days
reports,HR,last_90_days,lagging,2025-10-04,2026-09-29,360,2726,1362,2025-10-04.rds,2025-10-06T01:51:24Z,17148,"['favstats/meta_ad_reports', 'favstats/meta_ad_reports2']",,,,[],HR-last_90_days,https://github.com/favstats/meta_ad_reports2/releases/tag/HR-last_90_days
reports,HU,last_90_days,lagging,2025-10-04,2026-09-29,360,2727,1363,2025-10-04.rds,2025-10-06T01:51:26Z,39792,"['favstats/meta_ad_reports', 'favstats/meta_ad_reports2']",,,,[],HU-last_90_days,https://github.com/favstats/meta_ad_reports2/releases/tag/HU-last_90_days
reports,IE,last_90_days,lagging,2025-10-04,2026-09-29,360,2720,1360,2025-10-04.rds,2025-10-06T01:51:29Z,24132,"['favstats/meta_ad_reports', 'favstats/meta_ad_reports2']",,,,[],IE-last_90_days,https://github.com/favstats/meta_ad_reports2/releases/tag/IE-last_90_days
reports,IT,last_90_days,lagging,2025-10-04,2026-09-29,360,2725,1362,2025-10-04.rds,2025-10-06T01:51:38Z,107612,"['favstats/meta_ad_reports', 'favstats/meta_ad_reports2']",,,,[],IT-last_90_days,https://github.com/favstats/meta_ad_reports2/releases/tag/IT-last_90_days
reports,LT,last_90_days,lagging,2025-10-04,2026-09-29,360,2724,1361,2025-10-04.rds,2025-10-06T01:52:13Z,15132,"['favstats/meta_ad_reports', 'favstats/meta_ad_reports2']",,,,[],LT-last_90_days,https://github.com/favstats/meta_ad_reports2/releases/tag/LT-last_90_days
reports,LU,last_90_days,lagging,2025-10-04,2026-09-29,360,2730,1364,2025-10-04.rds,2025-10-06T01:52:14Z,12444,"['favstats/meta_ad_reports', 'favstats/meta_ad_reports2']",,,,[],LU-last_90_days,https://github.com/favstats/meta_ad_reports2/releases/tag/LU-last_90_days
reports,LV,last_90_days,lagging,2025-10-04,2026-09-29,360,2730,1364,2025-10-04.rds,2025-10-06T01:52:15Z,11888,"['favstats/meta_ad_reports', 'favstats/meta_ad_reports2']",,,,[],LV-last_90_days,https://github.com/favstats/meta_ad_reports2/releases/tag/LV-last_90_days
reports,MT,last_90_days,lagging,2025-10-04,2026-09-29,360,2723,1361,2025-10-04.rds,2025-10-06T01:52:33Z,12220,"['favstats/meta_ad_reports', 'favstats/meta_ad_reports2']",,,,[],MT-last_90_days,https://github.com/favstats/meta_ad_reports2/releases/tag/MT-last_90_days
reports,NL,last_90_days,lagging,2025-10-04,2026-09-29,360,2726,1363,2025-10-04.rds,2025-10-06T01:52:47Z,36696,"['favstats/meta_ad_reports', 'favstats/meta_ad_reports2']",,,,[],NL-last_90_days,https://github.com/favstats/meta_ad_reports2/releases/tag/NL-last_90_days
reports,PL,last_90_days,lagging,2025-10-04,2026-09-29,360,2725,1362,2025-10-04.rds,2025-10-06T01:53:01Z,65488,"['favstats/meta_ad_reports', 'favstats/meta_ad_reports2']",,,,[],PL-last_90_days,https://github.com/favstats/meta_ad_reports2/releases/tag/PL-last_90_days
reports,PT,last_90_days,lagging,2025-10-04,2026-09-29,360,2720,1360,2025-10-04.rds,2025-10-06T01:53:03Z,30404,"['favstats/meta_ad_reports', 'favstats/meta_ad_reports2']",,,,[],PT-last_90_days,https://github.com/favstats/meta_ad_reports2/releases/tag/PT-last_90_days
reports,RO,last_90_days,lagging,2025-10-04,2026-09-29,360,2722,1361,2025-10-04.rds,2025-10-06T01:53:08Z,32512,"['favstats/meta_ad_reports', 'favstats/meta_ad_reports2']",,,,[],RO-last_90_days,https://github.com/favstats/meta_ad_reports2/releases/tag/RO-last_90_days
reports,SE,last_90_days,lagging,2025-10-04,2026-09-29,360,2729,1364,2025-10-04.rds,2025-10-06T01:53:16Z,41864,"['favstats/meta_ad_reports', 'favstats/meta_ad_reports2']",,,,[],SE-last_90_days,https://github.com/favstats/meta_ad_reports2/releases/tag/SE-last_90_days
reports,SI,last_90_days,lagging,2025-10-04,2026-09-29,360,2721,1360,2025-10-04.rds,2025-10-06T01:53:19Z,13068,"['favstats/meta_ad_reports', 'favstats/meta_ad_reports2']",,,,[],SI-last_90_days,https://github.com/favstats/meta_ad_reports2/releases/tag/SI-last_90_days
reports,SK,last_90_days,lagging,2025-10-04,2026-09-29,360,2722,1361,2025-10-04.rds,2025-10-06T01:53:21Z,25820,"['favstats/meta_ad_reports', 'favstats/meta_ad_reports2']",,,,[],SK-last_90_days,https://github.com/favstats/meta_ad_reports2/releases/tag/SK-last_90_days
reports,HK,lifelong,empty_release,,2026-09-29,,0,0,,,,['favstats/meta_ad_reports2'],,,,[],HK-lifelong,https://github.com/favstats/meta_ad_reports2/releases/tag/HK-lifelong
reports,KR,lifelong,empty_release,,2026-09-29,,0,0,,,,['favstats/meta_ad_reports2'],,,,[],KR-lifelong,https://github.com/favstats/meta_ad_reports2/releases/tag/KR-lifelong
reports,VI,lifelong,empty_release,,2026-09-29,,0,0,,,,['favstats/meta_ad_reports2'],,,,[],VI-lifelong,https://github.com/favstats/meta_ad_reports2/releases/tag/VI-lifelong
reports,WF,lifelong,empty_release,,2026-09-29,,0,0,,,,['favstats/meta_ad_reports2'],,,,[],WF-lifelong,https://github.com/favstats/meta_ad_reports2/releases/tag/WF-lifelong
reports,YT,lifelong,empty_release,,2026-09-29,,0,0,,,,['favstats/meta_ad_reports2'],,,,[],YT-lifelong,https://github.com/favstats/meta_ad_reports2/releases/tag/YT-lifelong
reports,AD,lifelong,fresh,2026-09-29,2026-09-29,0,2850,1424,2026-09-29.rds,2026-10-01T11:32:27Z,56744,"['favstats/meta_ad_reports', 'favstats/meta_ad_reports2']",,,,[],AD-lifelong,https://github.com/favstats/meta_ad_reports2/releases/tag/AD-lifelong
reports,AE,lifelong,fresh,2026-09-29,2026-09-29,0,2770,1384,2026-09-29.rds,2026-10-01T11:32:29Z,308888,"['favstats/meta_ad_reports', 'favstats/meta_ad_reports2']",,,,[],AE-lifelong,https://github.com/favstats/meta_ad_reports2/releases/tag/AE-lifelong
reports,AG,lifelong,fresh,2026-09-29,2026-09-29,0,2924,1461,2026-09-29.rds,2026-10-01T11:32:31Z,45640,"['favstats/meta_ad_reports', 'favstats/meta_ad_reports2']",,,,[],AG-lifelong,https://github.com/favstats/meta_ad_reports2/releases/tag/AG-lifelong
reports,AI,lifelong,fresh,2026-09-29,2026-09-29,0,2926,1462,2026-09-29.rds,2026-10-01T11:32:33Z,24188,"['favstats/meta_ad_reports', 'favstats/meta_ad_reports2']",,,,[],AI-lifelong,https://github.com/favstats/meta_ad_reports2/releases/tag/AI-lifelong
reports,AL,lifelong,fresh,2026-09-29,2026-09-29,0,3254,1626,2026-09-29.rds,2026-10-01T11:32:36Z,174412,"['favstats/meta_ad_reports', 'favstats/meta_ad_reports2']",,,,[],AL-lifelong,https://github.com/favstats/meta_ad_reports2/releases/tag/AL-lifelong
reports,AM,lifelong,fresh,2026-09-29,2026-09-29,0,2854,1426,2026-09-29.rds,2026-10-01T11:32:38Z,103004,"['favstats/meta_ad_reports', 'favstats/meta_ad_reports2']",,,,[],AM-lifelong,https://github.com/favstats/meta_ad_reports2/releases/tag/AM-lifelong
reports,AO,lifelong,fresh,2026-09-29,2026-09-29,0,2922,1460,2026-09-29.rds,2026-10-01T11:32:40Z,119972,"['favstats/meta_ad_reports', 'favstats/meta_ad_reports2']",,,,[],AO-lifelong,https://github.com/favstats/meta_ad_reports2/releases/tag/AO-lifelong
reports,AR,lifelong,fresh,2026-09-29,2026-09-29,0,3250,1624,2026-09-29.rds,2026-10-01T11:32:45Z,962444,"['favstats/meta_ad_reports', 'favstats/meta_ad_reports2']",,,,[],AR-lifelong,https://github.com/favstats/meta_ad_reports2/releases/tag/AR-lifelong
reports,AT,lifelong,fresh,2026-09-29,2026-09-29,0,3250,1624,2026-09-29.rds,2026-10-01T11:32:48Z,471352,"['favstats/meta_ad_reports', 'favstats/meta_ad_reports2']",,,,[],AT-lifelong,https://github.com/favstats/meta_ad_reports2/releases/tag/AT-lifelong
reports,AU,lifelong,fresh,2026-09-29,2026-09-29,0,3250,1624,2026-09-29.rds,2026-10-01T11:32:52Z,924280,"['favstats/meta_ad_reports', 'favstats/meta_ad_reports2']",,,,[],AU-lifelong,https://github.com/favstats/meta_ad_reports2/releases/tag/AU-lifelong
reports,AZ,lifelong,fresh,2026-09-29,2026-09-29,0,2854,1426,2026-09-29.rds,2026-10-01T11:32:56Z,101828,"['favstats/meta_ad_reports', 'favstats/meta_ad_reports2']",,,,[],AZ-lifelong,https://github.com/favstats/meta_ad_reports2/releases/tag/AZ-lifelong
reports,BA,lifelong,fresh,2026-09-29,2026-09-29,0,3094,1546,2026-09-29.rds,2026-10-01T11:32:58Z,178136,"['favstats/meta_ad_reports', 'favstats/meta_ad_reports2']",,,,[],BA-lifelong,https://github.com/favstats/meta_ad_reports2/releases/tag/BA-lifelong
reports,BB,lifelong,fresh,2026-09-29,2026-09-29,0,2923,1461,2026-09-29.rds,2026-10-01T11:33:00Z,48516,"['favstats/meta_ad_reports', 'favstats/meta_ad_reports2']",,,,[],BB-lifelong,https://github.com/favstats/meta_ad_reports2/releases/tag/BB-lifelong
reports,BD,lifelong,fresh,2026-09-29,2026-09-29,0,2772,1385,2026-09-29.rds,2026-10-01T11:33:04Z,489496,"['favstats/meta_ad_reports', 'favstats/meta_ad_reports2']",,,,[],BD-lifelong,https://github.com/favstats/meta_ad_reports2/releases/tag/BD-lifelong
reports,BE,lifelong,fresh,2026-09-29,2026-09-29,0,3254,1626,2026-09-29.rds,2026-10-01T11:33:07Z,610324,"['favstats/meta_ad_reports', 'favstats/meta_ad_reports2']",,,,[],BE-lifelong,https://github.com/favstats/meta_ad_reports2/releases/tag/BE-lifelong
reports,BF,lifelong,fresh,2026-09-29,2026-09-29,0,3250,1625,2026-09-29.rds,2026-10-01T11:33:10Z,159048,"['favstats/meta_ad_reports', 'favstats/meta_ad_reports2']",,,,[],BF-lifelong,https://github.com/favstats/meta_ad_reports2/releases/tag/BF-lifelong
reports,BG,lifelong,fresh,2026-09-29,2026-09-29,0,3250,1624,2026-09-29.rds,2026-10-01T11:33:14Z,315780,"['favstats/meta_ad_reports', 'favstats/meta_ad_reports2']",,,,[],BG-lifelong,https://github.com/favstats/meta_ad_reports2/releases/tag/BG-lifelong
reports,BH,lifelong,fresh,2026-09-29,2026-09-29,0,2772,1385,2026-09-29.rds,2026-10-01T11:33:16Z,116900,"['favstats/meta_ad_reports', 'favstats/meta_ad_reports2']",,,,[],BH-lifelong,https://github.com/favstats/meta_ad_reports2/releases/tag/BH-lifelong
reports,BI,lifelong,fresh,2026-09-29,2026-09-29,0,2852,1425,2026-09-29.rds,2026-10-01T11:33:18Z,76760,"['favstats/meta_ad_reports', 'favstats/meta_ad_reports2']",,,,[],BI-lifelong,https://github.com/favstats/meta_ad_reports2/releases/tag/BI-lifelong
reports,BJ,lifelong,fresh,2026-09-29,2026-09-29,0,3251,1625,2026-09-29.rds,2026-10-01T11:33:20Z,127128,"['favstats/meta_ad_reports', 'favstats/meta_ad_reports2']",,,,[],BJ-lifelong,https://github.com/favstats/meta_ad_reports2/releases/tag/BJ-lifelong
reports,BM,lifelong,fresh,2026-09-29,2026-09-29,0,3098,1548,2026-09-29.rds,2026-10-01T11:33:22Z,44284,"['favstats/meta_ad_reports', 'favstats/meta_ad_reports2']",,,,[],BM-lifelong,https://github.com/favstats/meta_ad_reports2/releases/tag/BM-lifelong
reports,BN,lifelong,fresh,2026-09-29,2026-09-29,0,2774,1386,2026-09-29.rds,2026-10-01T11:33:25Z,62440,"['favstats/meta_ad_reports', 'favstats/meta_ad_reports2']",,,,[],BN-lifelong,https://github.com/favstats/meta_ad_reports2/releases/tag/BN-lifelong
reports,BO,lifelong,fresh,2026-09-29,2026-09-29,0,3250,1624,2026-09-29.rds,2026-10-01T11:33:28Z,290500,"['favstats/meta_ad_reports', 'favstats/meta_ad_reports2']",,,,[],BO-lifelong,https://github.com/favstats/meta_ad_reports2/releases/tag/BO-lifelong
reports,BR,lifelong,fresh,2026-09-29,2026-09-29,0,3249,1624,2026-09-29.rds,2026-10-01T11:33:53Z,6920036,"['favstats/meta_ad_reports', 'favstats/meta_ad_reports2']",,,,[],BR-lifelong,https://github.com/favstats/meta_ad_reports2/releases/tag/BR-lifelong
reports,BS,lifelong,fresh,2026-09-29,2026-09-29,0,3097,1548,2026-09-29.rds,2026-10-01T11:34:00Z,61548,"['favstats/meta_ad_reports', 'favstats/meta_ad_reports2']",,,,[],BS-lifelong,https://github.com/favstats/meta_ad_reports2/releases/tag/BS-lifelong
reports,BT,lifelong,fresh,2026-09-29,2026-09-29,0,2770,1384,2026-09-29.rds,2026-10-01T11:34:02Z,73256,"['favstats/meta_ad_reports', 'favstats/meta_ad_reports2']",,,,[],BT-lifelong,https://github.com/favstats/meta_ad_reports2/releases/tag/BT-lifelong
reports,BW,lifelong,fresh,2026-09-29,2026-09-29,0,2852,1425,2026-09-29.rds,2026-10-01T11:34:04Z,86408,"['favstats/meta_ad_reports', 'favstats/meta_ad_reports2']",,,,[],BW-lifelong,https://github.com/favstats/meta_ad_reports2/releases/tag/BW-lifelong
reports,BY,lifelong,fresh,2026-09-29,2026-09-29,0,2851,1425,2026-09-29.rds,2026-10-01T11:34:07Z,100604,"['favstats/meta_ad_reports', 'favstats/meta_ad_reports2']",,,,[],BY-lifelong,https://github.com/favstats/meta_ad_reports2/releases/tag/BY-lifelong
reports,BZ,lifelong,fresh,2026-09-29,2026-09-29,0,3254,1626,2026-09-29.rds,2026-10-01T11:34:09Z,108840,"['favstats/meta_ad_reports', 'favstats/meta_ad_reports2']",,,,[],BZ-lifelong,https://github.com/favstats/meta_ad_reports2/releases/tag/BZ-lifelong
reports,CA,lifelong,fresh,2026-09-29,2026-09-29,0,3253,1625,2026-09-29.rds,2026-10-01T11:34:14Z,1600684,"['favstats/meta_ad_reports', 'favstats/meta_ad_reports2']",,,,[],CA-lifelong,https://github.com/favstats/meta_ad_reports2/releases/tag/CA-lifelong
reports,CD,lifelong,fresh,2026-09-29,2026-09-29,0,2849,1424,2026-09-29.rds,2026-10-01T11:34:18Z,161692,"['favstats/meta_ad_reports', 'favstats/meta_ad_reports2']",,,,[],CD-lifelong,https://github.com/favstats/meta_ad_reports2/releases/tag/CD-lifelong
reports,CF,lifelong,fresh,2026-09-29,2026-09-29,0,2856,1427,2026-09-29.rds,2026-10-01T11:34:20Z,66136,"['favstats/meta_ad_reports', 'favstats/meta_ad_reports2']",,,,[],CF-lifelong,https://github.com/favstats/meta_ad_reports2/releases/tag/CF-lifelong
reports,CG,lifelong,fresh,2026-09-29,2026-09-29,0,3095,1547,2026-09-29.rds,2026-10-01T11:34:22Z,96540,"['favstats/meta_ad_reports', 'favstats/meta_ad_reports2']",,,,[],CG-lifelong,https://github.com/favstats/meta_ad_reports2/releases/tag/CG-lifelong
reports,CH,lifelong,fresh,2026-09-29,2026-09-29,0,2856,1427,2026-09-29.rds,2026-10-01T11:34:25Z,328892,"['favstats/meta_ad_reports', 'favstats/meta_ad_reports2']",,,,[],CH-lifelong,https://github.com/favstats/meta_ad_reports2/releases/tag/CH-lifelong
reports,CI,lifelong,fresh,2026-09-29,2026-09-29,0,3252,1625,2026-09-29.rds,2026-10-01T11:34:28Z,223696,"['favstats/meta_ad_reports', 'favstats/meta_ad_reports2']",,,,[],CI-lifelong,https://github.com/favstats/meta_ad_reports2/releases/tag/CI-lifelong
reports,CL,lifelong,fresh,2026-09-29,2026-09-29,0,3251,1624,2026-09-29.rds,2026-10-01T11:34:31Z,742396,"['favstats/meta_ad_reports', 'favstats/meta_ad_reports2']",,,,[],CL-lifelong,https://github.com/favstats/meta_ad_reports2/releases/tag/CL-lifelong
reports,CM,lifelong,fresh,2026-09-29,2026-09-29,0,2808,1403,2026-09-29.rds,2026-10-01T11:34:34Z,124432,"['favstats/meta_ad_reports', 'favstats/meta_ad_reports2']",,,,[],CM-lifelong,https://github.com/favstats/meta_ad_reports2/releases/tag/CM-lifelong
reports,CO,lifelong,fresh,2026-09-29,2026-09-29,0,3196,1597,2026-09-29.rds,2026-10-01T11:34:39Z,853720,"['favstats/meta_ad_reports', 'favstats/meta_ad_reports2']",,,,[],CO-lifelong,https://github.com/favstats/meta_ad_reports2/releases/tag/CO-lifelong
reports,CR,lifelong,fresh,2026-09-29,2026-09-29,0,2878,1438,2026-09-29.rds,2026-10-01T11:34:43Z,141856,"['favstats/meta_ad_reports', 'favstats/meta_ad_reports2']",,,,[],CR-lifelong,https://github.com/favstats/meta_ad_reports2/releases/tag/CR-lifelong
reports,CV,lifelong,fresh,2026-09-29,2026-09-29,0,2853,1426,2026-09-29.rds,2026-10-01T11:34:45Z,81464,"['favstats/meta_ad_reports', 'favstats/meta_ad_reports2']",,,,[],CV-lifelong,https://github.com/favstats/meta_ad_reports2/releases/tag/CV-lifelong
reports,CY,lifelong,fresh,2026-09-29,2026-09-29,0,3252,1625,2026-09-29.rds,2026-10-01T11:34:48Z,218708,"['favstats/meta_ad_reports', 'favstats/meta_ad_reports2']",,,,[],CY-lifelong,https://github.com/favstats/meta_ad_reports2/releases/tag/CY-lifelong
reports,CZ,lifelong,fresh,2026-09-29,2026-09-29,0,3251,1625,2026-09-29.rds,2026-10-01T11:34:51Z,448540,"['favstats/meta_ad_reports', 'favstats/meta_ad_reports2']",,,,[],CZ-lifelong,https://github.com/favstats/meta_ad_reports2/releases/tag/CZ-lifelong
reports,DE,lifelong,fresh,2026-09-29,2026-09-29,0,3251,1625,2026-09-29.rds,2026-10-01T11:34:57Z,1572580,"['favstats/meta_ad_reports', 'favstats/meta_ad_reports2']",,,,[],DE-lifelong,https://github.com/favstats/meta_ad_reports2/releases/tag/DE-lifelong
reports,DJ,lifelong,fresh,2026-09-29,2026-09-29,0,2854,1426,2026-09-29.rds,2026-10-01T11:34:59Z,59640,"['favstats/meta_ad_reports', 'favstats/meta_ad_reports2']",,,,[],DJ-lifelong,https://github.com/favstats/meta_ad_reports2/releases/tag/DJ-lifelong
reports,DK,lifelong,fresh,2026-09-29,2026-09-29,0,3251,1625,2026-09-29.rds,2026-10-01T11:35:02Z,488888,"['favstats/meta_ad_reports', 'favstats/meta_ad_reports2']",,,,[],DK-lifelong,https://github.com/favstats/meta_ad_reports2/releases/tag/DK-lifelong
reports,DM,lifelong,fresh,2026-09-29,2026-09-29,0,2924,1461,2026-09-29.rds,2026-10-01T11:35:04Z,39200,"['favstats/meta_ad_reports', 'favstats/meta_ad_reports2']",,,,[],DM-lifelong,https://github.com/favstats/meta_ad_reports2/releases/tag/DM-lifelong
reports,DO,lifelong,fresh,2026-09-29,2026-09-29,0,3252,1625,2026-09-29.rds,2026-10-01T11:35:06Z,243052,"['favstats/meta_ad_reports', 'favstats/meta_ad_reports2']",,,,[],DO-lifelong,https://github.com/favstats/meta_ad_reports2/releases/tag/DO-lifelong
reports,DZ,lifelong,fresh,2026-09-29,2026-09-29,0,2854,1426,2026-09-29.rds,2026-10-01T11:35:09Z,208688,"['favstats/meta_ad_reports', 'favstats/meta_ad_reports2']",,,,[],DZ-lifelong,https://github.com/favstats/meta_ad_reports2/releases/tag/DZ-lifelong
reports,EC,lifelong,fresh,2026-09-29,2026-09-29,0,3245,1622,2026-09-29.rds,2026-10-01T11:35:13Z,433644,"['favstats/meta_ad_reports', 'favstats/meta_ad_reports2']",,,,[],EC-lifelong,https://github.com/favstats/meta_ad_reports2/releases/tag/EC-lifelong
reports,EE,lifelong,fresh,2026-09-29,2026-09-29,0,3248,1623,2026-09-29.rds,2026-10-01T11:35:16Z,212616,"['favstats/meta_ad_reports', 'favstats/meta_ad_reports2']",,,,[],EE-lifelong,https://github.com/favstats/meta_ad_reports2/releases/tag/EE-lifelong
reports,EG,lifelong,fresh,2026-09-29,2026-09-29,0,2850,1424,2026-09-29.rds,2026-10-01T11:35:19Z,424372,"['favstats/meta_ad_reports', 'favstats/meta_ad_reports2']",,,,[],EG-lifelong,https://github.com/favstats/meta_ad_reports2/releases/tag/EG-lifelong
reports,ER,lifelong,fresh,2026-09-29,2026-09-29,0,2850,1425,2026-09-29.rds,2026-10-01T11:35:22Z,34692,"['favstats/meta_ad_reports', 'favstats/meta_ad_reports2']",,,,[],ER-lifelong,https://github.com/favstats/meta_ad_reports2/releases/tag/ER-lifelong
reports,ES,lifelong,fresh,2026-09-29,2026-09-29,0,3250,1624,2026-09-29.rds,2026-10-01T11:35:26Z,866568,"['favstats/meta_ad_reports', 'favstats/meta_ad_reports2']",,,,[],ES-lifelong,https://github.com/favstats/meta_ad_reports2/releases/tag/ES-lifelong
reports,ET,lifelong,fresh,2026-09-29,2026-09-29,0,3249,1624,2026-09-29.rds,2026-10-01T11:35:29Z,163108,"['favstats/meta_ad_reports', 'favstats/meta_ad_reports2']",,,,[],ET-lifelong,https://github.com/favstats/meta_ad_reports2/releases/tag/ET-lifelong
reports,FI,lifelong,fresh,2026-09-29,2026-09-29,0,3252,1625,2026-09-29.rds,2026-10-01T11:35:32Z,481524,"['favstats/meta_ad_reports', 'favstats/meta_ad_reports2']",,,,[],FI-lifelong,https://github.com/favstats/meta_ad_reports2/releases/tag/FI-lifelong
reports,FJ,lifelong,fresh,2026-09-29,2026-09-29,0,3100,1549,2026-09-29.rds,2026-10-01T11:35:35Z,164508,"['favstats/meta_ad_reports', 'favstats/meta_ad_reports2']",,,,[],FJ-lifelong,https://github.com/favstats/meta_ad_reports2/releases/tag/FJ-lifelong
reports,FK,lifelong,fresh,2026-09-29,2026-09-29,0,3250,1624,2026-09-29.rds,2026-10-01T11:35:37Z,44260,"['favstats/meta_ad_reports', 'favstats/meta_ad_reports2']",,,,[],FK-lifelong,https://github.com/favstats/meta_ad_reports2/releases/tag/FK-lifelong
reports,FM,lifelong,fresh,2026-09-29,2026-09-29,0,2856,1427,2026-09-29.rds,2026-10-01T11:35:39Z,41796,"['favstats/meta_ad_reports', 'favstats/meta_ad_reports2']",,,,[],FM-lifelong,https://github.com/favstats/meta_ad_reports2/releases/tag/FM-lifelong
reports,FR,lifelong,fresh,2026-09-29,2026-09-29,0,3250,1624,2026-09-29.rds,2026-10-01T11:35:44Z,1123416,"['favstats/meta_ad_reports', 'favstats/meta_ad_reports2']",,,,[],FR-lifelong,https://github.com/favstats/meta_ad_reports2/releases/tag/FR-lifelong
reports,GA,lifelong,fresh,2026-09-29,2026-09-29,0,2855,1427,2026-09-29.rds,2026-10-01T11:35:46Z,89524,"['favstats/meta_ad_reports', 'favstats/meta_ad_reports2']",,,,[],GA-lifelong,https://github.com/favstats/meta_ad_reports2/releases/tag/GA-lifelong
reports,GB,lifelong,fresh,2026-09-29,2026-09-29,0,3198,1598,2026-09-29.rds,2026-10-01T11:35:52Z,1801824,"['favstats/meta_ad_reports', 'favstats/meta_ad_reports2']",,,,[],GB-lifelong,https://github.com/favstats/meta_ad_reports2/releases/tag/GB-lifelong
reports,GD,lifelong,fresh,2026-09-29,2026-09-29,0,2872,1435,2026-09-29.rds,2026-10-01T11:35:55Z,45472,"['favstats/meta_ad_reports', 'favstats/meta_ad_reports2']",,,,[],GD-lifelong,https://github.com/favstats/meta_ad_reports2/releases/tag/GD-lifelong
reports,GE,lifelong,fresh,2026-09-29,2026-09-29,0,3200,1599,2026-09-29.rds,2026-10-01T11:35:58Z,216552,"['favstats/meta_ad_reports', 'favstats/meta_ad_reports2']",,,,[],GE-lifelong,https://github.com/favstats/meta_ad_reports2/releases/tag/GE-lifelong
reports,GG,lifelong,fresh,2026-09-29,2026-09-29,0,2803,1400,2026-09-29.rds,2026-10-01T11:35:59Z,52384,"['favstats/meta_ad_reports', 'favstats/meta_ad_reports2']",,,,[],GG-lifelong,https://github.com/favstats/meta_ad_reports2/releases/tag/GG-lifelong
reports,GH,lifelong,fresh,2026-09-29,2026-09-29,0,3232,1615,2026-09-29.rds,2026-10-01T11:36:02Z,226680,"['favstats/meta_ad_reports', 'favstats/meta_ad_reports2']",,,,[],GH-lifelong,https://github.com/favstats/meta_ad_reports2/releases/tag/GH-lifelong
reports,GI,lifelong,fresh,2026-09-29,2026-09-29,0,2854,1426,2026-09-29.rds,2026-10-01T11:36:04Z,50164,"['favstats/meta_ad_reports', 'favstats/meta_ad_reports2']",,,,[],GI-lifelong,https://github.com/favstats/meta_ad_reports2/releases/tag/GI-lifelong
reports,GM,lifelong,fresh,2026-09-29,2026-09-29,0,2850,1424,2026-09-29.rds,2026-10-01T11:36:07Z,79932,"['favstats/meta_ad_reports', 'favstats/meta_ad_reports2']",,,,[],GM-lifelong,https://github.com/favstats/meta_ad_reports2/releases/tag/GM-lifelong
reports,GN,lifelong,fresh,2026-09-29,2026-09-29,0,2851,1425,2026-09-29.rds,2026-10-01T11:36:09Z,108768,"['favstats/meta_ad_reports', 'favstats/meta_ad_reports2']",,,,[],GN-lifelong,https://github.com/favstats/meta_ad_reports2/releases/tag/GN-lifelong
reports,GQ,lifelong,fresh,2026-09-29,2026-09-29,0,2854,1426,2026-09-29.rds,2026-10-01T11:36:11Z,68500,"['favstats/meta_ad_reports', 'favstats/meta_ad_reports2']",,,,[],GQ-lifelong,https://github.com/favstats/meta_ad_reports2/releases/tag/GQ-lifelong
reports,GR,lifelong,fresh,2026-09-29,2026-09-29,0,3246,1623,2026-09-29.rds,2026-10-01T11:36:14Z,503656,"['favstats/meta_ad_reports', 'favstats/meta_ad_reports2']",,,,[],GR-lifelong,https://github.com/favstats/meta_ad_reports2/releases/tag/GR-lifelong
reports,GT,lifelong,fresh,2026-09-29,2026-09-29,0,2922,1460,2026-09-29.rds,2026-10-01T11:36:17Z,142884,"['favstats/meta_ad_reports', 'favstats/meta_ad_reports2']",,,,[],GT-lifelong,https://github.com/favstats/meta_ad_reports2/releases/tag/GT-lifelong
reports,GW,lifelong,fresh,2026-09-29,2026-09-29,0,2854,1426,2026-09-29.rds,2026-10-01T11:36:19Z,70392,"['favstats/meta_ad_reports', 'favstats/meta_ad_reports2']",,,,[],GW-lifelong,https://github.com/favstats/meta_ad_reports2/releases/tag/GW-lifelong
reports,GY,lifelong,fresh,2026-09-29,2026-09-29,0,3246,1622,2026-09-29.rds,2026-10-01T11:36:21Z,119760,"['favstats/meta_ad_reports', 'favstats/meta_ad_reports2']",,,,[],GY-lifelong,https://github.com/favstats/meta_ad_reports2/releases/tag/GY-lifelong
reports,HN,lifelong,fresh,2026-09-29,2026-09-29,0,3252,1625,2026-09-29.rds,2026-10-01T11:36:33Z,180600,"['favstats/meta_ad_reports', 'favstats/meta_ad_reports2']",,,,[],HN-lifelong,https://github.com/favstats/meta_ad_reports2/releases/tag/HN-lifelong
reports,HR,lifelong,fresh,2026-09-29,2026-09-29,0,3251,1625,2026-09-29.rds,2026-10-01T11:36:36Z,287304,"['favstats/meta_ad_reports', 'favstats/meta_ad_reports2']",,,,[],HR-lifelong,https://github.com/favstats/meta_ad_reports2/releases/tag/HR-lifelong
reports,HT,lifelong,fresh,2026-09-29,2026-09-29,0,2921,1460,2026-09-29.rds,2026-10-01T11:36:39Z,83688,"['favstats/meta_ad_reports', 'favstats/meta_ad_reports2']",,,,[],HT-lifelong,https://github.com/favstats/meta_ad_reports2/releases/tag/HT-lifelong
reports,HU,lifelong,fresh,2026-09-29,2026-09-29,0,3251,1625,2026-09-29.rds,2026-10-01T11:36:42Z,468132,"['favstats/meta_ad_reports', 'favstats/meta_ad_reports2']",,,,[],HU-lifelong,https://github.com/favstats/meta_ad_reports2/releases/tag/HU-lifelong
reports,ID,lifelong,fresh,2026-09-29,2026-09-29,0,3252,1625,2026-09-29.rds,2026-10-01T11:36:47Z,869424,"['favstats/meta_ad_reports', 'favstats/meta_ad_reports2']",,,,[],ID-lifelong,https://github.com/favstats/meta_ad_reports2/releases/tag/ID-lifelong
reports,IE,lifelong,fresh,2026-09-29,2026-09-29,0,3245,1622,2026-09-29.rds,2026-10-01T11:36:50Z,361152,"['favstats/meta_ad_reports', 'favstats/meta_ad_reports2']",,,,[],IE-lifelong,https://github.com/favstats/meta_ad_reports2/releases/tag/IE-lifelong
reports,IL,lifelong,fresh,2026-09-29,2026-09-29,0,3252,1625,2026-09-29.rds,2026-10-01T11:36:53Z,496344,"['favstats/meta_ad_reports', 'favstats/meta_ad_reports2']",,,,[],IL-lifelong,https://github.com/favstats/meta_ad_reports2/releases/tag/IL-lifelong
reports,IM,lifelong,fresh,2026-09-29,2026-09-29,0,2856,1427,2026-09-29.rds,2026-10-01T11:36:56Z,55328,"['favstats/meta_ad_reports', 'favstats/meta_ad_reports2']",,,,[],IM-lifelong,https://github.com/favstats/meta_ad_reports2/releases/tag/IM-lifelong
reports,IN,lifelong,fresh,2026-09-29,2026-09-29,0,3252,1625,2026-09-29.rds,2026-10-01T11:37:19Z,5276592,"['favstats/meta_ad_reports', 'favstats/meta_ad_reports2']",,,,[],IN-lifelong,https://github.com/favstats/meta_ad_reports2/releases/tag/IN-lifelong
reports,IQ,lifelong,fresh,2026-09-29,2026-09-29,0,3254,1626,2026-09-29.rds,2026-10-01T11:37:30Z,940384,"['favstats/meta_ad_reports', 'favstats/meta_ad_reports2']",,,,[],IQ-lifelong,https://github.com/favstats/meta_ad_reports2/releases/tag/IQ-lifelong
reports,IS,lifelong,fresh,2026-09-29,2026-09-29,0,3250,1624,2026-09-29.rds,2026-10-01T11:37:33Z,153096,"['favstats/meta_ad_reports', 'favstats/meta_ad_reports2']",,,,[],IS-lifelong,https://github.com/favstats/meta_ad_reports2/releases/tag/IS-lifelong
reports,IT,lifelong,fresh,2026-09-29,2026-09-29,0,3249,1623,2026-09-29.rds,2026-10-01T11:37:40Z,1832348,"['favstats/meta_ad_reports', 'favstats/meta_ad_reports2']",,,,[],IT-lifelong,https://github.com/favstats/meta_ad_reports2/releases/tag/IT-lifelong
reports,JE,lifelong,fresh,2026-09-29,2026-09-29,0,2855,1427,2026-09-29.rds,2026-10-01T11:37:44Z,56212,"['favstats/meta_ad_reports', 'favstats/meta_ad_reports2']",,,,[],JE-lifelong,https://github.com/favstats/meta_ad_reports2/releases/tag/JE-lifelong
reports,JM,lifelong,fresh,2026-09-29,2026-09-29,0,2924,1461,2026-09-29.rds,2026-10-01T11:37:46Z,72992,"['favstats/meta_ad_reports', 'favstats/meta_ad_reports2']",,,,[],JM-lifelong,https://github.com/favstats/meta_ad_reports2/releases/tag/JM-lifelong
reports,JO,lifelong,fresh,2026-09-29,2026-09-29,0,2771,1384,2026-09-29.rds,2026-10-01T11:37:48Z,198764,"['favstats/meta_ad_reports', 'favstats/meta_ad_reports2']",,,,[],JO-lifelong,https://github.com/favstats/meta_ad_reports2/releases/tag/JO-lifelong
reports,JP,lifelong,fresh,2026-09-29,2026-09-29,0,3249,1624,2026-09-29.rds,2026-10-01T11:37:51Z,442788,"['favstats/meta_ad_reports', 'favstats/meta_ad_reports2']",,,,[],JP-lifelong,https://github.com/favstats/meta_ad_reports2/releases/tag/JP-lifelong
reports,KE,lifelong,fresh,2026-09-29,2026-09-29,0,3256,1627,2026-09-29.rds,2026-10-01T11:37:54Z,252116,"['favstats/meta_ad_reports', 'favstats/meta_ad_reports2']",,,,[],KE-lifelong,https://github.com/favstats/meta_ad_reports2/releases/tag/KE-lifelong
reports,KG,lifelong,fresh,2026-09-29,2026-09-29,0,3252,1625,2026-09-29.rds,2026-10-01T11:37:56Z,154576,"['favstats/meta_ad_reports', 'favstats/meta_ad_reports2']",,,,[],KG-lifelong,https://github.com/favstats/meta_ad_reports2/releases/tag/KG-lifelong
reports,KH,lifelong,fresh,2026-09-29,2026-09-29,0,2770,1385,2026-09-29.rds,2026-10-01T11:37:58Z,144248,"['favstats/meta_ad_reports', 'favstats/meta_ad_reports2']",,,,[],KH-lifelong,https://github.com/favstats/meta_ad_reports2/releases/tag/KH-lifelong
reports,KI,lifelong,fresh,2026-09-29,2026-09-29,0,2852,1425,2026-09-29.rds,2026-10-01T11:38:00Z,37756,"['favstats/meta_ad_reports', 'favstats/meta_ad_reports2']",,,,[],KI-lifelong,https://github.com/favstats/meta_ad_reports2/releases/tag/KI-lifelong
reports,KM,lifelong,fresh,2026-09-29,2026-09-29,0,2851,1425,2026-09-29.rds,2026-10-01T11:38:02Z,95024,"['favstats/meta_ad_reports', 'favstats/meta_ad_reports2']",,,,[],KM-lifelong,https://github.com/favstats/meta_ad_reports2/releases/tag/KM-lifelong
reports,KN,lifelong,fresh,2026-09-29,2026-09-29,0,2921,1460,2026-09-29.rds,2026-10-01T11:38:05Z,38412,"['favstats/meta_ad_reports', 'favstats/meta_ad_reports2']",,,,[],KN-lifelong,https://github.com/favstats/meta_ad_reports2/releases/tag/KN-lifelong
reports,KW,lifelong,fresh,2026-09-29,2026-09-29,0,2770,1384,2026-09-29.rds,2026-10-01T11:38:16Z,164364,"['favstats/meta_ad_reports', 'favstats/meta_ad_reports2']",,,,[],KW-lifelong,https://github.com/favstats/meta_ad_reports2/releases/tag/KW-lifelong
reports,KY,lifelong,fresh,2026-09-29,2026-09-29,0,3245,1621,2026-09-29.rds,2026-10-01T11:38:18Z,50456,"['favstats/meta_ad_reports', 'favstats/meta_ad_reports2']",,,,[],KY-lifelong,https://github.com/favstats/meta_ad_reports2/releases/tag/KY-lifelong
reports,KZ,lifelong,fresh,2026-09-29,2026-09-29,0,2856,1427,2026-09-29.rds,2026-10-01T11:38:21Z,159312,"['favstats/meta_ad_reports', 'favstats/meta_ad_reports2']",,,,[],KZ-lifelong,https://github.com/favstats/meta_ad_reports2/releases/tag/KZ-lifelong
reports,LA,lifelong,fresh,2026-09-29,2026-09-29,0,2772,1385,2026-09-29.rds,2026-10-01T11:38:24Z,83292,"['favstats/meta_ad_reports', 'favstats/meta_ad_reports2']",,,,[],LA-lifelong,https://github.com/favstats/meta_ad_reports2/releases/tag/LA-lifelong
reports,LB,lifelong,fresh,2026-09-29,2026-09-29,0,3098,1548,2026-09-29.rds,2026-10-01T11:38:26Z,206360,"['favstats/meta_ad_reports', 'favstats/meta_ad_reports2']",,,,[],LB-lifelong,https://github.com/favstats/meta_ad_reports2/releases/tag/LB-lifelong
reports,LC,lifelong,fresh,2026-09-29,2026-09-29,0,3244,1621,2026-09-29.rds,2026-10-01T11:38:29Z,62556,"['favstats/meta_ad_reports', 'favstats/meta_ad_reports2']",,,,[],LC-lifelong,https://github.com/favstats/meta_ad_reports2/releases/tag/LC-lifelong
reports,LI,lifelong,fresh,2026-09-29,2026-09-29,0,2855,1427,2026-09-29.rds,2026-10-01T11:38:31Z,35132,"['favstats/meta_ad_reports', 'favstats/meta_ad_reports2']",,,,[],LI-lifelong,https://github.com/favstats/meta_ad_reports2/releases/tag/LI-lifelong
reports,LK,lifelong,fresh,2026-09-29,2026-09-29,0,3250,1624,2026-09-29.rds,2026-10-01T11:38:33Z,322956,"['favstats/meta_ad_reports', 'favstats/meta_ad_reports2']",,,,[],LK-lifelong,https://github.com/favstats/meta_ad_reports2/releases/tag/LK-lifelong
reports,LR,lifelong,fresh,2026-09-29,2026-09-29,0,2854,1426,2026-09-29.rds,2026-10-01T11:38:35Z,90664,"['favstats/meta_ad_reports', 'favstats/meta_ad_reports2']",,,,[],LR-lifelong,https://github.com/favstats/meta_ad_reports2/releases/tag/LR-lifelong
reports,LS,lifelong,fresh,2026-09-29,2026-09-29,0,3096,1547,2026-09-29.rds,2026-10-01T11:38:37Z,73432,"['favstats/meta_ad_reports', 'favstats/meta_ad_reports2']",,,,[],LS-lifelong,https://github.com/favstats/meta_ad_reports2/releases/tag/LS-lifelong
reports,LT,lifelong,fresh,2026-09-29,2026-09-29,0,3247,1623,2026-09-29.rds,2026-10-01T11:38:39Z,267212,"['favstats/meta_ad_reports', 'favstats/meta_ad_reports2']",,,,[],LT-lifelong,https://github.com/favstats/meta_ad_reports2/releases/tag/LT-lifelong
reports,LU,lifelong,fresh,2026-09-29,2026-09-29,0,3235,1617,2026-09-29.rds,2026-10-01T11:38:42Z,194260,"['favstats/meta_ad_reports', 'favstats/meta_ad_reports2']",,,,[],LU-lifelong,https://github.com/favstats/meta_ad_reports2/releases/tag/LU-lifelong
reports,LV,lifelong,fresh,2026-09-29,2026-09-29,0,3254,1626,2026-09-29.rds,2026-10-01T11:38:44Z,226328,"['favstats/meta_ad_reports', 'favstats/meta_ad_reports2']",,,,[],LV-lifelong,https://github.com/favstats/meta_ad_reports2/releases/tag/LV-lifelong
reports,LY,lifelong,fresh,2026-09-29,2026-09-29,0,2856,1427,2026-09-29.rds,2026-10-01T11:38:46Z,174184,"['favstats/meta_ad_reports', 'favstats/meta_ad_reports2']",,,,[],LY-lifelong,https://github.com/favstats/meta_ad_reports2/releases/tag/LY-lifelong
reports,MA,lifelong,fresh,2026-09-29,2026-09-29,0,3252,1625,2026-09-29.rds,2026-10-01T11:38:49Z,341600,"['favstats/meta_ad_reports', 'favstats/meta_ad_reports2']",,,,[],MA-lifelong,https://github.com/favstats/meta_ad_reports2/releases/tag/MA-lifelong
reports,MC,lifelong,fresh,2026-09-29,2026-09-29,0,2854,1426,2026-09-29.rds,2026-10-01T11:38:51Z,40024,"['favstats/meta_ad_reports', 'favstats/meta_ad_reports2']",,,,[],MC-lifelong,https://github.com/favstats/meta_ad_reports2/releases/tag/MC-lifelong
reports,MD,lifelong,fresh,2026-09-29,2026-09-29,0,3251,1624,2026-09-29.rds,2026-10-01T11:38:54Z,197512,"['favstats/meta_ad_reports', 'favstats/meta_ad_reports2']",,,,[],MD-lifelong,https://github.com/favstats/meta_ad_reports2/releases/tag/MD-lifelong
reports,ME,lifelong,fresh,2026-09-29,2026-09-29,0,3252,1625,2026-09-29.rds,2026-10-01T11:38:56Z,160144,"['favstats/meta_ad_reports', 'favstats/meta_ad_reports2']",,,,[],ME-lifelong,https://github.com/favstats/meta_ad_reports2/releases/tag/ME-lifelong
reports,MG,lifelong,fresh,2026-09-29,2026-09-29,0,3251,1625,2026-09-29.rds,2026-10-01T11:38:58Z,136284,"['favstats/meta_ad_reports', 'favstats/meta_ad_reports2']",,,,[],MG-lifelong,https://github.com/favstats/meta_ad_reports2/releases/tag/MG-lifelong
reports,MH,lifelong,fresh,2026-09-29,2026-09-29,0,2854,1427,2026-09-29.rds,2026-10-01T11:38:59Z,36100,"['favstats/meta_ad_reports', 'favstats/meta_ad_reports2']",,,,[],MH-lifelong,https://github.com/favstats/meta_ad_reports2/releases/tag/MH-lifelong
reports,MK,lifelong,fresh,2026-09-29,2026-09-29,0,3252,1625,2026-09-29.rds,2026-10-01T11:39:02Z,194744,"['favstats/meta_ad_reports', 'favstats/meta_ad_reports2']",,,,[],MK-lifelong,https://github.com/favstats/meta_ad_reports2/releases/tag/MK-lifelong
reports,ML,lifelong,fresh,2026-09-29,2026-09-29,0,3254,1626,2026-09-29.rds,2026-10-01T11:39:05Z,160008,"['favstats/meta_ad_reports', 'favstats/meta_ad_reports2']",,,,[],ML-lifelong,https://github.com/favstats/meta_ad_reports2/releases/tag/ML-lifelong
reports,MM,lifelong,fresh,2026-09-29,2026-09-29,0,3252,1625,2026-09-29.rds,2026-10-01T11:39:08Z,219536,"['favstats/meta_ad_reports', 'favstats/meta_ad_reports2']",,,,[],MM-lifelong,https://github.com/favstats/meta_ad_reports2/releases/tag/MM-lifelong
reports,MN,lifelong,fresh,2026-09-29,2026-09-29,0,3252,1625,2026-09-29.rds,2026-10-01T11:39:11Z,185912,"['favstats/meta_ad_reports', 'favstats/meta_ad_reports2']",,,,[],MN-lifelong,https://github.com/favstats/meta_ad_reports2/releases/tag/MN-lifelong
reports,MR,lifelong,fresh,2026-09-29,2026-09-29,0,2852,1425,2026-09-29.rds,2026-10-01T11:39:12Z,104096,"['favstats/meta_ad_reports', 'favstats/meta_ad_reports2']",,,,[],MR-lifelong,https://github.com/favstats/meta_ad_reports2/releases/tag/MR-lifelong
reports,MS,lifelong,fresh,2026-09-29,2026-09-29,0,2922,1460,2026-09-29.rds,2026-10-01T11:39:14Z,20708,"['favstats/meta_ad_reports', 'favstats/meta_ad_reports2']",,,,[],MS-lifelong,https://github.com/favstats/meta_ad_reports2/releases/tag/MS-lifelong
reports,MT,lifelong,fresh,2026-09-29,2026-09-29,0,3248,1623,2026-09-29.rds,2026-10-01T11:39:17Z,180664,"['favstats/meta_ad_reports', 'favstats/meta_ad_reports2']",,,,[],MT-lifelong,https://github.com/favstats/meta_ad_reports2/releases/tag/MT-lifelong
reports,MU,lifelong,fresh,2026-09-29,2026-09-29,0,3249,1624,2026-09-29.rds,2026-10-01T11:39:18Z,113864,"['favstats/meta_ad_reports', 'favstats/meta_ad_reports2']",,,,[],MU-lifelong,https://github.com/favstats/meta_ad_reports2/releases/tag/MU-lifelong
reports,MV,lifelong,fresh,2026-09-29,2026-09-29,0,2774,1386,2026-09-29.rds,2026-10-01T11:39:21Z,76944,"['favstats/meta_ad_reports', 'favstats/meta_ad_reports2']",,,,[],MV-lifelong,https://github.com/favstats/meta_ad_reports2/releases/tag/MV-lifelong
reports,MW,lifelong,fresh,2026-09-29,2026-09-29,0,2851,1425,2026-09-29.rds,2026-10-01T11:39:23Z,81552,"['favstats/meta_ad_reports', 'favstats/meta_ad_reports2']",,,,[],MW-lifelong,https://github.com/favstats/meta_ad_reports2/releases/tag/MW-lifelong
reports,MX,lifelong,fresh,2026-09-29,2026-09-29,0,3249,1624,2026-09-29.rds,2026-10-01T11:39:34Z,2376328,"['favstats/meta_ad_reports', 'favstats/meta_ad_reports2']",,,,[],MX-lifelong,https://github.com/favstats/meta_ad_reports2/releases/tag/MX-lifelong
reports,MY,lifelong,fresh,2026-09-29,2026-09-29,0,3246,1622,2026-09-29.rds,2026-10-01T11:39:39Z,470844,"['favstats/meta_ad_reports', 'favstats/meta_ad_reports2']",,,,[],MY-lifelong,https://github.com/favstats/meta_ad_reports2/releases/tag/MY-lifelong
reports,MZ,lifelong,fresh,2026-09-29,2026-09-29,0,2850,1424,2026-09-29.rds,2026-10-01T11:39:41Z,100768,"['favstats/meta_ad_reports', 'favstats/meta_ad_reports2']",,,,[],MZ-lifelong,https://github.com/favstats/meta_ad_reports2/releases/tag/MZ-lifelong
reports,NA,lifelong,fresh,2026-09-29,2026-09-29,0,2854,1426,2026-09-29.rds,2026-10-01T11:39:43Z,79788,"['favstats/meta_ad_reports', 'favstats/meta_ad_reports2']",,,,[],NA-lifelong,https://github.com/favstats/meta_ad_reports2/releases/tag/NA-lifelong
reports,NE,lifelong,fresh,2026-09-29,2026-09-29,0,2848,1423,2026-09-29.rds,2026-10-01T11:39:45Z,86860,"['favstats/meta_ad_reports', 'favstats/meta_ad_reports2']",,,,[],NE-lifelong,https://github.com/favstats/meta_ad_reports2/releases/tag/NE-lifelong
reports,NG,lifelong,fresh,2026-09-29,2026-09-29,0,3085,1542,2026-09-29.rds,2026-10-01T11:39:48Z,380916,"['favstats/meta_ad_reports', 'favstats/meta_ad_reports2']",,,,[],NG-lifelong,https://github.com/favstats/meta_ad_reports2/releases/tag/NG-lifelong
reports,NI,lifelong,fresh,2026-09-29,2026-09-29,0,2924,1461,2026-09-29.rds,2026-10-01T11:39:51Z,94092,"['favstats/meta_ad_reports', 'favstats/meta_ad_reports2']",,,,[],NI-lifelong,https://github.com/favstats/meta_ad_reports2/releases/tag/NI-lifelong
reports,NL,lifelong,fresh,2026-09-29,2026-09-29,0,3252,1625,2026-09-29.rds,2026-10-01T11:39:54Z,608056,"['favstats/meta_ad_reports', 'favstats/meta_ad_reports2']",,,,[],NL-lifelong,https://github.com/favstats/meta_ad_reports2/releases/tag/NL-lifelong
reports,NO,lifelong,fresh,2026-09-29,2026-09-29,0,3250,1624,2026-09-29.rds,2026-10-01T11:39:57Z,300644,"['favstats/meta_ad_reports', 'favstats/meta_ad_reports2']",,,,[],NO-lifelong,https://github.com/favstats/meta_ad_reports2/releases/tag/NO-lifelong
reports,NP,lifelong,fresh,2026-09-29,2026-09-29,0,2771,1385,2026-09-29.rds,2026-10-01T11:40:00Z,202944,"['favstats/meta_ad_reports', 'favstats/meta_ad_reports2']",,,,[],NP-lifelong,https://github.com/favstats/meta_ad_reports2/releases/tag/NP-lifelong
reports,NR,lifelong,fresh,2026-09-29,2026-09-29,0,2854,1426,2026-09-29.rds,2026-10-01T11:40:02Z,32296,"['favstats/meta_ad_reports', 'favstats/meta_ad_reports2']",,,,[],NR-lifelong,https://github.com/favstats/meta_ad_reports2/releases/tag/NR-lifelong
reports,NZ,lifelong,fresh,2026-09-29,2026-09-29,0,3248,1623,2026-09-29.rds,2026-10-01T11:40:04Z,319548,"['favstats/meta_ad_reports', 'favstats/meta_ad_reports2']",,,,[],NZ-lifelong,https://github.com/favstats/meta_ad_reports2/releases/tag/NZ-lifelong
reports,OM,lifelong,fresh,2026-09-29,2026-09-29,0,2768,1383,2026-09-29.rds,2026-10-01T11:40:08Z,145652,"['favstats/meta_ad_reports', 'favstats/meta_ad_reports2']",,,,[],OM-lifelong,https://github.com/favstats/meta_ad_reports2/releases/tag/OM-lifelong
reports,PA,lifelong,fresh,2026-09-29,2026-09-29,0,2920,1459,2026-09-29.rds,2026-10-01T11:40:10Z,116396,"['favstats/meta_ad_reports', 'favstats/meta_ad_reports2']",,,,[],PA-lifelong,https://github.com/favstats/meta_ad_reports2/releases/tag/PA-lifelong
reports,PE,lifelong,fresh,2026-09-29,2026-09-29,0,3254,1626,2026-09-29.rds,2026-10-01T11:40:14Z,586396,"['favstats/meta_ad_reports', 'favstats/meta_ad_reports2']",,,,[],PE-lifelong,https://github.com/favstats/meta_ad_reports2/releases/tag/PE-lifelong
reports,PG,lifelong,fresh,2026-09-29,2026-09-29,0,3090,1544,2026-09-29.rds,2026-10-01T11:40:16Z,82020,"['favstats/meta_ad_reports', 'favstats/meta_ad_reports2']",,,,[],PG-lifelong,https://github.com/favstats/meta_ad_reports2/releases/tag/PG-lifelong
reports,PH,lifelong,fresh,2026-09-29,2026-09-29,0,3247,1623,2026-09-29.rds,2026-10-01T11:40:21Z,918692,"['favstats/meta_ad_reports', 'favstats/meta_ad_reports2']",,,,[],PH-lifelong,https://github.com/favstats/meta_ad_reports2/releases/tag/PH-lifelong
reports,PK,lifelong,fresh,2026-09-29,2026-09-29,0,2850,1424,2026-09-29.rds,2026-10-01T11:40:24Z,399724,"['favstats/meta_ad_reports', 'favstats/meta_ad_reports2']",,,,[],PK-lifelong,https://github.com/favstats/meta_ad_reports2/releases/tag/PK-lifelong
reports,PL,lifelong,fresh,2026-09-29,2026-09-29,0,3249,1624,2026-09-29.rds,2026-10-01T11:40:29Z,996652,"['favstats/meta_ad_reports', 'favstats/meta_ad_reports2']",,,,[],PL-lifelong,https://github.com/favstats/meta_ad_reports2/releases/tag/PL-lifelong
reports,PS,lifelong,fresh,2026-09-29,2026-09-29,0,2770,1384,2026-09-29.rds,2026-10-01T11:40:32Z,114592,"['favstats/meta_ad_reports', 'favstats/meta_ad_reports2']",,,,[],PS-lifelong,https://github.com/favstats/meta_ad_reports2/releases/tag/PS-lifelong
reports,PT,lifelong,fresh,2026-09-29,2026-09-29,0,3246,1622,2026-09-29.rds,2026-10-01T11:40:36Z,463508,"['favstats/meta_ad_reports', 'favstats/meta_ad_reports2']",,,,[],PT-lifelong,https://github.com/favstats/meta_ad_reports2/releases/tag/PT-lifelong
reports,PW,lifelong,fresh,2026-09-29,2026-09-29,0,3248,1623,2026-09-29.rds,2026-10-01T11:40:38Z,58232,"['favstats/meta_ad_reports', 'favstats/meta_ad_reports2']",,,,[],PW-lifelong,https://github.com/favstats/meta_ad_reports2/releases/tag/PW-lifelong
reports,PY,lifelong,fresh,2026-09-29,2026-09-29,0,3250,1624,2026-09-29.rds,2026-10-01T11:40:41Z,259224,"['favstats/meta_ad_reports', 'favstats/meta_ad_reports2']",,,,[],PY-lifelong,https://github.com/favstats/meta_ad_reports2/releases/tag/PY-lifelong
reports,QA,lifelong,fresh,2026-09-29,2026-09-29,0,2772,1385,2026-09-29.rds,2026-10-01T11:40:44Z,174164,"['favstats/meta_ad_reports', 'favstats/meta_ad_reports2']",,,,[],QA-lifelong,https://github.com/favstats/meta_ad_reports2/releases/tag/QA-lifelong
reports,RO,lifelong,fresh,2026-09-29,2026-09-29,0,3246,1622,2026-09-29.rds,2026-10-01T11:40:48Z,608948,"['favstats/meta_ad_reports', 'favstats/meta_ad_reports2']",,,,[],RO-lifelong,https://github.com/favstats/meta_ad_reports2/releases/tag/RO-lifelong
reports,RS,lifelong,fresh,2026-09-29,2026-09-29,0,3247,1622,2026-09-29.rds,2026-10-01T11:40:51Z,239800,"['favstats/meta_ad_reports', 'favstats/meta_ad_reports2']",,,,[],RS-lifelong,https://github.com/favstats/meta_ad_reports2/releases/tag/RS-lifelong
reports,RW,lifelong,fresh,2026-09-29,2026-09-29,0,2854,1426,2026-09-29.rds,2026-10-01T11:40:53Z,87628,"['favstats/meta_ad_reports', 'favstats/meta_ad_reports2']",,,,[],RW-lifelong,https://github.com/favstats/meta_ad_reports2/releases/tag/RW-lifelong
reports,SA,lifelong,fresh,2026-09-29,2026-09-29,0,2768,1383,2026-09-29.rds,2026-10-01T11:40:56Z,300668,"['favstats/meta_ad_reports', 'favstats/meta_ad_reports2']",,,,[],SA-lifelong,https://github.com/favstats/meta_ad_reports2/releases/tag/SA-lifelong
reports,SB,lifelong,fresh,2026-09-29,2026-09-29,0,2854,1426,2026-09-29.rds,2026-10-01T11:40:58Z,48388,"['favstats/meta_ad_reports', 'favstats/meta_ad_reports2']",,,,[],SB-lifelong,https://github.com/favstats/meta_ad_reports2/releases/tag/SB-lifelong
reports,SC,lifelong,fresh,2026-09-29,2026-09-29,0,3250,1624,2026-09-29.rds,2026-10-01T11:41:00Z,94956,"['favstats/meta_ad_reports', 'favstats/meta_ad_reports2']",,,,[],SC-lifelong,https://github.com/favstats/meta_ad_reports2/releases/tag/SC-lifelong
reports,SE,lifelong,fresh,2026-09-29,2026-09-29,0,3250,1624,2026-09-29.rds,2026-10-01T11:41:03Z,531176,"['favstats/meta_ad_reports', 'favstats/meta_ad_reports2']",,,,[],SE-lifelong,https://github.com/favstats/meta_ad_reports2/releases/tag/SE-lifelong
reports,SG,lifelong,fresh,2026-09-29,2026-09-29,0,3248,1623,2026-09-29.rds,2026-10-01T11:41:06Z,241068,"['favstats/meta_ad_reports', 'favstats/meta_ad_reports2']",,,,[],SG-lifelong,https://github.com/favstats/meta_ad_reports2/releases/tag/SG-lifelong
reports,SH,lifelong,fresh,2026-09-29,2026-09-29,0,2849,1423,2026-09-29.rds,2026-10-01T11:41:08Z,29120,"['favstats/meta_ad_reports', 'favstats/meta_ad_reports2']",,,,[],SH-lifelong,https://github.com/favstats/meta_ad_reports2/releases/tag/SH-lifelong
reports,SI,lifelong,fresh,2026-09-29,2026-09-29,0,3244,1621,2026-09-29.rds,2026-10-01T11:41:10Z,213032,"['favstats/meta_ad_reports', 'favstats/meta_ad_reports2']",,,,[],SI-lifelong,https://github.com/favstats/meta_ad_reports2/releases/tag/SI-lifelong
reports,SK,lifelong,fresh,2026-09-29,2026-09-29,0,3246,1622,2026-09-29.rds,2026-10-01T11:41:14Z,341440,"['favstats/meta_ad_reports', 'favstats/meta_ad_reports2']",,,,[],SK-lifelong,https://github.com/favstats/meta_ad_reports2/releases/tag/SK-lifelong
reports,SL,lifelong,fresh,2026-09-29,2026-09-29,0,3094,1546,2026-09-29.rds,2026-10-01T11:41:16Z,98596,"['favstats/meta_ad_reports', 'favstats/meta_ad_reports2']",,,,[],SL-lifelong,https://github.com/favstats/meta_ad_reports2/releases/tag/SL-lifelong
reports,SM,lifelong,fresh,2026-09-29,2026-09-29,0,2851,1424,2026-09-29.rds,2026-10-01T11:41:18Z,33172,"['favstats/meta_ad_reports', 'favstats/meta_ad_reports2']",,,,[],SM-lifelong,https://github.com/favstats/meta_ad_reports2/releases/tag/SM-lifelong
reports,SN,lifelong,fresh,2026-09-29,2026-09-29,0,3242,1620,2026-09-29.rds,2026-10-01T11:41:21Z,182264,"['favstats/meta_ad_reports', 'favstats/meta_ad_reports2']",,,,[],SN-lifelong,https://github.com/favstats/meta_ad_reports2/releases/tag/SN-lifelong
reports,SO,lifelong,fresh,2026-09-29,2026-09-29,0,2852,1425,2026-09-29.rds,2026-10-01T11:41:23Z,115796,"['favstats/meta_ad_reports', 'favstats/meta_ad_reports2']",,,,[],SO-lifelong,https://github.com/favstats/meta_ad_reports2/releases/tag/SO-lifelong
reports,SR,lifelong,fresh,2026-09-29,2026-09-29,0,3244,1621,2026-09-29.rds,2026-10-01T11:41:25Z,115380,"['favstats/meta_ad_reports', 'favstats/meta_ad_reports2']",,,,[],SR-lifelong,https://github.com/favstats/meta_ad_reports2/releases/tag/SR-lifelong
reports,SS,lifelong,fresh,2026-09-29,2026-09-29,0,2854,1426,2026-09-29.rds,2026-10-01T11:41:27Z,88088,"['favstats/meta_ad_reports', 'favstats/meta_ad_reports2']",,,,[],SS-lifelong,https://github.com/favstats/meta_ad_reports2/releases/tag/SS-lifelong
reports,ST,lifelong,fresh,2026-09-29,2026-09-29,0,3246,1622,2026-09-29.rds,2026-10-01T11:41:30Z,80688,"['favstats/meta_ad_reports', 'favstats/meta_ad_reports2']",,,,[],ST-lifelong,https://github.com/favstats/meta_ad_reports2/releases/tag/ST-lifelong
reports,SV,lifelong,fresh,2026-09-29,2026-09-29,0,2924,1461,2026-09-29.rds,2026-10-01T11:41:32Z,130600,"['favstats/meta_ad_reports', 'favstats/meta_ad_reports2']",,,,[],SV-lifelong,https://github.com/favstats/meta_ad_reports2/releases/tag/SV-lifelong
reports,SZ,lifelong,fresh,2026-09-29,2026-09-29,0,2854,1426,2026-09-29.rds,2026-10-01T11:41:34Z,67656,"['favstats/meta_ad_reports', 'favstats/meta_ad_reports2']",,,,[],SZ-lifelong,https://github.com/favstats/meta_ad_reports2/releases/tag/SZ-lifelong
reports,TC,lifelong,fresh,2026-09-29,2026-09-29,0,2924,1461,2026-09-29.rds,2026-10-01T11:41:36Z,35032,"['favstats/meta_ad_reports', 'favstats/meta_ad_reports2']",,,,[],TC-lifelong,https://github.com/favstats/meta_ad_reports2/releases/tag/TC-lifelong
reports,TD,lifelong,fresh,2026-09-29,2026-09-29,0,2852,1425,2026-09-29.rds,2026-10-01T11:41:39Z,90604,"['favstats/meta_ad_reports', 'favstats/meta_ad_reports2']",,,,[],TD-lifelong,https://github.com/favstats/meta_ad_reports2/releases/tag/TD-lifelong
reports,TG,lifelong,fresh,2026-09-29,2026-09-29,0,2854,1426,2026-09-29.rds,2026-10-01T11:41:41Z,84496,"['favstats/meta_ad_reports', 'favstats/meta_ad_reports2']",,,,[],TG-lifelong,https://github.com/favstats/meta_ad_reports2/releases/tag/TG-lifelong
reports,TH,lifelong,fresh,2026-09-29,2026-09-29,0,2770,1384,2026-09-29.rds,2026-10-01T11:41:45Z,416132,"['favstats/meta_ad_reports', 'favstats/meta_ad_reports2']",,,,[],TH-lifelong,https://github.com/favstats/meta_ad_reports2/releases/tag/TH-lifelong
reports,TJ,lifelong,fresh,2026-09-29,2026-09-29,0,2854,1426,2026-09-29.rds,2026-10-01T11:41:48Z,81900,"['favstats/meta_ad_reports', 'favstats/meta_ad_reports2']",,,,[],TJ-lifelong,https://github.com/favstats/meta_ad_reports2/releases/tag/TJ-lifelong
reports,TL,lifelong,fresh,2026-09-29,2026-09-29,0,2770,1384,2026-09-29.rds,2026-10-01T11:41:50Z,70872,"['favstats/meta_ad_reports', 'favstats/meta_ad_reports2']",,,,[],TL-lifelong,https://github.com/favstats/meta_ad_reports2/releases/tag/TL-lifelong
reports,TM,lifelong,fresh,2026-09-29,2026-09-29,0,2852,1425,2026-09-29.rds,2026-10-01T11:41:52Z,40604,"['favstats/meta_ad_reports', 'favstats/meta_ad_reports2']",,,,[],TM-lifelong,https://github.com/favstats/meta_ad_reports2/releases/tag/TM-lifelong
reports,TN,lifelong,fresh,2026-09-29,2026-09-29,0,3093,1545,2026-09-29.rds,2026-10-01T11:41:54Z,174336,"['favstats/meta_ad_reports', 'favstats/meta_ad_reports2']",,,,[],TN-lifelong,https://github.com/favstats/meta_ad_reports2/releases/tag/TN-lifelong
reports,TO,lifelong,fresh,2026-09-29,2026-09-29,0,3248,1623,2026-09-29.rds,2026-10-01T11:41:56Z,64728,"['favstats/meta_ad_reports', 'favstats/meta_ad_reports2']",,,,[],TO-lifelong,https://github.com/favstats/meta_ad_reports2/releases/tag/TO-lifelong
reports,TR,lifelong,fresh,2026-09-29,2026-09-29,0,3252,1625,2026-09-29.rds,2026-10-01T11:42:01Z,777200,"['favstats/meta_ad_reports', 'favstats/meta_ad_reports2']",,,,[],TR-lifelong,https://github.com/favstats/meta_ad_reports2/releases/tag/TR-lifelong
reports,TT,lifelong,fresh,2026-09-29,2026-09-29,0,3246,1622,2026-09-29.rds,2026-10-01T11:42:05Z,97524,"['favstats/meta_ad_reports', 'favstats/meta_ad_reports2']",,,,[],TT-lifelong,https://github.com/favstats/meta_ad_reports2/releases/tag/TT-lifelong
reports,TV,lifelong,fresh,2026-09-29,2026-09-29,0,2852,1425,2026-09-29.rds,2026-10-01T11:42:07Z,27092,"['favstats/meta_ad_reports', 'favstats/meta_ad_reports2']",,,,[],TV-lifelong,https://github.com/favstats/meta_ad_reports2/releases/tag/TV-lifelong
reports,TW,lifelong,fresh,2026-09-29,2026-09-29,0,3252,1625,2026-09-29.rds,2026-10-01T11:42:10Z,644212,"['favstats/meta_ad_reports', 'favstats/meta_ad_reports2']",,,,[],TW-lifelong,https://github.com/favstats/meta_ad_reports2/releases/tag/TW-lifelong
reports,TZ,lifelong,fresh,2026-09-29,2026-09-29,0,3248,1623,2026-09-29.rds,2026-10-01T11:42:13Z,177568,"['favstats/meta_ad_reports', 'favstats/meta_ad_reports2']",,,,[],TZ-lifelong,https://github.com/favstats/meta_ad_reports2/releases/tag/TZ-lifelong
reports,UA,lifelong,fresh,2026-09-29,2026-09-29,0,3249,1624,2026-09-29.rds,2026-10-01T11:42:17Z,743432,"['favstats/meta_ad_reports', 'favstats/meta_ad_reports2']",,,,[],UA-lifelong,https://github.com/favstats/meta_ad_reports2/releases/tag/UA-lifelong
reports,UG,lifelong,fresh,2026-09-29,2026-09-29,0,2851,1425,2026-09-29.rds,2026-10-01T11:42:19Z,96232,"['favstats/meta_ad_reports', 'favstats/meta_ad_reports2']",,,,[],UG-lifelong,https://github.com/favstats/meta_ad_reports2/releases/tag/UG-lifelong
reports,US,lifelong,fresh,2026-09-29,2026-09-29,0,3244,1621,2026-09-29.rds,2026-10-01T11:42:56Z,10231780,"['favstats/meta_ad_reports', 'favstats/meta_ad_reports2']",,,,[],US-lifelong,https://github.com/favstats/meta_ad_reports2/releases/tag/US-lifelong
reports,UY,lifelong,fresh,2026-09-29,2026-09-29,0,3247,1622,2026-09-29.rds,2026-10-01T11:43:10Z,203128,"['favstats/meta_ad_reports', 'favstats/meta_ad_reports2']",,,,[],UY-lifelong,https://github.com/favstats/meta_ad_reports2/releases/tag/UY-lifelong
reports,UZ,lifelong,fresh,2026-09-29,2026-09-29,0,2848,1423,2026-09-29.rds,2026-10-01T11:43:12Z,108308,"['favstats/meta_ad_reports', 'favstats/meta_ad_reports2']",,,,[],UZ-lifelong,https://github.com/favstats/meta_ad_reports2/releases/tag/UZ-lifelong
reports,VC,lifelong,fresh,2026-09-29,2026-09-29,0,3248,1623,2026-09-29.rds,2026-10-01T11:43:14Z,65856,"['favstats/meta_ad_reports', 'favstats/meta_ad_reports2']",,,,[],VC-lifelong,https://github.com/favstats/meta_ad_reports2/releases/tag/VC-lifelong
reports,VE,lifelong,fresh,2026-09-29,2026-09-29,0,2918,1458,2026-09-29.rds,2026-10-01T11:43:16Z,167324,"['favstats/meta_ad_reports', 'favstats/meta_ad_reports2']",,,,[],VE-lifelong,https://github.com/favstats/meta_ad_reports2/releases/tag/VE-lifelong
reports,VG,lifelong,fresh,2026-09-29,2026-09-29,0,2921,1460,2026-09-29.rds,2026-10-01T11:43:18Z,31268,"['favstats/meta_ad_reports', 'favstats/meta_ad_reports2']",,,,[],VG-lifelong,https://github.com/favstats/meta_ad_reports2/releases/tag/VG-lifelong
reports,VN,lifelong,fresh,2026-09-29,2026-09-29,0,2764,1381,2026-09-29.rds,2026-10-01T11:43:30Z,258324,"['favstats/meta_ad_reports', 'favstats/meta_ad_reports2']",,,,[],VN-lifelong,https://github.com/favstats/meta_ad_reports2/releases/tag/VN-lifelong
reports,VU,lifelong,fresh,2026-09-29,2026-09-29,0,2848,1423,2026-09-29.rds,2026-10-01T11:43:33Z,45064,"['favstats/meta_ad_reports', 'favstats/meta_ad_reports2']",,,,[],VU-lifelong,https://github.com/favstats/meta_ad_reports2/releases/tag/VU-lifelong
reports,WS,lifelong,fresh,2026-09-29,2026-09-29,0,3243,1620,2026-09-29.rds,2026-10-01T11:43:44Z,68692,"['favstats/meta_ad_reports', 'favstats/meta_ad_reports2']",,,,[],WS-lifelong,https://github.com/favstats/meta_ad_reports2/releases/tag/WS-lifelong
reports,XK,lifelong,fresh,2026-09-29,2026-09-29,0,307,153,2026-09-29.rds,2026-10-01T11:43:46Z,116020,['favstats/meta_ad_reports2'],,,,[],XK-lifelong,https://github.com/favstats/meta_ad_reports2/releases/tag/XK-lifelong
reports,YE,lifelong,fresh,2026-09-29,2026-09-29,0,2766,1382,2026-09-29.rds,2026-10-01T11:43:48Z,118416,"['favstats/meta_ad_reports', 'favstats/meta_ad_reports2']",,,,[],YE-lifelong,https://github.com/favstats/meta_ad_reports2/releases/tag/YE-lifelong
reports,ZA,lifelong,fresh,2026-09-29,2026-09-29,0,3248,1623,2026-09-29.rds,2026-10-01T11:44:01Z,287388,"['favstats/meta_ad_reports', 'favstats/meta_ad_reports2']",,,,[],ZA-lifelong,https://github.com/favstats/meta_ad_reports2/releases/tag/ZA-lifelong
reports,ZM,lifelong,fresh,2026-09-29,2026-09-29,0,3251,1625,2026-09-29.rds,2026-10-01T11:44:04Z,143420,"['favstats/meta_ad_reports', 'favstats/meta_ad_reports2']",,,,[],ZM-lifelong,https://github.com/favstats/meta_ad_reports2/releases/tag/ZM-lifelong
reports,ZW,lifelong,fresh,2026-09-29,2026-09-29,0,2852,1425,2026-09-29.rds,2026-10-01T11:44:06Z,85452,"['favstats/meta_ad_reports', 'favstats/meta_ad_reports2']",,,,[],ZW-lifelong,https://github.com/favstats/meta_ad_reports2/releases/tag/ZW-lifelong
reports,HK,yesterday,empty_release,,2026-09-29,,0,0,,,,['favstats/meta_ad_reports2'],,,,[],HK-yesterday,https://github.com/favstats/meta_ad_reports2/releases/tag/HK-yesterday
reports,KR,yesterday,empty_release,,2026-09-29,,0,0,,,,['favstats/meta_ad_reports2'],,,,[],KR-yesterday,https://github.com/favstats/meta_ad_reports2/releases/tag/KR-yesterday
reports,VI,yesterday,empty_release,,2026-09-29,,0,0,,,,['favstats/meta_ad_reports2'],,,,[],VI-yesterday,https://github.com/favstats/meta_ad_reports2/releases/tag/VI-yesterday
reports,WF,yesterday,empty_release,,2026-09-29,,0,0,,,,['favstats/meta_ad_reports2'],,,,[],WF-yesterday,https://github.com/favstats/meta_ad_reports2/releases/tag/WF-yesterday
reports,YT,yesterday,empty_release,,2026-09-29,,0,0,,,,['favstats/meta_ad_reports2'],,,,[],YT-yesterday,https://github.com/favstats/meta_ad_reports2/releases/tag/YT-yesterday
reports,AD,yesterday,fresh,2026-09-29,2026-09-29,0,2780,1389,2026-09-29.rds,2026-10-01T03:40:13Z,568,"['favstats/meta_ad_reports', 'favstats/meta_ad_reports2']",,,,[],AD-yesterday,https://github.com/favstats/meta_ad_reports2/releases/tag/AD-yesterday
reports,AE,yesterday,fresh,2026-09-29,2026-09-29,0,2848,1423,2026-09-29.rds,2026-10-01T03:40:14Z,1148,"['favstats/meta_ad_reports', 'favstats/meta_ad_reports2']",,,,[],AE-yesterday,https://github.com/favstats/meta_ad_reports2/releases/tag/AE-yesterday
reports,AL,yesterday,fresh,2026-09-29,2026-09-29,0,3326,1662,2026-09-29.rds,2026-10-01T03:40:22Z,852,"['favstats/meta_ad_reports', 'favstats/meta_ad_reports2']",,,,[],AL-yesterday,https://github.com/favstats/meta_ad_reports2/releases/tag/AL-yesterday
reports,AM,yesterday,fresh,2026-09-29,2026-09-29,0,2928,1463,2026-09-29.rds,2026-10-01T03:40:24Z,1488,"['favstats/meta_ad_reports', 'favstats/meta_ad_reports2']",,,,[],AM-yesterday,https://github.com/favstats/meta_ad_reports2/releases/tag/AM-yesterday
reports,AO,yesterday,fresh,2026-09-29,2026-09-29,0,2989,1493,2026-09-29.rds,2026-10-01T03:40:27Z,796,"['favstats/meta_ad_reports', 'favstats/meta_ad_reports2']",,,,[],AO-yesterday,https://github.com/favstats/meta_ad_reports2/releases/tag/AO-yesterday
reports,AR,yesterday,fresh,2026-09-29,2026-09-29,0,3332,1665,2026-09-29.rds,2026-10-01T03:40:28Z,13980,"['favstats/meta_ad_reports', 'favstats/meta_ad_reports2']",,,,[],AR-yesterday,https://github.com/favstats/meta_ad_reports2/releases/tag/AR-yesterday
reports,AU,yesterday,fresh,2026-09-29,2026-09-29,0,3328,1663,2026-09-29.rds,2026-10-01T03:40:42Z,14468,"['favstats/meta_ad_reports', 'favstats/meta_ad_reports2']",,,,[],AU-yesterday,https://github.com/favstats/meta_ad_reports2/releases/tag/AU-yesterday
reports,AZ,yesterday,fresh,2026-09-29,2026-09-29,0,2934,1466,2026-09-29.rds,2026-10-01T03:40:44Z,1164,"['favstats/meta_ad_reports', 'favstats/meta_ad_reports2']",,,,[],AZ-yesterday,https://github.com/favstats/meta_ad_reports2/releases/tag/AZ-yesterday
reports,BA,yesterday,fresh,2026-09-29,2026-09-29,0,3170,1584,2026-09-29.rds,2026-10-01T03:40:46Z,9764,"['favstats/meta_ad_reports', 'favstats/meta_ad_reports2']",,,,[],BA-yesterday,https://github.com/favstats/meta_ad_reports2/releases/tag/BA-yesterday
reports,BB,yesterday,fresh,2026-09-29,2026-09-29,0,2858,1428,2026-09-29.rds,2026-10-01T03:40:48Z,472,"['favstats/meta_ad_reports', 'favstats/meta_ad_reports2']",,,,[],BB-yesterday,https://github.com/favstats/meta_ad_reports2/releases/tag/BB-yesterday
reports,BD,yesterday,fresh,2026-09-29,2026-09-29,0,2850,1424,2026-09-29.rds,2026-10-01T03:40:50Z,4856,"['favstats/meta_ad_reports', 'favstats/meta_ad_reports2']",,,,[],BD-yesterday,https://github.com/favstats/meta_ad_reports2/releases/tag/BD-yesterday
reports,BF,yesterday,fresh,2026-09-29,2026-09-29,0,3320,1659,2026-09-29.rds,2026-10-01T03:41:04Z,652,"['favstats/meta_ad_reports', 'favstats/meta_ad_reports2']",,,,[],BF-yesterday,https://github.com/favstats/meta_ad_reports2/releases/tag/BF-yesterday
reports,BH,yesterday,fresh,2026-09-29,2026-09-29,0,2850,1424,2026-09-29.rds,2026-10-01T03:41:18Z,820,"['favstats/meta_ad_reports', 'favstats/meta_ad_reports2']",,,,[],BH-yesterday,https://github.com/favstats/meta_ad_reports2/releases/tag/BH-yesterday
reports,BI,yesterday,fresh,2026-09-29,2026-09-29,0,2884,1441,2026-09-29.rds,2026-10-01T03:41:21Z,536,"['favstats/meta_ad_reports', 'favstats/meta_ad_reports2']",,,,[],BI-yesterday,https://github.com/favstats/meta_ad_reports2/releases/tag/BI-yesterday
reports,BJ,yesterday,fresh,2026-09-29,2026-09-29,0,3318,1658,2026-09-29.rds,2026-10-01T03:41:22Z,608,"['favstats/meta_ad_reports', 'favstats/meta_ad_reports2']",,,,[],BJ-yesterday,https://github.com/favstats/meta_ad_reports2/releases/tag/BJ-yesterday
reports,BM,yesterday,fresh,2026-09-29,2026-09-29,0,2972,1485,2026-09-29.rds,2026-10-01T03:41:24Z,508,"['favstats/meta_ad_reports', 'favstats/meta_ad_reports2']",,,,[],BM-yesterday,https://github.com/favstats/meta_ad_reports2/releases/tag/BM-yesterday
reports,BN,yesterday,fresh,2026-09-29,2026-09-29,0,2802,1400,2026-09-29.rds,2026-10-01T03:41:26Z,660,"['favstats/meta_ad_reports', 'favstats/meta_ad_reports2']",,,,[],BN-yesterday,https://github.com/favstats/meta_ad_reports2/releases/tag/BN-yesterday
reports,BO,yesterday,fresh,2026-09-29,2026-09-29,0,3324,1661,2026-09-29.rds,2026-10-01T03:41:28Z,1072,"['favstats/meta_ad_reports', 'favstats/meta_ad_reports2']",,,,[],BO-yesterday,https://github.com/favstats/meta_ad_reports2/releases/tag/BO-yesterday
reports,BR,yesterday,fresh,2026-09-29,2026-09-29,0,3320,1659,2026-09-29.rds,2026-10-01T03:41:31Z,257136,"['favstats/meta_ad_reports', 'favstats/meta_ad_reports2']",,,,[],BR-yesterday,https://github.com/favstats/meta_ad_reports2/releases/tag/BR-yesterday
reports,BS,yesterday,fresh,2026-09-29,2026-09-29,0,3168,1583,2026-09-29.rds,2026-10-01T03:41:33Z,724,"['favstats/meta_ad_reports', 'favstats/meta_ad_reports2']",,,,[],BS-yesterday,https://github.com/favstats/meta_ad_reports2/releases/tag/BS-yesterday
reports,BT,yesterday,fresh,2026-09-29,2026-09-29,0,2824,1411,2026-09-29.rds,2026-10-01T03:41:35Z,632,"['favstats/meta_ad_reports', 'favstats/meta_ad_reports2']",,,,[],BT-yesterday,https://github.com/favstats/meta_ad_reports2/releases/tag/BT-yesterday
reports,BW,yesterday,fresh,2026-09-29,2026-09-29,0,2924,1461,2026-09-29.rds,2026-10-01T03:41:38Z,516,"['favstats/meta_ad_reports', 'favstats/meta_ad_reports2']",,,,[],BW-yesterday,https://github.com/favstats/meta_ad_reports2/releases/tag/BW-yesterday
reports,BY,yesterday,fresh,2026-09-29,2026-09-29,0,2924,1461,2026-09-29.rds,2026-10-01T03:41:39Z,752,"['favstats/meta_ad_reports', 'favstats/meta_ad_reports2']",,,,[],BY-yesterday,https://github.com/favstats/meta_ad_reports2/releases/tag/BY-yesterday
reports,BZ,yesterday,fresh,2026-09-29,2026-09-29,0,3328,1663,2026-09-29.rds,2026-10-01T03:41:42Z,688,"['favstats/meta_ad_reports', 'favstats/meta_ad_reports2']",,,,[],BZ-yesterday,https://github.com/favstats/meta_ad_reports2/releases/tag/BZ-yesterday
reports,CA,yesterday,fresh,2026-09-29,2026-09-29,0,3326,1662,2026-09-29.rds,2026-10-01T03:41:43Z,32212,"['favstats/meta_ad_reports', 'favstats/meta_ad_reports2']",,,,[],CA-yesterday,https://github.com/favstats/meta_ad_reports2/releases/tag/CA-yesterday
reports,CD,yesterday,fresh,2026-09-29,2026-09-29,0,2922,1460,2026-09-29.rds,2026-10-01T03:41:46Z,1072,"['favstats/meta_ad_reports', 'favstats/meta_ad_reports2']",,,,[],CD-yesterday,https://github.com/favstats/meta_ad_reports2/releases/tag/CD-yesterday
reports,CF,yesterday,fresh,2026-09-29,2026-09-29,0,2881,1440,2026-09-29.rds,2026-10-01T03:41:47Z,552,"['favstats/meta_ad_reports', 'favstats/meta_ad_reports2']",,,,[],CF-yesterday,https://github.com/favstats/meta_ad_reports2/releases/tag/CF-yesterday
reports,CG,yesterday,fresh,2026-09-29,2026-09-29,0,3158,1578,2026-09-29.rds,2026-10-01T03:41:49Z,640,"['favstats/meta_ad_reports', 'favstats/meta_ad_reports2']",,,,[],CG-yesterday,https://github.com/favstats/meta_ad_reports2/releases/tag/CG-yesterday
reports,CH,yesterday,fresh,2026-09-29,2026-09-29,0,2926,1462,2026-09-29.rds,2026-10-01T03:41:50Z,3812,"['favstats/meta_ad_reports', 'favstats/meta_ad_reports2']",,,,[],CH-yesterday,https://github.com/favstats/meta_ad_reports2/releases/tag/CH-yesterday
reports,CI,yesterday,fresh,2026-09-29,2026-09-29,0,3326,1662,2026-09-29.rds,2026-10-01T03:41:53Z,1040,"['favstats/meta_ad_reports', 'favstats/meta_ad_reports2']",,,,[],CI-yesterday,https://github.com/favstats/meta_ad_reports2/releases/tag/CI-yesterday
reports,CL,yesterday,fresh,2026-09-29,2026-09-29,0,3324,1661,2026-09-29.rds,2026-10-01T03:41:55Z,3444,"['favstats/meta_ad_reports', 'favstats/meta_ad_reports2']",,,,[],CL-yesterday,https://github.com/favstats/meta_ad_reports2/releases/tag/CL-yesterday
reports,CM,yesterday,fresh,2026-09-29,2026-09-29,0,2926,1462,2026-09-29.rds,2026-10-01T03:41:57Z,784,"['favstats/meta_ad_reports', 'favstats/meta_ad_reports2']",,,,[],CM-yesterday,https://github.com/favstats/meta_ad_reports2/releases/tag/CM-yesterday
reports,CO,yesterday,fresh,2026-09-29,2026-09-29,0,3326,1662,2026-09-29.rds,2026-10-01T03:41:59Z,6692,"['favstats/meta_ad_reports', 'favstats/meta_ad_reports2']",,,,[],CO-yesterday,https://github.com/favstats/meta_ad_reports2/releases/tag/CO-yesterday
reports,CR,yesterday,fresh,2026-09-29,2026-09-29,0,3002,1500,2026-09-29.rds,2026-10-01T03:42:01Z,1092,"['favstats/meta_ad_reports', 'favstats/meta_ad_reports2']",,,,[],CR-yesterday,https://github.com/favstats/meta_ad_reports2/releases/tag/CR-yesterday
reports,CV,yesterday,fresh,2026-09-29,2026-09-29,0,2912,1455,2026-09-29.rds,2026-10-01T03:42:03Z,536,"['favstats/meta_ad_reports', 'favstats/meta_ad_reports2']",,,,[],CV-yesterday,https://github.com/favstats/meta_ad_reports2/releases/tag/CV-yesterday
reports,DJ,yesterday,fresh,2026-09-29,2026-09-29,0,2859,1430,2026-09-29.rds,2026-10-01T03:42:39Z,548,"['favstats/meta_ad_reports', 'favstats/meta_ad_reports2']",,,,[],DJ-yesterday,https://github.com/favstats/meta_ad_reports2/releases/tag/DJ-yesterday
reports,DO,yesterday,fresh,2026-09-29,2026-09-29,0,3313,1656,2026-09-29.rds,2026-10-01T03:42:54Z,1476,"['favstats/meta_ad_reports', 'favstats/meta_ad_reports2']",,,,[],DO-yesterday,https://github.com/favstats/meta_ad_reports2/releases/tag/DO-yesterday
reports,DZ,yesterday,fresh,2026-09-29,2026-09-29,0,2927,1463,2026-09-29.rds,2026-10-01T03:42:57Z,1008,"['favstats/meta_ad_reports', 'favstats/meta_ad_reports2']",,,,[],DZ-yesterday,https://github.com/favstats/meta_ad_reports2/releases/tag/DZ-yesterday
reports,EC,yesterday,fresh,2026-09-29,2026-09-29,0,3320,1659,2026-09-29.rds,2026-10-01T03:42:59Z,5152,"['favstats/meta_ad_reports', 'favstats/meta_ad_reports2']",,,,[],EC-yesterday,https://github.com/favstats/meta_ad_reports2/releases/tag/EC-yesterday
reports,EG,yesterday,fresh,2026-09-29,2026-09-29,0,2922,1460,2026-09-29.rds,2026-10-01T03:43:13Z,3336,"['favstats/meta_ad_reports', 'favstats/meta_ad_reports2']",,,,[],EG-yesterday,https://github.com/favstats/meta_ad_reports2/releases/tag/EG-yesterday
reports,ET,yesterday,fresh,2026-09-29,2026-09-29,0,3306,1652,2026-09-29.rds,2026-10-01T03:43:26Z,796,"['favstats/meta_ad_reports', 'favstats/meta_ad_reports2']",,,,[],ET-yesterday,https://github.com/favstats/meta_ad_reports2/releases/tag/ET-yesterday
reports,FJ,yesterday,fresh,2026-09-29,2026-09-29,0,3164,1581,2026-09-29.rds,2026-10-01T03:43:40Z,2880,"['favstats/meta_ad_reports', 'favstats/meta_ad_reports2']",,,,[],FJ-yesterday,https://github.com/favstats/meta_ad_reports2/releases/tag/FJ-yesterday
reports,FK,yesterday,fresh,2026-09-29,2026-09-29,0,2786,1392,2026-09-29.rds,2026-10-01T03:43:44Z,512,"['favstats/meta_ad_reports', 'favstats/meta_ad_reports2']",,,,[],FK-yesterday,https://github.com/favstats/meta_ad_reports2/releases/tag/FK-yesterday
reports,FM,yesterday,fresh,2026-09-29,2026-09-29,0,2704,1351,2026-09-29.rds,2026-10-01T03:43:47Z,528,"['favstats/meta_ad_reports', 'favstats/meta_ad_reports2']",,,,[],FM-yesterday,https://github.com/favstats/meta_ad_reports2/releases/tag/FM-yesterday
reports,GA,yesterday,fresh,2026-09-29,2026-09-29,0,2919,1459,2026-09-29.rds,2026-10-01T03:44:00Z,564,"['favstats/meta_ad_reports', 'favstats/meta_ad_reports2']",,,,[],GA-yesterday,https://github.com/favstats/meta_ad_reports2/releases/tag/GA-yesterday
reports,GB,yesterday,fresh,2026-09-29,2026-09-29,0,3328,1663,2026-09-29.rds,2026-10-01T03:44:02Z,12128,"['favstats/meta_ad_reports', 'favstats/meta_ad_reports2']",,,,[],GB-yesterday,https://github.com/favstats/meta_ad_reports2/releases/tag/GB-yesterday
reports,GE,yesterday,fresh,2026-09-29,2026-09-29,0,3324,1661,2026-09-29.rds,2026-10-01T03:44:04Z,3164,"['favstats/meta_ad_reports', 'favstats/meta_ad_reports2']",,,,[],GE-yesterday,https://github.com/favstats/meta_ad_reports2/releases/tag/GE-yesterday
reports,GH,yesterday,fresh,2026-09-29,2026-09-29,0,3328,1663,2026-09-29.rds,2026-10-01T03:44:07Z,1072,"['favstats/meta_ad_reports', 'favstats/meta_ad_reports2']",,,,[],GH-yesterday,https://github.com/favstats/meta_ad_reports2/releases/tag/GH-yesterday
reports,GI,yesterday,fresh,2026-09-29,2026-09-29,0,2726,1362,2026-09-29.rds,2026-10-01T03:44:09Z,536,"['favstats/meta_ad_reports', 'favstats/meta_ad_reports2']",,,,[],GI-yesterday,https://github.com/favstats/meta_ad_reports2/releases/tag/GI-yesterday
reports,GM,yesterday,fresh,2026-09-29,2026-09-29,0,2890,1444,2026-09-29.rds,2026-10-01T03:44:11Z,528,"['favstats/meta_ad_reports', 'favstats/meta_ad_reports2']",,,,[],GM-yesterday,https://github.com/favstats/meta_ad_reports2/releases/tag/GM-yesterday
reports,GN,yesterday,fresh,2026-09-29,2026-09-29,0,2918,1458,2026-09-29.rds,2026-10-01T03:44:13Z,636,"['favstats/meta_ad_reports', 'favstats/meta_ad_reports2']",,,,[],GN-yesterday,https://github.com/favstats/meta_ad_reports2/releases/tag/GN-yesterday
reports,GQ,yesterday,fresh,2026-09-29,2026-09-29,0,2868,1433,2026-09-29.rds,2026-10-01T03:44:15Z,480,"['favstats/meta_ad_reports', 'favstats/meta_ad_reports2']",,,,[],GQ-yesterday,https://github.com/favstats/meta_ad_reports2/releases/tag/GQ-yesterday
reports,GT,yesterday,fresh,2026-09-29,2026-09-29,0,3000,1499,2026-09-29.rds,2026-10-01T03:44:28Z,1168,"['favstats/meta_ad_reports', 'favstats/meta_ad_reports2']",,,,[],GT-yesterday,https://github.com/favstats/meta_ad_reports2/releases/tag/GT-yesterday
reports,GW,yesterday,fresh,2026-09-29,2026-09-29,0,2880,1439,2026-09-29.rds,2026-10-01T03:44:31Z,532,"['favstats/meta_ad_reports', 'favstats/meta_ad_reports2']",,,,[],GW-yesterday,https://github.com/favstats/meta_ad_reports2/releases/tag/GW-yesterday
reports,GY,yesterday,fresh,2026-09-29,2026-09-29,0,3314,1656,2026-09-29.rds,2026-10-01T03:44:32Z,584,"['favstats/meta_ad_reports', 'favstats/meta_ad_reports2']",,,,[],GY-yesterday,https://github.com/favstats/meta_ad_reports2/releases/tag/GY-yesterday
reports,HN,yesterday,fresh,2026-09-29,2026-09-29,0,3324,1661,2026-09-29.rds,2026-10-01T03:44:44Z,1280,"['favstats/meta_ad_reports', 'favstats/meta_ad_reports2']",,,,[],HN-yesterday,https://github.com/favstats/meta_ad_reports2/releases/tag/HN-yesterday
reports,HT,yesterday,fresh,2026-09-29,2026-09-29,0,2976,1487,2026-09-29.rds,2026-10-01T03:44:56Z,564,"['favstats/meta_ad_reports', 'favstats/meta_ad_reports2']",,,,[],HT-yesterday,https://github.com/favstats/meta_ad_reports2/releases/tag/HT-yesterday
reports,ID,yesterday,fresh,2026-09-29,2026-09-29,0,3324,1661,2026-09-29.rds,2026-10-01T03:45:10Z,3076,"['favstats/meta_ad_reports', 'favstats/meta_ad_reports2']",,,,[],ID-yesterday,https://github.com/favstats/meta_ad_reports2/releases/tag/ID-yesterday
reports,IL,yesterday,fresh,2026-09-29,2026-09-29,0,3326,1662,2026-09-29.rds,2026-10-01T03:45:23Z,9364,"['favstats/meta_ad_reports', 'favstats/meta_ad_reports2']",,,,[],IL-yesterday,https://github.com/favstats/meta_ad_reports2/releases/tag/IL-yesterday
reports,IM,yesterday,fresh,2026-09-29,2026-09-29,0,2770,1384,2026-09-29.rds,2026-10-01T03:45:25Z,528,"['favstats/meta_ad_reports', 'favstats/meta_ad_reports2']",,,,[],IM-yesterday,https://github.com/favstats/meta_ad_reports2/releases/tag/IM-yesterday
reports,IN,yesterday,fresh,2026-09-29,2026-09-29,0,3328,1663,2026-09-29.rds,2026-10-01T03:45:27Z,44812,"['favstats/meta_ad_reports', 'favstats/meta_ad_reports2']",,,,[],IN-yesterday,https://github.com/favstats/meta_ad_reports2/releases/tag/IN-yesterday
reports,IQ,yesterday,fresh,2026-09-29,2026-09-29,0,3322,1660,2026-09-29.rds,2026-10-01T03:45:30Z,9532,"['favstats/meta_ad_reports', 'favstats/meta_ad_reports2']",,,,[],IQ-yesterday,https://github.com/favstats/meta_ad_reports2/releases/tag/IQ-yesterday
reports,IS,yesterday,fresh,2026-09-29,2026-09-29,0,3313,1655,2026-09-29.rds,2026-10-01T03:45:32Z,884,"['favstats/meta_ad_reports', 'favstats/meta_ad_reports2']",,,,[],IS-yesterday,https://github.com/favstats/meta_ad_reports2/releases/tag/IS-yesterday
reports,JE,yesterday,fresh,2026-09-29,2026-09-29,0,2920,1459,2026-09-29.rds,2026-10-01T03:45:44Z,536,"['favstats/meta_ad_reports', 'favstats/meta_ad_reports2']",,,,[],JE-yesterday,https://github.com/favstats/meta_ad_reports2/releases/tag/JE-yesterday
reports,JO,yesterday,fresh,2026-09-29,2026-09-29,0,2840,1419,2026-09-29.rds,2026-10-01T03:45:47Z,1276,"['favstats/meta_ad_reports', 'favstats/meta_ad_reports2']",,,,[],JO-yesterday,https://github.com/favstats/meta_ad_reports2/releases/tag/JO-yesterday
reports,JP,yesterday,fresh,2026-09-29,2026-09-29,0,3328,1663,2026-09-29.rds,2026-10-01T03:45:49Z,2304,"['favstats/meta_ad_reports', 'favstats/meta_ad_reports2']",,,,[],JP-yesterday,https://github.com/favstats/meta_ad_reports2/releases/tag/JP-yesterday
reports,KE,yesterday,fresh,2026-09-29,2026-09-29,0,3328,1663,2026-09-29.rds,2026-10-01T03:45:51Z,1620,"['favstats/meta_ad_reports', 'favstats/meta_ad_reports2']",,,,[],KE-yesterday,https://github.com/favstats/meta_ad_reports2/releases/tag/KE-yesterday
reports,KG,yesterday,fresh,2026-09-29,2026-09-29,0,3316,1657,2026-09-29.rds,2026-10-01T03:45:53Z,952,"['favstats/meta_ad_reports', 'favstats/meta_ad_reports2']",,,,[],KG-yesterday,https://github.com/favstats/meta_ad_reports2/releases/tag/KG-yesterday
reports,KH,yesterday,fresh,2026-09-29,2026-09-29,0,2846,1422,2026-09-29.rds,2026-10-01T03:45:55Z,1884,"['favstats/meta_ad_reports', 'favstats/meta_ad_reports2']",,,,[],KH-yesterday,https://github.com/favstats/meta_ad_reports2/releases/tag/KH-yesterday
reports,KI,yesterday,fresh,2026-09-29,2026-09-29,0,2686,1342,2026-09-29.rds,2026-10-01T03:45:57Z,612,"['favstats/meta_ad_reports', 'favstats/meta_ad_reports2']",,,,[],KI-yesterday,https://github.com/favstats/meta_ad_reports2/releases/tag/KI-yesterday
reports,KM,yesterday,fresh,2026-09-29,2026-09-29,0,2880,1439,2026-09-29.rds,2026-10-01T03:45:59Z,1184,"['favstats/meta_ad_reports', 'favstats/meta_ad_reports2']",,,,[],KM-yesterday,https://github.com/favstats/meta_ad_reports2/releases/tag/KM-yesterday
reports,KN,yesterday,fresh,2026-09-29,2026-09-29,0,2790,1394,2026-09-29.rds,2026-10-01T03:46:02Z,404,"['favstats/meta_ad_reports', 'favstats/meta_ad_reports2']",,,,[],KN-yesterday,https://github.com/favstats/meta_ad_reports2/releases/tag/KN-yesterday
reports,KW,yesterday,fresh,2026-09-29,2026-09-29,0,2846,1422,2026-09-29.rds,2026-10-01T03:46:15Z,880,"['favstats/meta_ad_reports', 'favstats/meta_ad_reports2']",,,,[],KW-yesterday,https://github.com/favstats/meta_ad_reports2/releases/tag/KW-yesterday
reports,KY,yesterday,fresh,2026-09-29,2026-09-29,0,3216,1607,2026-09-29.rds,2026-10-01T03:46:17Z,516,"['favstats/meta_ad_reports', 'favstats/meta_ad_reports2']",,,,[],KY-yesterday,https://github.com/favstats/meta_ad_reports2/releases/tag/KY-yesterday
reports,KZ,yesterday,fresh,2026-09-29,2026-09-29,0,2932,1465,2026-09-29.rds,2026-10-01T03:46:19Z,916,"['favstats/meta_ad_reports', 'favstats/meta_ad_reports2']",,,,[],KZ-yesterday,https://github.com/favstats/meta_ad_reports2/releases/tag/KZ-yesterday
reports,LA,yesterday,fresh,2026-09-29,2026-09-29,0,2832,1416,2026-09-29.rds,2026-10-01T03:46:21Z,728,"['favstats/meta_ad_reports', 'favstats/meta_ad_reports2']",,,,[],LA-yesterday,https://github.com/favstats/meta_ad_reports2/releases/tag/LA-yesterday
reports,LB,yesterday,fresh,2026-09-29,2026-09-29,0,3170,1584,2026-09-29.rds,2026-10-01T03:46:24Z,1612,"['favstats/meta_ad_reports', 'favstats/meta_ad_reports2']",,,,[],LB-yesterday,https://github.com/favstats/meta_ad_reports2/releases/tag/LB-yesterday
reports,LI,yesterday,fresh,2026-09-29,2026-09-29,0,2566,1282,2026-09-29.rds,2026-10-01T03:46:28Z,508,"['favstats/meta_ad_reports', 'favstats/meta_ad_reports2']",,,,[],LI-yesterday,https://github.com/favstats/meta_ad_reports2/releases/tag/LI-yesterday
reports,LK,yesterday,fresh,2026-09-29,2026-09-29,0,3322,1660,2026-09-29.rds,2026-10-01T03:46:31Z,924,"['favstats/meta_ad_reports', 'favstats/meta_ad_reports2']",,,,[],LK-yesterday,https://github.com/favstats/meta_ad_reports2/releases/tag/LK-yesterday
reports,LR,yesterday,fresh,2026-09-29,2026-09-29,0,2924,1461,2026-09-29.rds,2026-10-01T03:46:32Z,560,"['favstats/meta_ad_reports', 'favstats/meta_ad_reports2']",,,,[],LR-yesterday,https://github.com/favstats/meta_ad_reports2/releases/tag/LR-yesterday
reports,LS,yesterday,fresh,2026-09-29,2026-09-29,0,3073,1536,2026-09-29.rds,2026-10-01T03:46:35Z,536,"['favstats/meta_ad_reports', 'favstats/meta_ad_reports2']",,,,[],LS-yesterday,https://github.com/favstats/meta_ad_reports2/releases/tag/LS-yesterday
reports,LY,yesterday,fresh,2026-09-29,2026-09-29,0,2928,1463,2026-09-29.rds,2026-10-01T03:47:10Z,1544,"['favstats/meta_ad_reports', 'favstats/meta_ad_reports2']",,,,[],LY-yesterday,https://github.com/favstats/meta_ad_reports2/releases/tag/LY-yesterday
reports,MA,yesterday,fresh,2026-09-29,2026-09-29,0,3326,1662,2026-09-29.rds,2026-10-01T03:47:13Z,1912,"['favstats/meta_ad_reports', 'favstats/meta_ad_reports2']",,,,[],MA-yesterday,https://github.com/favstats/meta_ad_reports2/releases/tag/MA-yesterday
reports,MD,yesterday,fresh,2026-09-29,2026-09-29,0,3324,1661,2026-09-29.rds,2026-10-01T03:47:17Z,2204,"['favstats/meta_ad_reports', 'favstats/meta_ad_reports2']",,,,[],MD-yesterday,https://github.com/favstats/meta_ad_reports2/releases/tag/MD-yesterday
reports,ME,yesterday,fresh,2026-09-29,2026-09-29,0,3325,1661,2026-09-29.rds,2026-10-01T03:47:19Z,1076,"['favstats/meta_ad_reports', 'favstats/meta_ad_reports2']",,,,[],ME-yesterday,https://github.com/favstats/meta_ad_reports2/releases/tag/ME-yesterday
reports,MG,yesterday,fresh,2026-09-29,2026-09-29,0,3318,1658,2026-09-29.rds,2026-10-01T03:47:21Z,740,"['favstats/meta_ad_reports', 'favstats/meta_ad_reports2']",,,,[],MG-yesterday,https://github.com/favstats/meta_ad_reports2/releases/tag/MG-yesterday
reports,MH,yesterday,fresh,2026-09-29,2026-09-29,0,2648,1323,2026-09-29.rds,2026-10-01T03:47:26Z,508,"['favstats/meta_ad_reports', 'favstats/meta_ad_reports2']",,,,[],MH-yesterday,https://github.com/favstats/meta_ad_reports2/releases/tag/MH-yesterday
reports,MK,yesterday,fresh,2026-09-29,2026-09-29,0,3326,1662,2026-09-29.rds,2026-10-01T03:47:29Z,1492,"['favstats/meta_ad_reports', 'favstats/meta_ad_reports2']",,,,[],MK-yesterday,https://github.com/favstats/meta_ad_reports2/releases/tag/MK-yesterday
reports,ML,yesterday,fresh,2026-09-29,2026-09-29,0,3324,1661,2026-09-29.rds,2026-10-01T03:47:31Z,544,"['favstats/meta_ad_reports', 'favstats/meta_ad_reports2']",,,,[],ML-yesterday,https://github.com/favstats/meta_ad_reports2/releases/tag/ML-yesterday
reports,MM,yesterday,fresh,2026-09-29,2026-09-29,0,3324,1661,2026-09-29.rds,2026-10-01T03:47:33Z,696,"['favstats/meta_ad_reports', 'favstats/meta_ad_reports2']",,,,[],MM-yesterday,https://github.com/favstats/meta_ad_reports2/releases/tag/MM-yesterday
reports,MN,yesterday,fresh,2026-09-29,2026-09-29,0,3324,1661,2026-09-29.rds,2026-10-01T03:47:36Z,1392,"['favstats/meta_ad_reports', 'favstats/meta_ad_reports2']",,,,[],MN-yesterday,https://github.com/favstats/meta_ad_reports2/releases/tag/MN-yesterday
reports,MR,yesterday,fresh,2026-09-29,2026-09-29,0,2928,1463,2026-09-29.rds,2026-10-01T03:47:37Z,816,"['favstats/meta_ad_reports', 'favstats/meta_ad_reports2']",,,,[],MR-yesterday,https://github.com/favstats/meta_ad_reports2/releases/tag/MR-yesterday
reports,MU,yesterday,fresh,2026-09-29,2026-09-29,0,3312,1655,2026-09-29.rds,2026-10-01T03:47:59Z,652,"['favstats/meta_ad_reports', 'favstats/meta_ad_reports2']",,,,[],MU-yesterday,https://github.com/favstats/meta_ad_reports2/releases/tag/MU-yesterday
reports,MV,yesterday,fresh,2026-09-29,2026-09-29,0,2820,1409,2026-09-29.rds,2026-10-01T03:48:02Z,620,"['favstats/meta_ad_reports', 'favstats/meta_ad_reports2']",,,,[],MV-yesterday,https://github.com/favstats/meta_ad_reports2/releases/tag/MV-yesterday
reports,MW,yesterday,fresh,2026-09-29,2026-09-29,0,2896,1447,2026-09-29.rds,2026-10-01T03:48:04Z,556,"['favstats/meta_ad_reports', 'favstats/meta_ad_reports2']",,,,[],MW-yesterday,https://github.com/favstats/meta_ad_reports2/releases/tag/MW-yesterday
reports,MY,yesterday,fresh,2026-09-29,2026-09-29,0,3309,1654,2026-09-29.rds,2026-10-01T03:48:07Z,2572,"['favstats/meta_ad_reports', 'favstats/meta_ad_reports2']",,,,[],MY-yesterday,https://github.com/favstats/meta_ad_reports2/releases/tag/MY-yesterday
reports,MZ,yesterday,fresh,2026-09-29,2026-09-29,0,2920,1459,2026-09-29.rds,2026-10-01T03:48:09Z,692,"['favstats/meta_ad_reports', 'favstats/meta_ad_reports2']",,,,[],MZ-yesterday,https://github.com/favstats/meta_ad_reports2/releases/tag/MZ-yesterday
reports,NA,yesterday,fresh,2026-09-29,2026-09-29,0,2898,1448,2026-09-29.rds,2026-10-01T03:48:12Z,476,"['favstats/meta_ad_reports', 'favstats/meta_ad_reports2']",,,,[],NA-yesterday,https://github.com/favstats/meta_ad_reports2/releases/tag/NA-yesterday
reports,NE,yesterday,fresh,2026-09-29,2026-09-29,0,2898,1448,2026-09-29.rds,2026-10-01T03:48:14Z,556,"['favstats/meta_ad_reports', 'favstats/meta_ad_reports2']",,,,[],NE-yesterday,https://github.com/favstats/meta_ad_reports2/releases/tag/NE-yesterday
reports,NG,yesterday,fresh,2026-09-29,2026-09-29,0,3158,1578,2026-09-29.rds,2026-10-01T03:48:16Z,2844,"['favstats/meta_ad_reports', 'favstats/meta_ad_reports2']",,,,[],NG-yesterday,https://github.com/favstats/meta_ad_reports2/releases/tag/NG-yesterday
reports,NI,yesterday,fresh,2026-09-29,2026-09-29,0,2978,1488,2026-09-29.rds,2026-10-01T03:48:18Z,684,"['favstats/meta_ad_reports', 'favstats/meta_ad_reports2']",,,,[],NI-yesterday,https://github.com/favstats/meta_ad_reports2/releases/tag/NI-yesterday
reports,NO,yesterday,fresh,2026-09-29,2026-09-29,0,3326,1662,2026-09-29.rds,2026-10-01T03:48:30Z,2620,"['favstats/meta_ad_reports', 'favstats/meta_ad_reports2']",,,,[],NO-yesterday,https://github.com/favstats/meta_ad_reports2/releases/tag/NO-yesterday
reports,NP,yesterday,fresh,2026-09-29,2026-09-29,0,2844,1421,2026-09-29.rds,2026-10-01T03:48:32Z,1856,"['favstats/meta_ad_reports', 'favstats/meta_ad_reports2']",,,,[],NP-yesterday,https://github.com/favstats/meta_ad_reports2/releases/tag/NP-yesterday
reports,NR,yesterday,fresh,2026-09-29,2026-09-29,0,2552,1275,2026-09-29.rds,2026-10-01T03:48:37Z,508,"['favstats/meta_ad_reports', 'favstats/meta_ad_reports2']",,,,[],NR-yesterday,https://github.com/favstats/meta_ad_reports2/releases/tag/NR-yesterday
reports,NZ,yesterday,fresh,2026-09-29,2026-09-29,0,3324,1661,2026-09-29.rds,2026-10-01T03:48:40Z,4076,"['favstats/meta_ad_reports', 'favstats/meta_ad_reports2']",,,,[],NZ-yesterday,https://github.com/favstats/meta_ad_reports2/releases/tag/NZ-yesterday
reports,OM,yesterday,fresh,2026-09-29,2026-09-29,0,2840,1419,2026-09-29.rds,2026-10-01T03:48:42Z,804,"['favstats/meta_ad_reports', 'favstats/meta_ad_reports2']",,,,[],OM-yesterday,https://github.com/favstats/meta_ad_reports2/releases/tag/OM-yesterday
reports,PA,yesterday,fresh,2026-09-29,2026-09-29,0,2993,1496,2026-09-29.rds,2026-10-01T03:48:43Z,920,"['favstats/meta_ad_reports', 'favstats/meta_ad_reports2']",,,,[],PA-yesterday,https://github.com/favstats/meta_ad_reports2/releases/tag/PA-yesterday
reports,PE,yesterday,fresh,2026-09-29,2026-09-29,0,3324,1661,2026-09-29.rds,2026-10-01T03:48:46Z,21312,"['favstats/meta_ad_reports', 'favstats/meta_ad_reports2']",,,,[],PE-yesterday,https://github.com/favstats/meta_ad_reports2/releases/tag/PE-yesterday
reports,PG,yesterday,fresh,2026-09-29,2026-09-29,0,3135,1567,2026-09-29.rds,2026-10-01T03:48:48Z,668,"['favstats/meta_ad_reports', 'favstats/meta_ad_reports2']",,,,[],PG-yesterday,https://github.com/favstats/meta_ad_reports2/releases/tag/PG-yesterday
reports,PH,yesterday,fresh,2026-09-29,2026-09-29,0,3317,1658,2026-09-29.rds,2026-10-01T03:48:50Z,7712,"['favstats/meta_ad_reports', 'favstats/meta_ad_reports2']",,,,[],PH-yesterday,https://github.com/favstats/meta_ad_reports2/releases/tag/PH-yesterday
reports,PK,yesterday,fresh,2026-09-29,2026-09-29,0,2922,1460,2026-09-29.rds,2026-10-01T03:48:53Z,2496,"['favstats/meta_ad_reports', 'favstats/meta_ad_reports2']",,,,[],PK-yesterday,https://github.com/favstats/meta_ad_reports2/releases/tag/PK-yesterday
reports,PS,yesterday,fresh,2026-09-29,2026-09-29,0,2844,1421,2026-09-29.rds,2026-10-01T03:49:05Z,1156,"['favstats/meta_ad_reports', 'favstats/meta_ad_reports2']",,,,[],PS-yesterday,https://github.com/favstats/meta_ad_reports2/releases/tag/PS-yesterday
reports,PW,yesterday,fresh,2026-09-29,2026-09-29,0,3086,1542,2026-09-29.rds,2026-10-01T03:49:21Z,508,"['favstats/meta_ad_reports', 'favstats/meta_ad_reports2']",,,,[],PW-yesterday,https://github.com/favstats/meta_ad_reports2/releases/tag/PW-yesterday
reports,PY,yesterday,fresh,2026-09-29,2026-09-29,0,3322,1660,2026-09-29.rds,2026-10-01T03:49:23Z,7092,"['favstats/meta_ad_reports', 'favstats/meta_ad_reports2']",,,,[],PY-yesterday,https://github.com/favstats/meta_ad_reports2/releases/tag/PY-yesterday
reports,QA,yesterday,fresh,2026-09-29,2026-09-29,0,2842,1420,2026-09-29.rds,2026-10-01T03:49:25Z,956,"['favstats/meta_ad_reports', 'favstats/meta_ad_reports2']",,,,[],QA-yesterday,https://github.com/favstats/meta_ad_reports2/releases/tag/QA-yesterday
reports,RS,yesterday,fresh,2026-09-29,2026-09-29,0,3322,1660,2026-09-29.rds,2026-10-01T03:49:40Z,2624,"['favstats/meta_ad_reports', 'favstats/meta_ad_reports2']",,,,[],RS-yesterday,https://github.com/favstats/meta_ad_reports2/releases/tag/RS-yesterday
reports,RW,yesterday,fresh,2026-09-29,2026-09-29,0,2908,1453,2026-09-29.rds,2026-10-01T03:49:42Z,572,"['favstats/meta_ad_reports', 'favstats/meta_ad_reports2']",,,,[],RW-yesterday,https://github.com/favstats/meta_ad_reports2/releases/tag/RW-yesterday
reports,SA,yesterday,fresh,2026-09-29,2026-09-29,0,2838,1418,2026-09-29.rds,2026-10-01T03:49:44Z,1256,"['favstats/meta_ad_reports', 'favstats/meta_ad_reports2']",,,,[],SA-yesterday,https://github.com/favstats/meta_ad_reports2/releases/tag/SA-yesterday
reports,SB,yesterday,fresh,2026-09-29,2026-09-29,0,2798,1398,2026-09-29.rds,2026-10-01T03:49:47Z,612,"['favstats/meta_ad_reports', 'favstats/meta_ad_reports2']",,,,[],SB-yesterday,https://github.com/favstats/meta_ad_reports2/releases/tag/SB-yesterday
reports,SC,yesterday,fresh,2026-09-29,2026-09-29,0,3282,1640,2026-09-29.rds,2026-10-01T03:49:48Z,516,"['favstats/meta_ad_reports', 'favstats/meta_ad_reports2']",,,,[],SC-yesterday,https://github.com/favstats/meta_ad_reports2/releases/tag/SC-yesterday
reports,SG,yesterday,fresh,2026-09-29,2026-09-29,0,3324,1661,2026-09-29.rds,2026-10-01T03:50:00Z,988,"['favstats/meta_ad_reports', 'favstats/meta_ad_reports2']",,,,[],SG-yesterday,https://github.com/favstats/meta_ad_reports2/releases/tag/SG-yesterday
reports,SL,yesterday,fresh,2026-09-29,2026-09-29,0,3158,1578,2026-09-29.rds,2026-10-01T03:50:28Z,584,"['favstats/meta_ad_reports', 'favstats/meta_ad_reports2']",,,,[],SL-yesterday,https://github.com/favstats/meta_ad_reports2/releases/tag/SL-yesterday
reports,SM,yesterday,fresh,2026-09-29,2026-09-29,0,2818,1408,2026-09-29.rds,2026-10-01T03:50:29Z,464,"['favstats/meta_ad_reports', 'favstats/meta_ad_reports2']",,,,[],SM-yesterday,https://github.com/favstats/meta_ad_reports2/releases/tag/SM-yesterday
reports,SN,yesterday,fresh,2026-09-29,2026-09-29,0,3312,1655,2026-09-29.rds,2026-10-01T03:50:32Z,908,"['favstats/meta_ad_reports', 'favstats/meta_ad_reports2']",,,,[],SN-yesterday,https://github.com/favstats/meta_ad_reports2/releases/tag/SN-yesterday
reports,SO,yesterday,fresh,2026-09-29,2026-09-29,0,2920,1459,2026-09-29.rds,2026-10-01T03:50:34Z,680,"['favstats/meta_ad_reports', 'favstats/meta_ad_reports2']",,,,[],SO-yesterday,https://github.com/favstats/meta_ad_reports2/releases/tag/SO-yesterday
reports,SR,yesterday,fresh,2026-09-29,2026-09-29,0,3307,1652,2026-09-29.rds,2026-10-01T03:50:36Z,656,"['favstats/meta_ad_reports', 'favstats/meta_ad_reports2']",,,,[],SR-yesterday,https://github.com/favstats/meta_ad_reports2/releases/tag/SR-yesterday
reports,SS,yesterday,fresh,2026-09-29,2026-09-29,0,2910,1454,2026-09-29.rds,2026-10-01T03:50:39Z,564,"['favstats/meta_ad_reports', 'favstats/meta_ad_reports2']",,,,[],SS-yesterday,https://github.com/favstats/meta_ad_reports2/releases/tag/SS-yesterday
reports,ST,yesterday,fresh,2026-09-29,2026-09-29,0,3229,1614,2026-09-29.rds,2026-10-01T03:50:41Z,504,"['favstats/meta_ad_reports', 'favstats/meta_ad_reports2']",,,,[],ST-yesterday,https://github.com/favstats/meta_ad_reports2/releases/tag/ST-yesterday
reports,SV,yesterday,fresh,2026-09-29,2026-09-29,0,3000,1499,2026-09-29.rds,2026-10-01T03:50:43Z,1208,"['favstats/meta_ad_reports', 'favstats/meta_ad_reports2']",,,,[],SV-yesterday,https://github.com/favstats/meta_ad_reports2/releases/tag/SV-yesterday
reports,SZ,yesterday,fresh,2026-09-29,2026-09-29,0,2883,1441,2026-09-29.rds,2026-10-01T03:50:45Z,472,"['favstats/meta_ad_reports', 'favstats/meta_ad_reports2']",,,,[],SZ-yesterday,https://github.com/favstats/meta_ad_reports2/releases/tag/SZ-yesterday
reports,TD,yesterday,fresh,2026-09-29,2026-09-29,0,2918,1458,2026-09-29.rds,2026-10-01T03:50:50Z,516,"['favstats/meta_ad_reports', 'favstats/meta_ad_reports2']",,,,[],TD-yesterday,https://github.com/favstats/meta_ad_reports2/releases/tag/TD-yesterday
reports,TG,yesterday,fresh,2026-09-29,2026-09-29,0,2900,1449,2026-09-29.rds,2026-10-01T03:50:52Z,508,"['favstats/meta_ad_reports', 'favstats/meta_ad_reports2']",,,,[],TG-yesterday,https://github.com/favstats/meta_ad_reports2/releases/tag/TG-yesterday
reports,TJ,yesterday,fresh,2026-09-29,2026-09-29,0,2894,1446,2026-09-29.rds,2026-10-01T03:50:54Z,968,"['favstats/meta_ad_reports', 'favstats/meta_ad_reports2']",,,,[],TJ-yesterday,https://github.com/favstats/meta_ad_reports2/releases/tag/TJ-yesterday
reports,TL,yesterday,fresh,2026-09-29,2026-09-29,0,2818,1408,2026-09-29.rds,2026-10-01T03:50:57Z,624,"['favstats/meta_ad_reports', 'favstats/meta_ad_reports2']",,,,[],TL-yesterday,https://github.com/favstats/meta_ad_reports2/releases/tag/TL-yesterday
reports,TM,yesterday,fresh,2026-09-29,2026-09-29,0,2686,1342,2026-09-29.rds,2026-10-01T03:50:59Z,572,"['favstats/meta_ad_reports', 'favstats/meta_ad_reports2']",,,,[],TM-yesterday,https://github.com/favstats/meta_ad_reports2/releases/tag/TM-yesterday
reports,TN,yesterday,fresh,2026-09-29,2026-09-29,0,3161,1580,2026-09-29.rds,2026-10-01T03:51:01Z,820,"['favstats/meta_ad_reports', 'favstats/meta_ad_reports2']",,,,[],TN-yesterday,https://github.com/favstats/meta_ad_reports2/releases/tag/TN-yesterday
reports,TO,yesterday,fresh,2026-09-29,2026-09-29,0,3160,1579,2026-09-29.rds,2026-10-01T03:51:03Z,532,"['favstats/meta_ad_reports', 'favstats/meta_ad_reports2']",,,,[],TO-yesterday,https://github.com/favstats/meta_ad_reports2/releases/tag/TO-yesterday
reports,TR,yesterday,fresh,2026-09-29,2026-09-29,0,3326,1662,2026-09-29.rds,2026-10-01T03:51:05Z,4224,"['favstats/meta_ad_reports', 'favstats/meta_ad_reports2']",,,,[],TR-yesterday,https://github.com/favstats/meta_ad_reports2/releases/tag/TR-yesterday
reports,TT,yesterday,fresh,2026-09-29,2026-09-29,0,3304,1651,2026-09-29.rds,2026-10-01T03:51:07Z,676,"['favstats/meta_ad_reports', 'favstats/meta_ad_reports2']",,,,[],TT-yesterday,https://github.com/favstats/meta_ad_reports2/releases/tag/TT-yesterday
reports,TV,yesterday,fresh,2026-09-29,2026-09-29,0,2406,1202,2026-09-29.rds,2026-10-01T03:51:11Z,492,"['favstats/meta_ad_reports', 'favstats/meta_ad_reports2']",,,,[],TV-yesterday,https://github.com/favstats/meta_ad_reports2/releases/tag/TV-yesterday
reports,TW,yesterday,fresh,2026-09-29,2026-09-29,0,3321,1660,2026-09-29.rds,2026-10-01T03:51:13Z,9524,"['favstats/meta_ad_reports', 'favstats/meta_ad_reports2']",,,,[],TW-yesterday,https://github.com/favstats/meta_ad_reports2/releases/tag/TW-yesterday
reports,TZ,yesterday,fresh,2026-09-29,2026-09-29,0,3316,1658,2026-09-29.rds,2026-10-01T03:51:15Z,644,"['favstats/meta_ad_reports', 'favstats/meta_ad_reports2']",,,,[],TZ-yesterday,https://github.com/favstats/meta_ad_reports2/releases/tag/TZ-yesterday
reports,UA,yesterday,fresh,2026-09-29,2026-09-29,0,3320,1659,2026-09-29.rds,2026-10-01T03:51:17Z,4748,"['favstats/meta_ad_reports', 'favstats/meta_ad_reports2']",,,,[],UA-yesterday,https://github.com/favstats/meta_ad_reports2/releases/tag/UA-yesterday
reports,UG,yesterday,fresh,2026-09-29,2026-09-29,0,2903,1451,2026-09-29.rds,2026-10-01T03:51:19Z,504,"['favstats/meta_ad_reports', 'favstats/meta_ad_reports2']",,,,[],UG-yesterday,https://github.com/favstats/meta_ad_reports2/releases/tag/UG-yesterday
reports,US,yesterday,fresh,2026-09-29,2026-09-29,0,3316,1657,2026-09-29.rds,2026-10-01T03:51:22Z,178916,"['favstats/meta_ad_reports', 'favstats/meta_ad_reports2']",,,,[],US-yesterday,https://github.com/favstats/meta_ad_reports2/releases/tag/US-yesterday
reports,UY,yesterday,fresh,2026-09-29,2026-09-29,0,3319,1659,2026-09-29.rds,2026-10-01T03:51:24Z,796,"['favstats/meta_ad_reports', 'favstats/meta_ad_reports2']",,,,[],UY-yesterday,https://github.com/favstats/meta_ad_reports2/releases/tag/UY-yesterday
reports,UZ,yesterday,fresh,2026-09-29,2026-09-29,0,2912,1455,2026-09-29.rds,2026-10-01T03:51:26Z,884,"['favstats/meta_ad_reports', 'favstats/meta_ad_reports2']",,,,[],UZ-yesterday,https://github.com/favstats/meta_ad_reports2/releases/tag/UZ-yesterday
reports,VC,yesterday,fresh,2026-09-29,2026-09-29,0,3226,1612,2026-09-29.rds,2026-10-01T03:51:29Z,472,"['favstats/meta_ad_reports', 'favstats/meta_ad_reports2']",,,,[],VC-yesterday,https://github.com/favstats/meta_ad_reports2/releases/tag/VC-yesterday
reports,VE,yesterday,fresh,2026-09-29,2026-09-29,0,2990,1494,2026-09-29.rds,2026-10-01T03:51:31Z,956,"['favstats/meta_ad_reports', 'favstats/meta_ad_reports2']",,,,[],VE-yesterday,https://github.com/favstats/meta_ad_reports2/releases/tag/VE-yesterday
reports,VN,yesterday,fresh,2026-09-29,2026-09-29,0,2836,1417,2026-09-29.rds,2026-10-01T03:51:47Z,960,"['favstats/meta_ad_reports', 'favstats/meta_ad_reports2']",,,,[],VN-yesterday,https://github.com/favstats/meta_ad_reports2/releases/tag/VN-yesterday
reports,VU,yesterday,fresh,2026-09-29,2026-09-29,0,2783,1391,2026-09-29.rds,2026-10-01T03:51:49Z,572,"['favstats/meta_ad_reports', 'favstats/meta_ad_reports2']",,,,[],VU-yesterday,https://github.com/favstats/meta_ad_reports2/releases/tag/VU-yesterday
reports,WS,yesterday,fresh,2026-09-29,2026-09-29,0,3182,1590,2026-09-29.rds,2026-10-01T03:52:03Z,556,"['favstats/meta_ad_reports', 'favstats/meta_ad_reports2']",,,,[],WS-yesterday,https://github.com/favstats/meta_ad_reports2/releases/tag/WS-yesterday
reports,XK,yesterday,fresh,2026-09-29,2026-09-29,0,301,150,2026-09-29.rds,2026-10-01T03:52:05Z,880,['favstats/meta_ad_reports2'],,,,[],XK-yesterday,https://github.com/favstats/meta_ad_reports2/releases/tag/XK-yesterday
reports,YE,yesterday,fresh,2026-09-29,2026-09-29,0,2834,1416,2026-09-29.rds,2026-10-01T03:52:08Z,932,"['favstats/meta_ad_reports', 'favstats/meta_ad_reports2']",,,,[],YE-yesterday,https://github.com/favstats/meta_ad_reports2/releases/tag/YE-yesterday
reports,AG,yesterday,lagging,2026-09-28,2026-09-29,1,2916,1457,2026-09-28.rds,2026-09-30T03:32:58Z,532,"['favstats/meta_ad_reports', 'favstats/meta_ad_reports2']",,,,[],AG-yesterday,https://github.com/favstats/meta_ad_reports2/releases/tag/AG-yesterday
reports,AI,yesterday,lagging,2026-09-27,2026-09-29,2,2276,1137,2026-09-27.rds,2026-09-29T03:48:10Z,504,"['favstats/meta_ad_reports', 'favstats/meta_ad_reports2']",,,,[],AI-yesterday,https://github.com/favstats/meta_ad_reports2/releases/tag/AI-yesterday
reports,AT,yesterday,lagging,2025-10-04,2026-09-29,360,2724,1361,2025-10-04.rds,2025-10-06T00:38:39Z,5984,"['favstats/meta_ad_reports', 'favstats/meta_ad_reports2']",,,,[],AT-yesterday,https://github.com/favstats/meta_ad_reports2/releases/tag/AT-yesterday
reports,BE,yesterday,lagging,2025-10-04,2026-09-29,360,2728,1363,2025-10-04.rds,2025-10-06T00:38:51Z,8056,"['favstats/meta_ad_reports', 'favstats/meta_ad_reports2']",,,,[],BE-yesterday,https://github.com/favstats/meta_ad_reports2/releases/tag/BE-yesterday
reports,BG,yesterday,lagging,2025-10-04,2026-09-29,360,2722,1360,2025-10-04.rds,2025-10-06T00:38:54Z,2748,"['favstats/meta_ad_reports', 'favstats/meta_ad_reports2']",,,,[],BG-yesterday,https://github.com/favstats/meta_ad_reports2/releases/tag/BG-yesterday
reports,CY,yesterday,lagging,2025-10-04,2026-09-29,360,2727,1363,2025-10-04.rds,2025-10-06T00:39:36Z,2824,"['favstats/meta_ad_reports', 'favstats/meta_ad_reports2']",,,,[],CY-yesterday,https://github.com/favstats/meta_ad_reports2/releases/tag/CY-yesterday
reports,CZ,yesterday,lagging,2025-10-04,2026-09-29,360,2718,1359,2025-10-04.rds,2025-10-06T00:39:38Z,13000,"['favstats/meta_ad_reports', 'favstats/meta_ad_reports2']",,,,[],CZ-yesterday,https://github.com/favstats/meta_ad_reports2/releases/tag/CZ-yesterday
reports,DE,yesterday,lagging,2025-10-04,2026-09-29,360,2714,1357,2025-10-04.rds,2025-10-06T00:39:39Z,14360,"['favstats/meta_ad_reports', 'favstats/meta_ad_reports2']",,,,[],DE-yesterday,https://github.com/favstats/meta_ad_reports2/releases/tag/DE-yesterday
reports,DK,yesterday,lagging,2025-10-04,2026-09-29,360,2722,1360,2025-10-04.rds,2025-10-06T00:39:43Z,18796,"['favstats/meta_ad_reports', 'favstats/meta_ad_reports2']",,,,[],DK-yesterday,https://github.com/favstats/meta_ad_reports2/releases/tag/DK-yesterday
reports,DM,yesterday,lagging,2026-09-28,2026-09-29,1,2742,1371,2026-09-28.rds,2026-09-30T03:35:06Z,516,"['favstats/meta_ad_reports', 'favstats/meta_ad_reports2']",,,,[],DM-yesterday,https://github.com/favstats/meta_ad_reports2/releases/tag/DM-yesterday
reports,EE,yesterday,lagging,2025-10-04,2026-09-29,360,2719,1359,2025-10-04.rds,2025-10-06T00:39:52Z,7812,"['favstats/meta_ad_reports', 'favstats/meta_ad_reports2']",,,,[],EE-yesterday,https://github.com/favstats/meta_ad_reports2/releases/tag/EE-yesterday
reports,ER,yesterday,lagging,2026-09-28,2026-09-29,1,2612,1305,2026-09-28.rds,2026-09-30T03:35:41Z,620,"['favstats/meta_ad_reports', 'favstats/meta_ad_reports2']",,,,[],ER-yesterday,https://github.com/favstats/meta_ad_reports2/releases/tag/ER-yesterday
reports,ES,yesterday,lagging,2025-10-04,2026-09-29,360,2718,1358,2025-10-04.rds,2025-10-06T00:39:58Z,7496,"['favstats/meta_ad_reports', 'favstats/meta_ad_reports2']",,,,[],ES-yesterday,https://github.com/favstats/meta_ad_reports2/releases/tag/ES-yesterday
reports,FI,yesterday,lagging,2025-10-04,2026-09-29,360,2724,1361,2025-10-04.rds,2025-10-06T00:40:02Z,3356,"['favstats/meta_ad_reports', 'favstats/meta_ad_reports2']",,,,[],FI-yesterday,https://github.com/favstats/meta_ad_reports2/releases/tag/FI-yesterday
reports,FR,yesterday,lagging,2025-10-04,2026-09-29,360,2716,1357,2025-10-04.rds,2025-10-06T00:40:15Z,6988,"['favstats/meta_ad_reports', 'favstats/meta_ad_reports2']",,,,[],FR-yesterday,https://github.com/favstats/meta_ad_reports2/releases/tag/FR-yesterday
reports,GD,yesterday,lagging,2026-09-28,2026-09-29,1,2858,1428,2026-09-28.rds,2026-09-30T03:36:30Z,676,"['favstats/meta_ad_reports', 'favstats/meta_ad_reports2']",,,,[],GD-yesterday,https://github.com/favstats/meta_ad_reports2/releases/tag/GD-yesterday
reports,GG,yesterday,lagging,2026-09-28,2026-09-29,1,2760,1379,2026-09-28.rds,2026-09-30T03:36:33Z,524,"['favstats/meta_ad_reports', 'favstats/meta_ad_reports2']",,,,[],GG-yesterday,https://github.com/favstats/meta_ad_reports2/releases/tag/GG-yesterday
reports,GR,yesterday,lagging,2025-10-04,2026-09-29,360,2710,1354,2025-10-04.rds,2025-10-06T00:40:37Z,5616,"['favstats/meta_ad_reports', 'favstats/meta_ad_reports2']",,,,[],GR-yesterday,https://github.com/favstats/meta_ad_reports2/releases/tag/GR-yesterday
reports,HR,yesterday,lagging,2025-10-04,2026-09-29,360,2722,1360,2025-10-04.rds,2025-10-06T00:41:04Z,2060,"['favstats/meta_ad_reports', 'favstats/meta_ad_reports2']",,,,[],HR-yesterday,https://github.com/favstats/meta_ad_reports2/releases/tag/HR-yesterday
reports,HU,yesterday,lagging,2025-10-04,2026-09-29,360,2728,1363,2025-10-04.rds,2025-10-06T00:41:09Z,10976,"['favstats/meta_ad_reports', 'favstats/meta_ad_reports2']",,,,[],HU-yesterday,https://github.com/favstats/meta_ad_reports2/releases/tag/HU-yesterday
reports,IE,yesterday,lagging,2025-10-04,2026-09-29,360,2718,1358,2025-10-04.rds,2025-10-06T00:41:13Z,2968,"['favstats/meta_ad_reports', 'favstats/meta_ad_reports2']",,,,[],IE-yesterday,https://github.com/favstats/meta_ad_reports2/releases/tag/IE-yesterday
reports,IT,yesterday,lagging,2025-10-04,2026-09-29,360,2719,1358,2025-10-04.rds,2025-10-06T00:41:24Z,21636,"['favstats/meta_ad_reports', 'favstats/meta_ad_reports2']",,,,[],IT-yesterday,https://github.com/favstats/meta_ad_reports2/releases/tag/IT-yesterday
reports,JM,yesterday,lagging,2026-09-28,2026-09-29,1,2964,1481,2026-09-28.rds,2026-09-30T03:38:20Z,604,"['favstats/meta_ad_reports', 'favstats/meta_ad_reports2']",,,,[],JM-yesterday,https://github.com/favstats/meta_ad_reports2/releases/tag/JM-yesterday
reports,LC,yesterday,lagging,2026-09-28,2026-09-29,1,3252,1625,2026-09-28.rds,2026-09-30T03:38:55Z,568,"['favstats/meta_ad_reports', 'favstats/meta_ad_reports2']",,,,[],LC-yesterday,https://github.com/favstats/meta_ad_reports2/releases/tag/LC-yesterday
reports,LT,yesterday,lagging,2025-10-04,2026-09-29,360,2719,1359,2025-10-04.rds,2025-10-06T00:42:34Z,2308,"['favstats/meta_ad_reports', 'favstats/meta_ad_reports2']",,,,[],LT-yesterday,https://github.com/favstats/meta_ad_reports2/releases/tag/LT-yesterday
reports,LU,yesterday,lagging,2025-10-04,2026-09-29,360,2722,1360,2025-10-04.rds,2025-10-06T00:42:36Z,1432,"['favstats/meta_ad_reports', 'favstats/meta_ad_reports2']",,,,[],LU-yesterday,https://github.com/favstats/meta_ad_reports2/releases/tag/LU-yesterday
reports,LV,yesterday,lagging,2025-10-04,2026-09-29,360,2728,1363,2025-10-04.rds,2025-10-06T00:42:38Z,1372,"['favstats/meta_ad_reports', 'favstats/meta_ad_reports2']",,,,[],LV-yesterday,https://github.com/favstats/meta_ad_reports2/releases/tag/LV-yesterday
reports,MC,yesterday,lagging,2026-09-27,2026-09-29,2,2573,1286,2026-09-27.rds,2026-09-29T03:54:38Z,524,"['favstats/meta_ad_reports', 'favstats/meta_ad_reports2']",,,,[],MC-yesterday,https://github.com/favstats/meta_ad_reports2/releases/tag/MC-yesterday
reports,MS,yesterday,lagging,2026-09-27,2026-09-29,2,2085,1042,2026-09-27.rds,2026-09-29T03:55:10Z,540,"['favstats/meta_ad_reports', 'favstats/meta_ad_reports2']",,,,[],MS-yesterday,https://github.com/favstats/meta_ad_reports2/releases/tag/MS-yesterday
reports,MT,yesterday,lagging,2025-10-04,2026-09-29,360,2722,1360,2025-10-04.rds,2025-10-06T00:43:22Z,1496,"['favstats/meta_ad_reports', 'favstats/meta_ad_reports2']",,,,[],MT-yesterday,https://github.com/favstats/meta_ad_reports2/releases/tag/MT-yesterday
reports,MX,yesterday,lagging,2026-09-28,2026-09-29,1,3321,1660,2026-09-28.rds,2026-09-30T03:40:21Z,41648,"['favstats/meta_ad_reports', 'favstats/meta_ad_reports2']",,,,[],MX-yesterday,https://github.com/favstats/meta_ad_reports2/releases/tag/MX-yesterday
reports,NL,yesterday,lagging,2025-10-04,2026-09-29,360,2720,1359,2025-10-04.rds,2025-10-06T00:43:45Z,5632,"['favstats/meta_ad_reports', 'favstats/meta_ad_reports2']",,,,[],NL-yesterday,https://github.com/favstats/meta_ad_reports2/releases/tag/NL-yesterday
reports,PL,yesterday,lagging,2025-10-04,2026-09-29,360,2721,1360,2025-10-04.rds,2025-10-06T00:44:09Z,11164,"['favstats/meta_ad_reports', 'favstats/meta_ad_reports2']",,,,[],PL-yesterday,https://github.com/favstats/meta_ad_reports2/releases/tag/PL-yesterday
reports,PT,yesterday,lagging,2025-10-04,2026-09-29,360,2714,1356,2025-10-04.rds,2025-10-06T00:44:13Z,2960,"['favstats/meta_ad_reports', 'favstats/meta_ad_reports2']",,,,[],PT-yesterday,https://github.com/favstats/meta_ad_reports2/releases/tag/PT-yesterday
reports,RO,yesterday,lagging,2025-10-04,2026-09-29,360,2720,1359,2025-10-04.rds,2025-10-06T00:44:24Z,5476,"['favstats/meta_ad_reports', 'favstats/meta_ad_reports2']",,,,[],RO-yesterday,https://github.com/favstats/meta_ad_reports2/releases/tag/RO-yesterday
reports,SE,yesterday,lagging,2025-10-04,2026-09-29,360,2726,1362,2025-10-04.rds,2025-10-06T00:44:38Z,9716,"['favstats/meta_ad_reports', 'favstats/meta_ad_reports2']",,,,[],SE-yesterday,https://github.com/favstats/meta_ad_reports2/releases/tag/SE-yesterday
reports,SH,yesterday,lagging,2026-09-28,2026-09-29,1,2440,1219,2026-09-28.rds,2026-09-30T03:41:55Z,576,"['favstats/meta_ad_reports', 'favstats/meta_ad_reports2']",,,,[],SH-yesterday,https://github.com/favstats/meta_ad_reports2/releases/tag/SH-yesterday
reports,SI,yesterday,lagging,2025-10-04,2026-09-29,360,2720,1359,2025-10-04.rds,2025-10-06T00:44:53Z,1780,"['favstats/meta_ad_reports', 'favstats/meta_ad_reports2']",,,,[],SI-yesterday,https://github.com/favstats/meta_ad_reports2/releases/tag/SI-yesterday
reports,SK,yesterday,lagging,2025-10-04,2026-09-29,360,2722,1360,2025-10-04.rds,2025-10-06T00:44:55Z,6260,"['favstats/meta_ad_reports', 'favstats/meta_ad_reports2']",,,,[],SK-yesterday,https://github.com/favstats/meta_ad_reports2/releases/tag/SK-yesterday
reports,TC,yesterday,lagging,2026-09-28,2026-09-29,1,2673,1336,2026-09-28.rds,2026-09-30T03:42:32Z,512,"['favstats/meta_ad_reports', 'favstats/meta_ad_reports2']",,,,[],TC-yesterday,https://github.com/favstats/meta_ad_reports2/releases/tag/TC-yesterday
reports,TH,yesterday,lagging,2026-09-28,2026-09-29,1,2844,1421,2026-09-28.rds,2026-09-30T03:42:37Z,3512,"['favstats/meta_ad_reports', 'favstats/meta_ad_reports2']",,,,[],TH-yesterday,https://github.com/favstats/meta_ad_reports2/releases/tag/TH-yesterday
reports,VG,yesterday,lagging,2026-09-27,2026-09-29,2,203,101,2026-09-27.rds,2026-09-29T03:58:42Z,644,"['favstats/meta_ad_reports', 'favstats/meta_ad_reports2']",,,,[],VG-yesterday,https://github.com/favstats/meta_ad_reports2/releases/tag/VG-yesterday
reports,ZA,yesterday,lagging,2026-09-28,2026-09-29,1,3314,1656,2026-09-28.rds,2026-09-30T03:43:44Z,3872,"['favstats/meta_ad_reports', 'favstats/meta_ad_reports2']",,,,[],ZA-yesterday,https://github.com/favstats/meta_ad_reports2/releases/tag/ZA-yesterday
reports,ZM,yesterday,lagging,2026-09-28,2026-09-29,1,3312,1655,2026-09-28.rds,2026-09-30T03:43:46Z,740,"['favstats/meta_ad_reports', 'favstats/meta_ad_reports2']",,,,[],ZM-yesterday,https://github.com/favstats/meta_ad_reports2/releases/tag/ZM-yesterday
reports,ZW,yesterday,lagging,2026-09-28,2026-09-29,1,2892,1445,2026-09-28.rds,2026-09-30T03:43:48Z,716,"['favstats/meta_ad_reports', 'favstats/meta_ad_reports2']",,,,[],ZW-yesterday,https://github.com/favstats/meta_ad_reports2/releases/tag/ZW-yesterday
targeting,UY,last_30_days,behind_source,2026-09-28,2026-09-29,1,836,835,2026-09-28.parquet,2026-09-30T23:00:03Z,99199,['favstats/meta_ad_targeting'],2026-09-29,1702,fresh,"['favstats/meta_ad_reports', 'favstats/meta_ad_reports2']",UY-last_30_days,https://github.com/favstats/meta_ad_targeting/releases/tag/UY-last_30_days
targeting,AD,last_30_days,fresh,2026-09-29,2026-09-29,0,877,877,2026-09-29.parquet,2026-10-01T16:16:15Z,40685,['favstats/meta_ad_targeting'],2026-09-29,1475,fresh,"['favstats/meta_ad_reports', 'favstats/meta_ad_reports2']",AD-last_30_days,https://github.com/favstats/meta_ad_targeting/releases/tag/AD-last_30_days
targeting,AE,last_30_days,fresh,2026-09-29,2026-09-29,0,873,873,2026-09-29.parquet,2026-10-01T16:23:00Z,157250,['favstats/meta_ad_targeting'],2026-09-29,1453,fresh,"['favstats/meta_ad_reports', 'favstats/meta_ad_reports2']",AE-last_30_days,https://github.com/favstats/meta_ad_targeting/releases/tag/AE-last_30_days
targeting,AG,last_30_days,fresh,2026-09-29,2026-09-29,0,863,863,2026-09-29.parquet,2026-10-01T16:16:14Z,33704,['favstats/meta_ad_targeting'],2026-09-29,1512,fresh,"['favstats/meta_ad_reports', 'favstats/meta_ad_reports2']",AG-last_30_days,https://github.com/favstats/meta_ad_targeting/releases/tag/AG-last_30_days
targeting,AI,last_30_days,fresh,2026-09-29,2026-09-29,0,864,864,2026-09-29.parquet,2026-10-01T16:15:13Z,31168,['favstats/meta_ad_targeting'],2026-09-29,1512,fresh,"['favstats/meta_ad_reports', 'favstats/meta_ad_reports2']",AI-last_30_days,https://github.com/favstats/meta_ad_targeting/releases/tag/AI-last_30_days
targeting,AL,last_30_days,fresh,2026-09-29,2026-09-29,0,863,862,2026-09-29.parquet,2026-10-01T16:17:47Z,77075,['favstats/meta_ad_targeting'],2026-09-29,1707,fresh,"['favstats/meta_ad_reports', 'favstats/meta_ad_reports2']",AL-last_30_days,https://github.com/favstats/meta_ad_targeting/releases/tag/AL-last_30_days
targeting,AM,last_30_days,fresh,2026-09-29,2026-09-29,0,861,860,2026-09-29.parquet,2026-10-01T16:17:21Z,64254,['favstats/meta_ad_targeting'],2026-09-29,1479,fresh,"['favstats/meta_ad_reports', 'favstats/meta_ad_reports2']",AM-last_30_days,https://github.com/favstats/meta_ad_targeting/releases/tag/AM-last_30_days
targeting,AO,last_30_days,fresh,2026-09-29,2026-09-29,0,861,860,2026-09-29.parquet,2026-10-01T16:18:17Z,70516,['favstats/meta_ad_targeting'],2026-09-29,1510,fresh,"['favstats/meta_ad_reports', 'favstats/meta_ad_reports2']",AO-last_30_days,https://github.com/favstats/meta_ad_targeting/releases/tag/AO-last_30_days
targeting,AR,last_30_days,fresh,2026-09-29,2026-09-29,0,864,863,2026-09-29.parquet,2026-10-01T16:27:56Z,472772,['favstats/meta_ad_targeting'],2026-09-29,1720,fresh,"['favstats/meta_ad_reports', 'favstats/meta_ad_reports2']",AR-last_30_days,https://github.com/favstats/meta_ad_targeting/releases/tag/AR-last_30_days
targeting,AT,last_30_days,fresh,2026-09-29,2026-09-29,0,863,862,2026-09-29.parquet,2026-10-01T16:25:46Z,74920,['favstats/meta_ad_targeting'],2025-10-04,1362,lagging,"['favstats/meta_ad_reports', 'favstats/meta_ad_reports2']",AT-last_30_days,https://github.com/favstats/meta_ad_targeting/releases/tag/AT-last_30_days
targeting,AU,last_30_days,fresh,2026-09-29,2026-09-29,0,865,864,2026-09-29.parquet,2026-10-01T16:31:13Z,559725,['favstats/meta_ad_targeting'],2026-09-29,1703,fresh,"['favstats/meta_ad_reports', 'favstats/meta_ad_reports2']",AU-last_30_days,https://github.com/favstats/meta_ad_targeting/releases/tag/AU-last_30_days
targeting,AZ,last_30_days,fresh,2026-09-29,2026-09-29,0,854,853,2026-09-29.parquet,2026-10-01T16:17:26Z,60694,['favstats/meta_ad_targeting'],2026-09-29,1477,fresh,"['favstats/meta_ad_reports', 'favstats/meta_ad_reports2']",AZ-last_30_days,https://github.com/favstats/meta_ad_targeting/releases/tag/AZ-last_30_days
targeting,BA,last_30_days,fresh,2026-09-29,2026-09-29,0,856,855,2026-09-29.parquet,2026-10-01T16:18:12Z,194946,['favstats/meta_ad_targeting'],2026-09-29,1596,fresh,"['favstats/meta_ad_reports', 'favstats/meta_ad_reports2']",BA-last_30_days,https://github.com/favstats/meta_ad_targeting/releases/tag/BA-last_30_days
targeting,BB,last_30_days,fresh,2026-09-29,2026-09-29,0,854,853,2026-09-29.parquet,2026-10-01T16:16:13Z,39562,['favstats/meta_ad_targeting'],2026-09-29,1513,fresh,"['favstats/meta_ad_reports', 'favstats/meta_ad_reports2']",BB-last_30_days,https://github.com/favstats/meta_ad_targeting/releases/tag/BB-last_30_days
targeting,BD,last_30_days,fresh,2026-09-29,2026-09-29,0,855,854,2026-09-29.parquet,2026-10-01T16:24:48Z,199266,['favstats/meta_ad_targeting'],2026-09-29,1441,fresh,"['favstats/meta_ad_reports', 'favstats/meta_ad_reports2']",BD-last_30_days,https://github.com/favstats/meta_ad_targeting/releases/tag/BD-last_30_days
targeting,BE,last_30_days,fresh,2026-09-29,2026-09-29,0,862,861,2026-09-29.parquet,2026-10-01T16:31:07Z,81359,['favstats/meta_ad_targeting'],2025-10-04,1364,lagging,"['favstats/meta_ad_reports', 'favstats/meta_ad_reports2']",BE-last_30_days,https://github.com/favstats/meta_ad_targeting/releases/tag/BE-last_30_days
targeting,BF,last_30_days,fresh,2026-09-29,2026-09-29,0,842,842,2026-09-29.parquet,2026-10-01T16:17:48Z,65764,['favstats/meta_ad_targeting'],2026-09-29,1704,fresh,"['favstats/meta_ad_reports', 'favstats/meta_ad_reports2']",BF-last_30_days,https://github.com/favstats/meta_ad_targeting/releases/tag/BF-last_30_days
targeting,BG,last_30_days,fresh,2026-09-29,2026-09-29,0,858,857,2026-09-29.parquet,2026-10-01T16:22:20Z,91376,['favstats/meta_ad_targeting'],2025-10-04,1362,lagging,"['favstats/meta_ad_reports', 'favstats/meta_ad_reports2']",BG-last_30_days,https://github.com/favstats/meta_ad_targeting/releases/tag/BG-last_30_days
targeting,BH,last_30_days,fresh,2026-09-29,2026-09-29,0,853,852,2026-09-29.parquet,2026-10-01T16:17:48Z,74981,['favstats/meta_ad_targeting'],2026-09-29,1437,fresh,"['favstats/meta_ad_reports', 'favstats/meta_ad_reports2']",BH-last_30_days,https://github.com/favstats/meta_ad_targeting/releases/tag/BH-last_30_days
targeting,BI,last_30_days,fresh,2026-09-29,2026-09-29,0,850,849,2026-09-29.parquet,2026-10-01T16:17:16Z,51274,['favstats/meta_ad_targeting'],2026-09-29,1478,fresh,"['favstats/meta_ad_reports', 'favstats/meta_ad_reports2']",BI-last_30_days,https://github.com/favstats/meta_ad_targeting/releases/tag/BI-last_30_days
targeting,BJ,last_30_days,fresh,2026-09-29,2026-09-29,0,848,847,2026-09-29.parquet,2026-10-01T16:17:38Z,56144,['favstats/meta_ad_targeting'],2026-09-29,1704,fresh,"['favstats/meta_ad_reports', 'favstats/meta_ad_reports2']",BJ-last_30_days,https://github.com/favstats/meta_ad_targeting/releases/tag/BJ-last_30_days
targeting,BM,last_30_days,fresh,2026-09-29,2026-09-29,0,851,850,2026-09-29.parquet,2026-10-01T16:15:46Z,37004,['favstats/meta_ad_targeting'],2026-09-29,1598,fresh,"['favstats/meta_ad_reports', 'favstats/meta_ad_reports2']",BM-last_30_days,https://github.com/favstats/meta_ad_targeting/releases/tag/BM-last_30_days
targeting,BN,last_30_days,fresh,2026-09-29,2026-09-29,0,833,833,2026-09-29.parquet,2026-10-01T16:16:56Z,63339,['favstats/meta_ad_targeting'],2026-09-29,1440,fresh,"['favstats/meta_ad_reports', 'favstats/meta_ad_reports2']",BN-last_30_days,https://github.com/favstats/meta_ad_targeting/releases/tag/BN-last_30_days
targeting,BO,last_30_days,fresh,2026-09-29,2026-09-29,0,854,853,2026-09-29.parquet,2026-10-01T16:17:53Z,82697,['favstats/meta_ad_targeting'],2026-09-29,1702,fresh,"['favstats/meta_ad_reports', 'favstats/meta_ad_reports2']",BO-last_30_days,https://github.com/favstats/meta_ad_targeting/releases/tag/BO-last_30_days
targeting,BR,last_30_days,fresh,2026-09-29,2026-09-29,0,836,835,2026-09-29.parquet,2026-10-01T17:42:15Z,5300208,['favstats/meta_ad_targeting'],2026-09-29,1704,fresh,"['favstats/meta_ad_reports', 'favstats/meta_ad_reports2']",BR-last_30_days,https://github.com/favstats/meta_ad_targeting/releases/tag/BR-last_30_days
targeting,BS,last_30_days,fresh,2026-09-29,2026-09-29,0,851,850,2026-09-29.parquet,2026-10-01T16:18:31Z,44722,['favstats/meta_ad_targeting'],2026-09-29,1598,fresh,"['favstats/meta_ad_reports', 'favstats/meta_ad_reports2']",BS-last_30_days,https://github.com/favstats/meta_ad_targeting/releases/tag/BS-last_30_days
targeting,BT,last_30_days,fresh,2026-09-29,2026-09-29,0,853,852,2026-09-29.parquet,2026-10-01T16:19:35Z,46933,['favstats/meta_ad_targeting'],2026-09-29,1436,fresh,"['favstats/meta_ad_reports', 'favstats/meta_ad_reports2']",BT-last_30_days,https://github.com/favstats/meta_ad_targeting/releases/tag/BT-last_30_days
targeting,BW,last_30_days,fresh,2026-09-29,2026-09-29,0,846,845,2026-09-29.parquet,2026-10-01T16:19:45Z,50727,['favstats/meta_ad_targeting'],2026-09-29,1476,fresh,"['favstats/meta_ad_reports', 'favstats/meta_ad_reports2']",BW-last_30_days,https://github.com/favstats/meta_ad_targeting/releases/tag/BW-last_30_days
targeting,BY,last_30_days,fresh,2026-09-29,2026-09-29,0,837,836,2026-09-29.parquet,2026-10-01T16:20:10Z,59556,['favstats/meta_ad_targeting'],2026-09-29,1477,fresh,"['favstats/meta_ad_reports', 'favstats/meta_ad_reports2']",BY-last_30_days,https://github.com/favstats/meta_ad_targeting/releases/tag/BY-last_30_days
targeting,BZ,last_30_days,fresh,2026-09-29,2026-09-29,0,853,852,2026-09-29.parquet,2026-10-01T16:20:02Z,47295,['favstats/meta_ad_targeting'],2026-09-29,1705,fresh,"['favstats/meta_ad_reports', 'favstats/meta_ad_reports2']",BZ-last_30_days,https://github.com/favstats/meta_ad_targeting/releases/tag/BZ-last_30_days
targeting,CA,last_30_days,fresh,2026-09-29,2026-09-29,0,866,865,2026-09-29.parquet,2026-10-01T16:54:13Z,847752,['favstats/meta_ad_targeting'],2026-09-29,1705,fresh,"['favstats/meta_ad_reports', 'favstats/meta_ad_reports2']",CA-last_30_days,https://github.com/favstats/meta_ad_targeting/releases/tag/CA-last_30_days
targeting,CD,last_30_days,fresh,2026-09-29,2026-09-29,0,847,846,2026-09-29.parquet,2026-10-01T16:23:21Z,94356,['favstats/meta_ad_targeting'],2026-09-29,1476,fresh,"['favstats/meta_ad_reports', 'favstats/meta_ad_reports2']",CD-last_30_days,https://github.com/favstats/meta_ad_targeting/releases/tag/CD-last_30_days
targeting,CF,last_30_days,fresh,2026-09-29,2026-09-29,0,844,843,2026-09-29.parquet,2026-10-01T16:20:43Z,46055,['favstats/meta_ad_targeting'],2026-09-29,1478,fresh,"['favstats/meta_ad_reports', 'favstats/meta_ad_reports2']",CF-last_30_days,https://github.com/favstats/meta_ad_targeting/releases/tag/CF-last_30_days
targeting,CG,last_30_days,fresh,2026-09-29,2026-09-29,0,847,846,2026-09-29.parquet,2026-10-01T16:21:24Z,53679,['favstats/meta_ad_targeting'],2026-09-29,1598,fresh,"['favstats/meta_ad_reports', 'favstats/meta_ad_reports2']",CG-last_30_days,https://github.com/favstats/meta_ad_targeting/releases/tag/CG-last_30_days
targeting,CH,last_30_days,fresh,2026-09-29,2026-09-29,0,844,843,2026-09-29.parquet,2026-10-01T16:26:25Z,209373,['favstats/meta_ad_targeting'],2026-09-29,1478,fresh,"['favstats/meta_ad_reports', 'favstats/meta_ad_reports2']",CH-last_30_days,https://github.com/favstats/meta_ad_targeting/releases/tag/CH-last_30_days
targeting,CI,last_30_days,fresh,2026-09-29,2026-09-29,0,848,847,2026-09-29.parquet,2026-10-01T16:22:56Z,86625,['favstats/meta_ad_targeting'],2026-09-29,1706,fresh,"['favstats/meta_ad_reports', 'favstats/meta_ad_reports2']",CI-last_30_days,https://github.com/favstats/meta_ad_targeting/releases/tag/CI-last_30_days
targeting,CL,last_30_days,fresh,2026-09-29,2026-09-29,0,843,842,2026-09-29.parquet,2026-10-01T16:26:10Z,183129,['favstats/meta_ad_targeting'],2026-09-29,1705,fresh,"['favstats/meta_ad_reports', 'favstats/meta_ad_reports2']",CL-last_30_days,https://github.com/favstats/meta_ad_targeting/releases/tag/CL-last_30_days
targeting,CM,last_30_days,fresh,2026-09-29,2026-09-29,0,846,845,2026-09-29.parquet,2026-10-01T16:22:55Z,70696,['favstats/meta_ad_targeting'],2026-09-29,1475,fresh,"['favstats/meta_ad_reports', 'favstats/meta_ad_reports2']",CM-last_30_days,https://github.com/favstats/meta_ad_targeting/releases/tag/CM-last_30_days
targeting,CO,last_30_days,fresh,2026-09-29,2026-09-29,0,846,845,2026-09-29.parquet,2026-10-01T16:31:21Z,346282,['favstats/meta_ad_targeting'],2026-09-29,1719,fresh,"['favstats/meta_ad_reports', 'favstats/meta_ad_reports2']",CO-last_30_days,https://github.com/favstats/meta_ad_targeting/releases/tag/CO-last_30_days
targeting,CR,last_30_days,fresh,2026-09-29,2026-09-29,0,844,843,2026-09-29.parquet,2026-10-01T16:22:42Z,80103,['favstats/meta_ad_targeting'],2026-09-29,1512,fresh,"['favstats/meta_ad_reports', 'favstats/meta_ad_reports2']",CR-last_30_days,https://github.com/favstats/meta_ad_targeting/releases/tag/CR-last_30_days
targeting,CV,last_30_days,fresh,2026-09-29,2026-09-29,0,844,843,2026-09-29.parquet,2026-10-01T16:21:52Z,53373,['favstats/meta_ad_targeting'],2026-09-29,1477,fresh,"['favstats/meta_ad_reports', 'favstats/meta_ad_reports2']",CV-last_30_days,https://github.com/favstats/meta_ad_targeting/releases/tag/CV-last_30_days
targeting,CY,last_30_days,fresh,2026-09-29,2026-09-29,0,863,862,2026-09-29.parquet,2026-10-01T16:25:08Z,81218,['favstats/meta_ad_targeting'],2025-10-04,1363,lagging,"['favstats/meta_ad_reports', 'favstats/meta_ad_reports2']",CY-last_30_days,https://github.com/favstats/meta_ad_targeting/releases/tag/CY-last_30_days
targeting,CZ,last_30_days,fresh,2026-09-29,2026-09-29,0,862,861,2026-09-29.parquet,2026-10-01T16:38:49Z,65568,['favstats/meta_ad_targeting'],2025-10-04,1363,lagging,"['favstats/meta_ad_reports', 'favstats/meta_ad_reports2']",CZ-last_30_days,https://github.com/favstats/meta_ad_targeting/releases/tag/CZ-last_30_days
targeting,DE,last_30_days,fresh,2026-09-29,2026-09-29,0,872,871,2026-09-29.parquet,2026-10-01T16:52:55Z,166282,['favstats/meta_ad_targeting'],2025-10-04,1363,lagging,"['favstats/meta_ad_reports', 'favstats/meta_ad_reports2']",DE-last_30_days,https://github.com/favstats/meta_ad_targeting/releases/tag/DE-last_30_days
targeting,DJ,last_30_days,fresh,2026-09-29,2026-09-29,0,843,842,2026-09-29.parquet,2026-10-01T16:24:18Z,45311,['favstats/meta_ad_targeting'],2026-09-29,1476,fresh,"['favstats/meta_ad_reports', 'favstats/meta_ad_reports2']",DJ-last_30_days,https://github.com/favstats/meta_ad_targeting/releases/tag/DJ-last_30_days
targeting,DK,last_30_days,fresh,2026-09-29,2026-09-29,0,861,860,2026-09-29.parquet,2026-10-01T16:36:35Z,81107,['favstats/meta_ad_targeting'],2025-10-04,1363,lagging,"['favstats/meta_ad_reports', 'favstats/meta_ad_reports2']",DK-last_30_days,https://github.com/favstats/meta_ad_targeting/releases/tag/DK-last_30_days
targeting,DM,last_30_days,fresh,2026-09-29,2026-09-29,0,841,840,2026-09-29.parquet,2026-10-01T16:23:28Z,42942,['favstats/meta_ad_targeting'],2026-09-29,1509,fresh,"['favstats/meta_ad_reports', 'favstats/meta_ad_reports2']",DM-last_30_days,https://github.com/favstats/meta_ad_targeting/releases/tag/DM-last_30_days
targeting,DO,last_30_days,fresh,2026-09-29,2026-09-29,0,847,846,2026-09-29.parquet,2026-10-01T16:27:28Z,100347,['favstats/meta_ad_targeting'],2026-09-29,1704,fresh,"['favstats/meta_ad_reports', 'favstats/meta_ad_reports2']",DO-last_30_days,https://github.com/favstats/meta_ad_targeting/releases/tag/DO-last_30_days
targeting,DZ,last_30_days,fresh,2026-09-29,2026-09-29,0,835,834,2026-09-29.parquet,2026-10-01T16:28:01Z,95933,['favstats/meta_ad_targeting'],2026-09-29,1477,fresh,"['favstats/meta_ad_reports', 'favstats/meta_ad_reports2']",DZ-last_30_days,https://github.com/favstats/meta_ad_targeting/releases/tag/DZ-last_30_days
targeting,EC,last_30_days,fresh,2026-09-29,2026-09-29,0,843,842,2026-09-29.parquet,2026-10-01T16:30:08Z,195799,['favstats/meta_ad_targeting'],2026-09-29,1700,fresh,"['favstats/meta_ad_reports', 'favstats/meta_ad_reports2']",EC-last_30_days,https://github.com/favstats/meta_ad_targeting/releases/tag/EC-last_30_days
targeting,EE,last_30_days,fresh,2026-09-29,2026-09-29,0,858,857,2026-09-29.parquet,2026-10-01T16:30:03Z,43918,['favstats/meta_ad_targeting'],2025-10-04,1361,lagging,"['favstats/meta_ad_reports', 'favstats/meta_ad_reports2']",EE-last_30_days,https://github.com/favstats/meta_ad_targeting/releases/tag/EE-last_30_days
targeting,EG,last_30_days,fresh,2026-09-29,2026-09-29,0,845,844,2026-09-29.parquet,2026-10-01T16:31:33Z,182585,['favstats/meta_ad_targeting'],2026-09-29,1474,fresh,"['favstats/meta_ad_reports', 'favstats/meta_ad_reports2']",EG-last_30_days,https://github.com/favstats/meta_ad_targeting/releases/tag/EG-last_30_days
targeting,ER,last_30_days,fresh,2026-09-29,2026-09-29,0,847,847,2026-09-29.parquet,2026-10-01T16:25:36Z,33019,['favstats/meta_ad_targeting'],2026-09-29,1475,fresh,"['favstats/meta_ad_reports', 'favstats/meta_ad_reports2']",ER-last_30_days,https://github.com/favstats/meta_ad_targeting/releases/tag/ER-last_30_days
targeting,ES,last_30_days,fresh,2026-09-29,2026-09-29,0,859,858,2026-09-29.parquet,2026-10-01T16:39:10Z,203185,['favstats/meta_ad_targeting'],2025-10-04,1362,lagging,"['favstats/meta_ad_reports', 'favstats/meta_ad_reports2']",ES-last_30_days,https://github.com/favstats/meta_ad_targeting/releases/tag/ES-last_30_days
targeting,ET,last_30_days,fresh,2026-09-29,2026-09-29,0,841,840,2026-09-29.parquet,2026-10-01T16:27:52Z,66700,['favstats/meta_ad_targeting'],2026-09-29,1701,fresh,"['favstats/meta_ad_reports', 'favstats/meta_ad_reports2']",ET-last_30_days,https://github.com/favstats/meta_ad_targeting/releases/tag/ET-last_30_days
targeting,FI,last_30_days,fresh,2026-09-29,2026-09-29,0,858,857,2026-09-29.parquet,2026-10-01T16:32:23Z,105015,['favstats/meta_ad_targeting'],2025-10-04,1363,lagging,"['favstats/meta_ad_reports', 'favstats/meta_ad_reports2']",FI-last_30_days,https://github.com/favstats/meta_ad_targeting/releases/tag/FI-last_30_days
targeting,FJ,last_30_days,fresh,2026-09-29,2026-09-29,0,844,843,2026-09-29.parquet,2026-10-01T17:06:38Z,248906,['favstats/meta_ad_targeting'],2026-09-29,1599,fresh,"['favstats/meta_ad_reports', 'favstats/meta_ad_reports2']",FJ-last_30_days,https://github.com/favstats/meta_ad_targeting/releases/tag/FJ-last_30_days
targeting,FK,last_30_days,fresh,2026-09-29,2026-09-29,0,845,845,2026-09-29.parquet,2026-10-01T16:27:24Z,31241,['favstats/meta_ad_targeting'],2026-09-29,1701,fresh,"['favstats/meta_ad_reports', 'favstats/meta_ad_reports2']",FK-last_30_days,https://github.com/favstats/meta_ad_targeting/releases/tag/FK-last_30_days
targeting,FM,last_30_days,fresh,2026-09-29,2026-09-29,0,849,848,2026-09-29.parquet,2026-10-01T16:28:07Z,38535,['favstats/meta_ad_targeting'],2026-09-29,1477,fresh,"['favstats/meta_ad_reports', 'favstats/meta_ad_reports2']",FM-last_30_days,https://github.com/favstats/meta_ad_targeting/releases/tag/FM-last_30_days
targeting,FR,last_30_days,fresh,2026-09-29,2026-09-29,0,849,848,2026-09-29.parquet,2026-10-01T16:43:41Z,140172,['favstats/meta_ad_targeting'],2025-10-04,1362,lagging,"['favstats/meta_ad_reports', 'favstats/meta_ad_reports2']",FR-last_30_days,https://github.com/favstats/meta_ad_targeting/releases/tag/FR-last_30_days
targeting,GA,last_30_days,fresh,2026-09-29,2026-09-29,0,844,843,2026-09-29.parquet,2026-10-01T16:31:09Z,51071,['favstats/meta_ad_targeting'],2026-09-29,1479,fresh,"['favstats/meta_ad_reports', 'favstats/meta_ad_reports2']",GA-last_30_days,https://github.com/favstats/meta_ad_targeting/releases/tag/GA-last_30_days
targeting,GB,last_30_days,fresh,2026-09-29,2026-09-29,0,848,847,2026-09-29.parquet,2026-10-01T16:44:10Z,614417,['favstats/meta_ad_targeting'],2026-09-29,1719,fresh,"['favstats/meta_ad_reports', 'favstats/meta_ad_reports2']",GB-last_30_days,https://github.com/favstats/meta_ad_targeting/releases/tag/GB-last_30_days
targeting,GD,last_30_days,fresh,2026-09-29,2026-09-29,0,852,851,2026-09-29.parquet,2026-10-01T16:29:19Z,36684,['favstats/meta_ad_targeting'],2026-09-29,1512,fresh,"['favstats/meta_ad_reports', 'favstats/meta_ad_reports2']",GD-last_30_days,https://github.com/favstats/meta_ad_targeting/releases/tag/GD-last_30_days
targeting,GE,last_30_days,fresh,2026-09-29,2026-09-29,0,845,844,2026-09-29.parquet,2026-10-01T16:31:22Z,100251,['favstats/meta_ad_targeting'],2026-09-29,1703,fresh,"['favstats/meta_ad_reports', 'favstats/meta_ad_reports2']",GE-last_30_days,https://github.com/favstats/meta_ad_targeting/releases/tag/GE-last_30_days
targeting,GG,last_30_days,fresh,2026-09-29,2026-09-29,0,841,840,2026-09-29.parquet,2026-10-01T16:30:18Z,42192,['favstats/meta_ad_targeting'],2026-09-29,1476,fresh,"['favstats/meta_ad_reports', 'favstats/meta_ad_reports2']",GG-last_30_days,https://github.com/favstats/meta_ad_targeting/releases/tag/GG-last_30_days
targeting,GH,last_30_days,fresh,2026-09-29,2026-09-29,0,844,843,2026-09-29.parquet,2026-10-01T16:32:30Z,90602,['favstats/meta_ad_targeting'],2026-09-29,1704,fresh,"['favstats/meta_ad_reports', 'favstats/meta_ad_reports2']",GH-last_30_days,https://github.com/favstats/meta_ad_targeting/releases/tag/GH-last_30_days
targeting,GI,last_30_days,fresh,2026-09-29,2026-09-29,0,851,850,2026-09-29.parquet,2026-10-01T16:30:46Z,38754,['favstats/meta_ad_targeting'],2026-09-29,1476,fresh,"['favstats/meta_ad_reports', 'favstats/meta_ad_reports2']",GI-last_30_days,https://github.com/favstats/meta_ad_targeting/releases/tag/GI-last_30_days
targeting,GM,last_30_days,fresh,2026-09-29,2026-09-29,0,839,838,2026-09-29.parquet,2026-10-01T16:31:27Z,50817,['favstats/meta_ad_targeting'],2026-09-29,1475,fresh,"['favstats/meta_ad_reports', 'favstats/meta_ad_reports2']",GM-last_30_days,https://github.com/favstats/meta_ad_targeting/releases/tag/GM-last_30_days
targeting,GN,last_30_days,fresh,2026-09-29,2026-09-29,0,840,839,2026-09-29.parquet,2026-10-01T16:30:08Z,35455,['favstats/meta_ad_targeting'],2026-09-29,1476,fresh,"['favstats/meta_ad_reports', 'favstats/meta_ad_reports2']",GN-last_30_days,https://github.com/favstats/meta_ad_targeting/releases/tag/GN-last_30_days
targeting,GQ,last_30_days,fresh,2026-09-29,2026-09-29,0,850,849,2026-09-29.parquet,2026-10-01T16:32:42Z,45453,['favstats/meta_ad_targeting'],2026-09-29,1477,fresh,"['favstats/meta_ad_reports', 'favstats/meta_ad_reports2']",GQ-last_30_days,https://github.com/favstats/meta_ad_targeting/releases/tag/GQ-last_30_days
targeting,GR,last_30_days,fresh,2026-09-29,2026-09-29,0,859,858,2026-09-29.parquet,2026-10-01T16:38:57Z,63641,['favstats/meta_ad_targeting'],2025-10-04,1361,lagging,"['favstats/meta_ad_reports', 'favstats/meta_ad_reports2']",GR-last_30_days,https://github.com/favstats/meta_ad_targeting/releases/tag/GR-last_30_days
targeting,GT,last_30_days,fresh,2026-09-29,2026-09-29,0,849,848,2026-09-29.parquet,2026-10-01T16:34:45Z,91635,['favstats/meta_ad_targeting'],2026-09-29,1509,fresh,"['favstats/meta_ad_reports', 'favstats/meta_ad_reports2']",GT-last_30_days,https://github.com/favstats/meta_ad_targeting/releases/tag/GT-last_30_days
targeting,GW,last_30_days,fresh,2026-09-29,2026-09-29,0,846,845,2026-09-29.parquet,2026-10-01T16:33:36Z,47435,['favstats/meta_ad_targeting'],2026-09-29,1476,fresh,"['favstats/meta_ad_reports', 'favstats/meta_ad_reports2']",GW-last_30_days,https://github.com/favstats/meta_ad_targeting/releases/tag/GW-last_30_days
targeting,GY,last_30_days,fresh,2026-09-29,2026-09-29,0,844,843,2026-09-29.parquet,2026-10-01T16:34:20Z,49813,['favstats/meta_ad_targeting'],2026-09-29,1702,fresh,"['favstats/meta_ad_reports', 'favstats/meta_ad_reports2']",GY-last_30_days,https://github.com/favstats/meta_ad_targeting/releases/tag/GY-last_30_days
targeting,HN,last_30_days,fresh,2026-09-29,2026-09-29,0,848,847,2026-09-29.parquet,2026-10-01T16:35:13Z,68744,['favstats/meta_ad_targeting'],2026-09-29,1701,fresh,"['favstats/meta_ad_reports', 'favstats/meta_ad_reports2']",HN-last_30_days,https://github.com/favstats/meta_ad_targeting/releases/tag/HN-last_30_days
targeting,HR,last_30_days,fresh,2026-09-29,2026-09-29,0,860,859,2026-09-29.parquet,2026-10-01T16:37:11Z,50202,['favstats/meta_ad_targeting'],2025-10-04,1363,lagging,"['favstats/meta_ad_reports', 'favstats/meta_ad_reports2']",HR-last_30_days,https://github.com/favstats/meta_ad_targeting/releases/tag/HR-last_30_days
targeting,HT,last_30_days,fresh,2026-09-29,2026-09-29,0,849,848,2026-09-29.parquet,2026-10-01T16:34:02Z,44773,['favstats/meta_ad_targeting'],2026-09-29,1510,fresh,"['favstats/meta_ad_reports', 'favstats/meta_ad_reports2']",HT-last_30_days,https://github.com/favstats/meta_ad_targeting/releases/tag/HT-last_30_days
targeting,HU,last_30_days,fresh,2026-09-29,2026-09-29,0,856,855,2026-09-29.parquet,2026-10-01T16:43:23Z,65220,['favstats/meta_ad_targeting'],2025-10-04,1363,lagging,"['favstats/meta_ad_reports', 'favstats/meta_ad_reports2']",HU-last_30_days,https://github.com/favstats/meta_ad_targeting/releases/tag/HU-last_30_days
targeting,ID,last_30_days,fresh,2026-09-29,2026-09-29,0,841,840,2026-09-29.parquet,2026-10-01T16:48:50Z,258301,['favstats/meta_ad_targeting'],2026-09-29,1721,fresh,"['favstats/meta_ad_reports', 'favstats/meta_ad_reports2']",ID-last_30_days,https://github.com/favstats/meta_ad_targeting/releases/tag/ID-last_30_days
targeting,IE,last_30_days,fresh,2026-09-29,2026-09-29,0,860,859,2026-09-29.parquet,2026-10-01T16:38:38Z,68736,['favstats/meta_ad_targeting'],2025-10-04,1360,lagging,"['favstats/meta_ad_reports', 'favstats/meta_ad_reports2']",IE-last_30_days,https://github.com/favstats/meta_ad_targeting/releases/tag/IE-last_30_days
targeting,IL,last_30_days,fresh,2026-09-29,2026-09-29,0,846,845,2026-09-29.parquet,2026-10-01T16:38:35Z,252924,['favstats/meta_ad_targeting'],2026-09-29,1721,fresh,"['favstats/meta_ad_reports', 'favstats/meta_ad_reports2']",IL-last_30_days,https://github.com/favstats/meta_ad_targeting/releases/tag/IL-last_30_days
targeting,IM,last_30_days,fresh,2026-09-29,2026-09-29,0,846,845,2026-09-29.parquet,2026-10-01T16:34:37Z,42605,['favstats/meta_ad_targeting'],2026-09-29,1477,fresh,"['favstats/meta_ad_reports', 'favstats/meta_ad_reports2']",IM-last_30_days,https://github.com/favstats/meta_ad_targeting/releases/tag/IM-last_30_days
targeting,IN,last_30_days,fresh,2026-09-29,2026-09-29,0,840,839,2026-09-29.parquet,2026-10-01T17:29:00Z,1349073,['favstats/meta_ad_targeting'],2026-09-29,1702,fresh,"['favstats/meta_ad_reports', 'favstats/meta_ad_reports2']",IN-last_30_days,https://github.com/favstats/meta_ad_targeting/releases/tag/IN-last_30_days
targeting,IQ,last_30_days,fresh,2026-09-29,2026-09-29,0,842,841,2026-09-29.parquet,2026-10-01T16:43:57Z,290597,['favstats/meta_ad_targeting'],2026-09-29,1705,fresh,"['favstats/meta_ad_reports', 'favstats/meta_ad_reports2']",IQ-last_30_days,https://github.com/favstats/meta_ad_targeting/releases/tag/IQ-last_30_days
targeting,IS,last_30_days,fresh,2026-09-29,2026-09-29,0,842,841,2026-09-29.parquet,2026-10-01T16:36:10Z,68405,['favstats/meta_ad_targeting'],2026-09-29,1701,fresh,"['favstats/meta_ad_reports', 'favstats/meta_ad_reports2']",IS-last_30_days,https://github.com/favstats/meta_ad_targeting/releases/tag/IS-last_30_days
targeting,IT,last_30_days,fresh,2026-09-29,2026-09-29,0,853,852,2026-09-29.parquet,2026-10-01T17:03:39Z,165504,['favstats/meta_ad_targeting'],2025-10-04,1362,lagging,"['favstats/meta_ad_reports', 'favstats/meta_ad_reports2']",IT-last_30_days,https://github.com/favstats/meta_ad_targeting/releases/tag/IT-last_30_days
targeting,JE,last_30_days,fresh,2026-09-29,2026-09-29,0,841,840,2026-09-29.parquet,2026-10-01T16:36:44Z,40378,['favstats/meta_ad_targeting'],2026-09-29,1476,fresh,"['favstats/meta_ad_reports', 'favstats/meta_ad_reports2']",JE-last_30_days,https://github.com/favstats/meta_ad_targeting/releases/tag/JE-last_30_days
targeting,JM,last_30_days,fresh,2026-09-29,2026-09-29,0,840,839,2026-09-29.parquet,2026-10-01T16:38:25Z,49986,['favstats/meta_ad_targeting'],2026-09-29,1510,fresh,"['favstats/meta_ad_reports', 'favstats/meta_ad_reports2']",JM-last_30_days,https://github.com/favstats/meta_ad_targeting/releases/tag/JM-last_30_days
targeting,JO,last_30_days,fresh,2026-09-29,2026-09-29,0,847,846,2026-09-29.parquet,2026-10-01T16:39:49Z,95087,['favstats/meta_ad_targeting'],2026-09-29,1437,fresh,"['favstats/meta_ad_reports', 'favstats/meta_ad_reports2']",JO-last_30_days,https://github.com/favstats/meta_ad_targeting/releases/tag/JO-last_30_days
targeting,JP,last_30_days,fresh,2026-09-29,2026-09-29,0,794,793,2026-09-29.parquet,2026-10-01T16:42:46Z,152255,['favstats/meta_ad_targeting'],2026-09-29,1721,fresh,"['favstats/meta_ad_reports', 'favstats/meta_ad_reports2']",JP-last_30_days,https://github.com/favstats/meta_ad_targeting/releases/tag/JP-last_30_days
targeting,KE,last_30_days,fresh,2026-09-29,2026-09-29,0,847,846,2026-09-29.parquet,2026-10-01T16:41:13Z,111830,['favstats/meta_ad_targeting'],2026-09-29,1703,fresh,"['favstats/meta_ad_reports', 'favstats/meta_ad_reports2']",KE-last_30_days,https://github.com/favstats/meta_ad_targeting/releases/tag/KE-last_30_days
targeting,KG,last_30_days,fresh,2026-09-29,2026-09-29,0,844,843,2026-09-29.parquet,2026-10-01T16:40:03Z,58538,['favstats/meta_ad_targeting'],2026-09-29,1701,fresh,"['favstats/meta_ad_reports', 'favstats/meta_ad_reports2']",KG-last_30_days,https://github.com/favstats/meta_ad_targeting/releases/tag/KG-last_30_days
targeting,KH,last_30_days,fresh,2026-09-29,2026-09-29,0,845,844,2026-09-29.parquet,2026-10-01T16:40:25Z,90022,['favstats/meta_ad_targeting'],2026-09-29,1435,fresh,"['favstats/meta_ad_reports', 'favstats/meta_ad_reports2']",KH-last_30_days,https://github.com/favstats/meta_ad_targeting/releases/tag/KH-last_30_days
targeting,KI,last_30_days,fresh,2026-09-29,2026-09-29,0,847,846,2026-09-29.parquet,2026-10-01T16:39:17Z,35088,['favstats/meta_ad_targeting'],2026-09-29,1475,fresh,"['favstats/meta_ad_reports', 'favstats/meta_ad_reports2']",KI-last_30_days,https://github.com/favstats/meta_ad_targeting/releases/tag/KI-last_30_days
targeting,KM,last_30_days,fresh,2026-09-29,2026-09-29,0,843,842,2026-09-29.parquet,2026-10-01T16:48:16Z,96895,['favstats/meta_ad_targeting'],2026-09-29,1474,fresh,"['favstats/meta_ad_reports', 'favstats/meta_ad_reports2']",KM-last_30_days,https://github.com/favstats/meta_ad_targeting/releases/tag/KM-last_30_days
targeting,KN,last_30_days,fresh,2026-09-29,2026-09-29,0,851,850,2026-09-29.parquet,2026-10-01T16:41:08Z,40416,['favstats/meta_ad_targeting'],2026-09-29,1507,fresh,"['favstats/meta_ad_reports', 'favstats/meta_ad_reports2']",KN-last_30_days,https://github.com/favstats/meta_ad_targeting/releases/tag/KN-last_30_days
targeting,KW,last_30_days,fresh,2026-09-29,2026-09-29,0,843,842,2026-09-29.parquet,2026-10-01T16:44:00Z,102935,['favstats/meta_ad_targeting'],2026-09-29,1435,fresh,"['favstats/meta_ad_reports', 'favstats/meta_ad_reports2']",KW-last_30_days,https://github.com/favstats/meta_ad_targeting/releases/tag/KW-last_30_days
targeting,KY,last_30_days,fresh,2026-09-29,2026-09-29,0,851,850,2026-09-29.parquet,2026-10-01T16:40:49Z,33777,['favstats/meta_ad_targeting'],2026-09-29,1701,fresh,"['favstats/meta_ad_reports', 'favstats/meta_ad_reports2']",KY-last_30_days,https://github.com/favstats/meta_ad_targeting/releases/tag/KY-last_30_days
targeting,KZ,last_30_days,fresh,2026-09-29,2026-09-29,0,836,835,2026-09-29.parquet,2026-10-01T16:45:22Z,71568,['favstats/meta_ad_targeting'],2026-09-29,1476,fresh,"['favstats/meta_ad_reports', 'favstats/meta_ad_reports2']",KZ-last_30_days,https://github.com/favstats/meta_ad_targeting/releases/tag/KZ-last_30_days
targeting,LA,last_30_days,fresh,2026-09-29,2026-09-29,0,833,833,2026-09-29.parquet,2026-10-01T16:42:43Z,57891,['favstats/meta_ad_targeting'],2026-09-29,1439,fresh,"['favstats/meta_ad_reports', 'favstats/meta_ad_reports2']",LA-last_30_days,https://github.com/favstats/meta_ad_targeting/releases/tag/LA-last_30_days
targeting,LB,last_30_days,fresh,2026-09-29,2026-09-29,0,835,834,2026-09-29.parquet,2026-10-01T16:44:10Z,96526,['favstats/meta_ad_targeting'],2026-09-29,1598,fresh,"['favstats/meta_ad_reports', 'favstats/meta_ad_reports2']",LB-last_30_days,https://github.com/favstats/meta_ad_targeting/releases/tag/LB-last_30_days
targeting,LC,last_30_days,fresh,2026-09-29,2026-09-29,0,849,848,2026-09-29.parquet,2026-10-01T16:41:52Z,38235,['favstats/meta_ad_targeting'],2026-09-29,1700,fresh,"['favstats/meta_ad_reports', 'favstats/meta_ad_reports2']",LC-last_30_days,https://github.com/favstats/meta_ad_targeting/releases/tag/LC-last_30_days
targeting,LI,last_30_days,fresh,2026-09-29,2026-09-29,0,843,842,2026-09-29.parquet,2026-10-01T16:42:45Z,29746,['favstats/meta_ad_targeting'],2026-09-29,1476,fresh,"['favstats/meta_ad_reports', 'favstats/meta_ad_reports2']",LI-last_30_days,https://github.com/favstats/meta_ad_targeting/releases/tag/LI-last_30_days
targeting,LK,last_30_days,fresh,2026-09-29,2026-09-29,0,836,835,2026-09-29.parquet,2026-10-01T16:44:43Z,86958,['favstats/meta_ad_targeting'],2026-09-29,1702,fresh,"['favstats/meta_ad_reports', 'favstats/meta_ad_reports2']",LK-last_30_days,https://github.com/favstats/meta_ad_targeting/releases/tag/LK-last_30_days
targeting,LR,last_30_days,fresh,2026-09-29,2026-09-29,0,835,834,2026-09-29.parquet,2026-10-01T16:43:51Z,54150,['favstats/meta_ad_targeting'],2026-09-29,1475,fresh,"['favstats/meta_ad_reports', 'favstats/meta_ad_reports2']",LR-last_30_days,https://github.com/favstats/meta_ad_targeting/releases/tag/LR-last_30_days
targeting,LS,last_30_days,fresh,2026-09-29,2026-09-29,0,840,839,2026-09-29.parquet,2026-10-01T16:44:17Z,45224,['favstats/meta_ad_targeting'],2026-09-29,1596,fresh,"['favstats/meta_ad_reports', 'favstats/meta_ad_reports2']",LS-last_30_days,https://github.com/favstats/meta_ad_targeting/releases/tag/LS-last_30_days
targeting,LT,last_30_days,fresh,2026-09-29,2026-09-29,0,861,860,2026-09-29.parquet,2026-10-01T16:46:49Z,45526,['favstats/meta_ad_targeting'],2025-10-04,1361,lagging,"['favstats/meta_ad_reports', 'favstats/meta_ad_reports2']",LT-last_30_days,https://github.com/favstats/meta_ad_targeting/releases/tag/LT-last_30_days
targeting,LU,last_30_days,fresh,2026-09-29,2026-09-29,0,858,857,2026-09-29.parquet,2026-10-01T16:45:43Z,66506,['favstats/meta_ad_targeting'],2025-10-04,1364,lagging,"['favstats/meta_ad_reports', 'favstats/meta_ad_reports2']",LU-last_30_days,https://github.com/favstats/meta_ad_targeting/releases/tag/LU-last_30_days
targeting,LV,last_30_days,fresh,2026-09-29,2026-09-29,0,857,856,2026-09-29.parquet,2026-10-01T16:45:55Z,66953,['favstats/meta_ad_targeting'],2025-10-04,1364,lagging,"['favstats/meta_ad_reports', 'favstats/meta_ad_reports2']",LV-last_30_days,https://github.com/favstats/meta_ad_targeting/releases/tag/LV-last_30_days
targeting,LY,last_30_days,fresh,2026-09-29,2026-09-29,0,843,842,2026-09-29.parquet,2026-10-01T16:47:36Z,82697,['favstats/meta_ad_targeting'],2026-09-29,1477,fresh,"['favstats/meta_ad_reports', 'favstats/meta_ad_reports2']",LY-last_30_days,https://github.com/favstats/meta_ad_targeting/releases/tag/LY-last_30_days
targeting,MA,last_30_days,fresh,2026-09-29,2026-09-29,0,843,842,2026-09-29.parquet,2026-10-01T16:49:09Z,156875,['favstats/meta_ad_targeting'],2026-09-29,1701,fresh,"['favstats/meta_ad_reports', 'favstats/meta_ad_reports2']",MA-last_30_days,https://github.com/favstats/meta_ad_targeting/releases/tag/MA-last_30_days
targeting,MC,last_30_days,fresh,2026-09-29,2026-09-29,0,841,840,2026-09-29.parquet,2026-10-01T16:45:27Z,37599,['favstats/meta_ad_targeting'],2026-09-29,1476,fresh,"['favstats/meta_ad_reports', 'favstats/meta_ad_reports2']",MC-last_30_days,https://github.com/favstats/meta_ad_targeting/releases/tag/MC-last_30_days
targeting,MD,last_30_days,fresh,2026-09-29,2026-09-29,0,848,847,2026-09-29.parquet,2026-10-01T16:48:05Z,93062,['favstats/meta_ad_targeting'],2026-09-29,1702,fresh,"['favstats/meta_ad_reports', 'favstats/meta_ad_reports2']",MD-last_30_days,https://github.com/favstats/meta_ad_targeting/releases/tag/MD-last_30_days
targeting,ME,last_30_days,fresh,2026-09-29,2026-09-29,0,844,843,2026-09-29.parquet,2026-10-01T16:48:14Z,69084,['favstats/meta_ad_targeting'],2026-09-29,1702,fresh,"['favstats/meta_ad_reports', 'favstats/meta_ad_reports2']",ME-last_30_days,https://github.com/favstats/meta_ad_targeting/releases/tag/ME-last_30_days
targeting,MG,last_30_days,fresh,2026-09-29,2026-09-29,0,839,838,2026-09-29.parquet,2026-10-01T16:47:47Z,59783,['favstats/meta_ad_targeting'],2026-09-29,1702,fresh,"['favstats/meta_ad_reports', 'favstats/meta_ad_reports2']",MG-last_30_days,https://github.com/favstats/meta_ad_targeting/releases/tag/MG-last_30_days
targeting,MH,last_30_days,fresh,2026-09-29,2026-09-29,0,840,839,2026-09-29.parquet,2026-10-01T16:46:22Z,35720,['favstats/meta_ad_targeting'],2026-09-29,1478,fresh,"['favstats/meta_ad_reports', 'favstats/meta_ad_reports2']",MH-last_30_days,https://github.com/favstats/meta_ad_targeting/releases/tag/MH-last_30_days
targeting,MK,last_30_days,fresh,2026-09-29,2026-09-29,0,769,768,2026-09-29.parquet,2026-10-01T16:47:57Z,78263,['favstats/meta_ad_targeting'],2026-09-29,1703,fresh,"['favstats/meta_ad_reports', 'favstats/meta_ad_reports2']",MK-last_30_days,https://github.com/favstats/meta_ad_targeting/releases/tag/MK-last_30_days
targeting,ML,last_30_days,fresh,2026-09-29,2026-09-29,0,842,841,2026-09-29.parquet,2026-10-01T16:47:54Z,53915,['favstats/meta_ad_targeting'],2026-09-29,1702,fresh,"['favstats/meta_ad_reports', 'favstats/meta_ad_reports2']",ML-last_30_days,https://github.com/favstats/meta_ad_targeting/releases/tag/ML-last_30_days
targeting,MM,last_30_days,fresh,2026-09-29,2026-09-29,0,847,846,2026-09-29.parquet,2026-10-01T16:50:14Z,58352,['favstats/meta_ad_targeting'],2026-09-29,1702,fresh,"['favstats/meta_ad_reports', 'favstats/meta_ad_reports2']",MM-last_30_days,https://github.com/favstats/meta_ad_targeting/releases/tag/MM-last_30_days
targeting,MN,last_30_days,fresh,2026-09-29,2026-09-29,0,846,845,2026-09-29.parquet,2026-10-01T16:48:18Z,69546,['favstats/meta_ad_targeting'],2026-09-29,1702,fresh,"['favstats/meta_ad_reports', 'favstats/meta_ad_reports2']",MN-last_30_days,https://github.com/favstats/meta_ad_targeting/releases/tag/MN-last_30_days
targeting,MR,last_30_days,fresh,2026-09-29,2026-09-29,0,834,833,2026-09-29.parquet,2026-10-01T16:48:42Z,55810,['favstats/meta_ad_targeting'],2026-09-29,1474,fresh,"['favstats/meta_ad_reports', 'favstats/meta_ad_reports2']",MR-last_30_days,https://github.com/favstats/meta_ad_targeting/releases/tag/MR-last_30_days
targeting,MS,last_30_days,fresh,2026-09-29,2026-09-29,0,832,831,2026-09-29.parquet,2026-10-01T16:48:02Z,28150,['favstats/meta_ad_targeting'],2026-09-29,1508,fresh,"['favstats/meta_ad_reports', 'favstats/meta_ad_reports2']",MS-last_30_days,https://github.com/favstats/meta_ad_targeting/releases/tag/MS-last_30_days
targeting,MT,last_30_days,fresh,2026-09-29,2026-09-29,0,857,856,2026-09-29.parquet,2026-10-01T16:50:27Z,40599,['favstats/meta_ad_targeting'],2025-10-04,1361,lagging,"['favstats/meta_ad_reports', 'favstats/meta_ad_reports2']",MT-last_30_days,https://github.com/favstats/meta_ad_targeting/releases/tag/MT-last_30_days
targeting,MU,last_30_days,fresh,2026-09-29,2026-09-29,0,828,827,2026-09-29.parquet,2026-10-01T16:48:58Z,54674,['favstats/meta_ad_targeting'],2026-09-29,1701,fresh,"['favstats/meta_ad_reports', 'favstats/meta_ad_reports2']",MU-last_30_days,https://github.com/favstats/meta_ad_targeting/releases/tag/MU-last_30_days
targeting,MV,last_30_days,fresh,2026-09-29,2026-09-29,0,833,832,2026-09-29.parquet,2026-10-01T16:49:14Z,58782,['favstats/meta_ad_targeting'],2026-09-29,1436,fresh,"['favstats/meta_ad_reports', 'favstats/meta_ad_reports2']",MV-last_30_days,https://github.com/favstats/meta_ad_targeting/releases/tag/MV-last_30_days
targeting,MW,last_30_days,fresh,2026-09-29,2026-09-29,0,848,847,2026-09-29.parquet,2026-10-01T16:49:37Z,48867,['favstats/meta_ad_targeting'],2026-09-29,1476,fresh,"['favstats/meta_ad_reports', 'favstats/meta_ad_reports2']",MW-last_30_days,https://github.com/favstats/meta_ad_targeting/releases/tag/MW-last_30_days
targeting,MX,last_30_days,fresh,2026-09-29,2026-09-29,0,858,857,2026-09-29.parquet,2026-10-01T17:39:19Z,1348747,['favstats/meta_ad_targeting'],2026-09-29,1702,fresh,"['favstats/meta_ad_reports', 'favstats/meta_ad_reports2']",MX-last_30_days,https://github.com/favstats/meta_ad_targeting/releases/tag/MX-last_30_days
targeting,MY,last_30_days,fresh,2026-09-29,2026-09-29,0,847,846,2026-09-29.parquet,2026-10-01T16:57:52Z,180087,['favstats/meta_ad_targeting'],2026-09-29,1701,fresh,"['favstats/meta_ad_reports', 'favstats/meta_ad_reports2']",MY-last_30_days,https://github.com/favstats/meta_ad_targeting/releases/tag/MY-last_30_days
targeting,MZ,last_30_days,fresh,2026-09-29,2026-09-29,0,830,829,2026-09-29.parquet,2026-10-01T16:51:30Z,56962,['favstats/meta_ad_targeting'],2026-09-29,1476,fresh,"['favstats/meta_ad_reports', 'favstats/meta_ad_reports2']",MZ-last_30_days,https://github.com/favstats/meta_ad_targeting/releases/tag/MZ-last_30_days
targeting,NA,last_30_days,fresh,2026-09-29,2026-09-29,0,837,836,2026-09-29.parquet,2026-10-01T16:51:07Z,47583,['favstats/meta_ad_targeting'],2026-09-29,1477,fresh,"['favstats/meta_ad_reports', 'favstats/meta_ad_reports2']",NA-last_30_days,https://github.com/favstats/meta_ad_targeting/releases/tag/NA-last_30_days
targeting,NE,last_30_days,fresh,2026-09-29,2026-09-29,0,839,838,2026-09-29.parquet,2026-10-01T16:51:19Z,50391,['favstats/meta_ad_targeting'],2026-09-29,1473,fresh,"['favstats/meta_ad_reports', 'favstats/meta_ad_reports2']",NE-last_30_days,https://github.com/favstats/meta_ad_targeting/releases/tag/NE-last_30_days
targeting,NG,last_30_days,fresh,2026-09-29,2026-09-29,0,840,839,2026-09-29.parquet,2026-10-01T16:55:04Z,172693,['favstats/meta_ad_targeting'],2026-09-29,1611,fresh,"['favstats/meta_ad_reports', 'favstats/meta_ad_reports2']",NG-last_30_days,https://github.com/favstats/meta_ad_targeting/releases/tag/NG-last_30_days
targeting,NI,last_30_days,fresh,2026-09-29,2026-09-29,0,843,842,2026-09-29.parquet,2026-10-01T16:51:08Z,60412,['favstats/meta_ad_targeting'],2026-09-29,1512,fresh,"['favstats/meta_ad_reports', 'favstats/meta_ad_reports2']",NI-last_30_days,https://github.com/favstats/meta_ad_targeting/releases/tag/NI-last_30_days
targeting,NL,last_30_days,fresh,2026-09-29,2026-09-29,0,856,855,2026-09-29.parquet,2026-10-01T08:13:51Z,115022,['favstats/meta_ad_targeting'],2025-10-04,1363,lagging,"['favstats/meta_ad_reports', 'favstats/meta_ad_reports2']",NL-last_30_days,https://github.com/favstats/meta_ad_targeting/releases/tag/NL-last_30_days
targeting,NO,last_30_days,fresh,2026-09-29,2026-09-29,0,844,843,2026-09-29.parquet,2026-10-01T16:56:53Z,147284,['favstats/meta_ad_targeting'],2026-09-29,1704,fresh,"['favstats/meta_ad_reports', 'favstats/meta_ad_reports2']",NO-last_30_days,https://github.com/favstats/meta_ad_targeting/releases/tag/NO-last_30_days
targeting,NP,last_30_days,fresh,2026-09-29,2026-09-29,0,838,837,2026-09-29.parquet,2026-10-01T16:54:04Z,94793,['favstats/meta_ad_targeting'],2026-09-29,1435,fresh,"['favstats/meta_ad_reports', 'favstats/meta_ad_reports2']",NP-last_30_days,https://github.com/favstats/meta_ad_targeting/releases/tag/NP-last_30_days
targeting,NR,last_30_days,fresh,2026-09-29,2026-09-29,0,842,841,2026-09-29.parquet,2026-10-01T16:51:32Z,35477,['favstats/meta_ad_targeting'],2026-09-29,1477,fresh,"['favstats/meta_ad_reports', 'favstats/meta_ad_reports2']",NR-last_30_days,https://github.com/favstats/meta_ad_targeting/releases/tag/NR-last_30_days
targeting,NZ,last_30_days,fresh,2026-09-29,2026-09-29,0,851,850,2026-09-29.parquet,2026-10-01T16:57:08Z,181477,['favstats/meta_ad_targeting'],2026-09-29,1700,fresh,"['favstats/meta_ad_reports', 'favstats/meta_ad_reports2']",NZ-last_30_days,https://github.com/favstats/meta_ad_targeting/releases/tag/NZ-last_30_days
targeting,OM,last_30_days,fresh,2026-09-29,2026-09-29,0,839,838,2026-09-29.parquet,2026-10-01T16:53:21Z,82356,['favstats/meta_ad_targeting'],2026-09-29,1435,fresh,"['favstats/meta_ad_reports', 'favstats/meta_ad_reports2']",OM-last_30_days,https://github.com/favstats/meta_ad_targeting/releases/tag/OM-last_30_days
targeting,PA,last_30_days,fresh,2026-09-29,2026-09-29,0,843,842,2026-09-29.parquet,2026-10-01T16:53:07Z,66943,['favstats/meta_ad_targeting'],2026-09-29,1508,fresh,"['favstats/meta_ad_reports', 'favstats/meta_ad_reports2']",PA-last_30_days,https://github.com/favstats/meta_ad_targeting/releases/tag/PA-last_30_days
targeting,PE,last_30_days,fresh,2026-09-29,2026-09-29,0,839,838,2026-09-29.parquet,2026-10-01T17:00:47Z,520419,['favstats/meta_ad_targeting'],2026-09-29,1704,fresh,"['favstats/meta_ad_reports', 'favstats/meta_ad_reports2']",PE-last_30_days,https://github.com/favstats/meta_ad_targeting/releases/tag/PE-last_30_days
targeting,PG,last_30_days,fresh,2026-09-29,2026-09-29,0,843,842,2026-09-29.parquet,2026-10-01T16:53:01Z,49014,['favstats/meta_ad_targeting'],2026-09-29,1596,fresh,"['favstats/meta_ad_reports', 'favstats/meta_ad_reports2']",PG-last_30_days,https://github.com/favstats/meta_ad_targeting/releases/tag/PG-last_30_days
targeting,PH,last_30_days,fresh,2026-09-29,2026-09-29,0,829,829,2026-09-29.parquet,2026-10-01T17:06:00Z,349303,['favstats/meta_ad_targeting'],2026-09-29,1720,fresh,"['favstats/meta_ad_reports', 'favstats/meta_ad_reports2']",PH-last_30_days,https://github.com/favstats/meta_ad_targeting/releases/tag/PH-last_30_days
targeting,PK,last_30_days,fresh,2026-09-29,2026-09-29,0,837,836,2026-09-29.parquet,2026-10-01T17:01:44Z,203159,['favstats/meta_ad_targeting'],2026-09-29,1474,fresh,"['favstats/meta_ad_reports', 'favstats/meta_ad_reports2']",PK-last_30_days,https://github.com/favstats/meta_ad_targeting/releases/tag/PK-last_30_days
targeting,PL,last_30_days,fresh,2026-09-29,2026-09-29,0,854,853,2026-09-29.parquet,2026-10-01T17:09:49Z,108227,['favstats/meta_ad_targeting'],2025-10-04,1363,lagging,"['favstats/meta_ad_reports', 'favstats/meta_ad_reports2']",PL-last_30_days,https://github.com/favstats/meta_ad_targeting/releases/tag/PL-last_30_days
targeting,PS,last_30_days,fresh,2026-09-29,2026-09-29,0,838,837,2026-09-29.parquet,2026-10-01T16:54:49Z,63180,['favstats/meta_ad_targeting'],2026-09-29,1436,fresh,"['favstats/meta_ad_reports', 'favstats/meta_ad_reports2']",PS-last_30_days,https://github.com/favstats/meta_ad_targeting/releases/tag/PS-last_30_days
targeting,PT,last_30_days,fresh,2026-09-29,2026-09-29,0,852,851,2026-09-29.parquet,2026-10-01T17:00:30Z,62658,['favstats/meta_ad_targeting'],2025-10-04,1361,lagging,"['favstats/meta_ad_reports', 'favstats/meta_ad_reports2']",PT-last_30_days,https://github.com/favstats/meta_ad_targeting/releases/tag/PT-last_30_days
targeting,PW,last_30_days,fresh,2026-09-29,2026-09-29,0,766,765,2026-09-29.parquet,2026-10-01T16:54:48Z,34948,['favstats/meta_ad_targeting'],2026-09-29,1703,fresh,"['favstats/meta_ad_reports', 'favstats/meta_ad_reports2']",PW-last_30_days,https://github.com/favstats/meta_ad_targeting/releases/tag/PW-last_30_days
targeting,PY,last_30_days,fresh,2026-09-29,2026-09-29,0,837,836,2026-09-29.parquet,2026-10-01T16:57:31Z,168738,['favstats/meta_ad_targeting'],2026-09-29,1702,fresh,"['favstats/meta_ad_reports', 'favstats/meta_ad_reports2']",PY-last_30_days,https://github.com/favstats/meta_ad_targeting/releases/tag/PY-last_30_days
targeting,QA,last_30_days,fresh,2026-09-29,2026-09-29,0,828,827,2026-09-29.parquet,2026-10-01T08:09:46Z,124925,['favstats/meta_ad_targeting'],2026-09-29,1437,fresh,"['favstats/meta_ad_reports', 'favstats/meta_ad_reports2']",QA-last_30_days,https://github.com/favstats/meta_ad_targeting/releases/tag/QA-last_30_days
targeting,RO,last_30_days,fresh,2026-09-29,2026-09-29,0,853,852,2026-09-29.parquet,2026-10-01T17:03:53Z,175374,['favstats/meta_ad_targeting'],2025-10-04,1361,lagging,"['favstats/meta_ad_reports', 'favstats/meta_ad_reports2']",RO-last_30_days,https://github.com/favstats/meta_ad_targeting/releases/tag/RO-last_30_days
targeting,RS,last_30_days,fresh,2026-09-29,2026-09-29,0,841,840,2026-09-29.parquet,2026-10-01T16:58:00Z,113269,['favstats/meta_ad_targeting'],2026-09-29,1701,fresh,"['favstats/meta_ad_reports', 'favstats/meta_ad_reports2']",RS-last_30_days,https://github.com/favstats/meta_ad_targeting/releases/tag/RS-last_30_days
targeting,RW,last_30_days,fresh,2026-09-29,2026-09-29,0,837,836,2026-09-29.parquet,2026-10-01T16:56:34Z,56600,['favstats/meta_ad_targeting'],2026-09-29,1476,fresh,"['favstats/meta_ad_reports', 'favstats/meta_ad_reports2']",RW-last_30_days,https://github.com/favstats/meta_ad_targeting/releases/tag/RW-last_30_days
targeting,SA,last_30_days,fresh,2026-09-29,2026-09-29,0,823,822,2026-09-29.parquet,2026-10-01T17:01:25Z,152333,['favstats/meta_ad_targeting'],2026-09-29,1453,fresh,"['favstats/meta_ad_reports', 'favstats/meta_ad_reports2']",SA-last_30_days,https://github.com/favstats/meta_ad_targeting/releases/tag/SA-last_30_days
targeting,SB,last_30_days,fresh,2026-09-29,2026-09-29,0,836,835,2026-09-29.parquet,2026-10-01T16:56:48Z,37528,['favstats/meta_ad_targeting'],2026-09-29,1476,fresh,"['favstats/meta_ad_reports', 'favstats/meta_ad_reports2']",SB-last_30_days,https://github.com/favstats/meta_ad_targeting/releases/tag/SB-last_30_days
targeting,SC,last_30_days,fresh,2026-09-29,2026-09-29,0,846,845,2026-09-29.parquet,2026-10-01T16:57:16Z,42780,['favstats/meta_ad_targeting'],2026-09-29,1702,fresh,"['favstats/meta_ad_reports', 'favstats/meta_ad_reports2']",SC-last_30_days,https://github.com/favstats/meta_ad_targeting/releases/tag/SC-last_30_days
targeting,SE,last_30_days,fresh,2026-09-29,2026-09-29,0,853,852,2026-09-29.parquet,2026-10-01T17:07:44Z,80378,['favstats/meta_ad_targeting'],2025-10-04,1363,lagging,"['favstats/meta_ad_reports', 'favstats/meta_ad_reports2']",SE-last_30_days,https://github.com/favstats/meta_ad_targeting/releases/tag/SE-last_30_days
targeting,SG,last_30_days,fresh,2026-09-29,2026-09-29,0,841,840,2026-09-29.parquet,2026-10-01T17:00:18Z,93512,['favstats/meta_ad_targeting'],2026-09-29,1700,fresh,"['favstats/meta_ad_reports', 'favstats/meta_ad_reports2']",SG-last_30_days,https://github.com/favstats/meta_ad_targeting/releases/tag/SG-last_30_days
targeting,SH,last_30_days,fresh,2026-09-29,2026-09-29,0,843,842,2026-09-29.parquet,2026-10-01T16:57:31Z,34326,['favstats/meta_ad_targeting'],2026-09-29,1476,fresh,"['favstats/meta_ad_reports', 'favstats/meta_ad_reports2']",SH-last_30_days,https://github.com/favstats/meta_ad_targeting/releases/tag/SH-last_30_days
targeting,SI,last_30_days,fresh,2026-09-29,2026-09-29,0,855,854,2026-09-29.parquet,2026-10-01T17:00:00Z,72332,['favstats/meta_ad_targeting'],2025-10-04,1360,lagging,"['favstats/meta_ad_reports', 'favstats/meta_ad_reports2']",SI-last_30_days,https://github.com/favstats/meta_ad_targeting/releases/tag/SI-last_30_days
targeting,SK,last_30_days,fresh,2026-09-29,2026-09-29,0,864,863,2026-09-29.parquet,2026-10-01T17:04:10Z,53871,['favstats/meta_ad_targeting'],2025-10-04,1361,lagging,"['favstats/meta_ad_reports', 'favstats/meta_ad_reports2']",SK-last_30_days,https://github.com/favstats/meta_ad_targeting/releases/tag/SK-last_30_days
targeting,SL,last_30_days,fresh,2026-09-29,2026-09-29,0,838,837,2026-09-29.parquet,2026-10-01T17:00:23Z,52361,['favstats/meta_ad_targeting'],2026-09-29,1598,fresh,"['favstats/meta_ad_reports', 'favstats/meta_ad_reports2']",SL-last_30_days,https://github.com/favstats/meta_ad_targeting/releases/tag/SL-last_30_days
targeting,SM,last_30_days,fresh,2026-09-29,2026-09-29,0,822,821,2026-09-29.parquet,2026-10-01T16:59:37Z,28894,['favstats/meta_ad_targeting'],2026-09-29,1475,fresh,"['favstats/meta_ad_reports', 'favstats/meta_ad_reports2']",SM-last_30_days,https://github.com/favstats/meta_ad_targeting/releases/tag/SM-last_30_days
targeting,SN,last_30_days,fresh,2026-09-29,2026-09-29,0,830,829,2026-09-29.parquet,2026-10-01T17:01:04Z,75321,['favstats/meta_ad_targeting'],2026-09-29,1701,fresh,"['favstats/meta_ad_reports', 'favstats/meta_ad_reports2']",SN-last_30_days,https://github.com/favstats/meta_ad_targeting/releases/tag/SN-last_30_days
targeting,SO,last_30_days,fresh,2026-09-29,2026-09-29,0,821,821,2026-09-29.parquet,2026-10-01T17:00:59Z,54332,['favstats/meta_ad_targeting'],2026-09-29,1479,fresh,"['favstats/meta_ad_reports', 'favstats/meta_ad_reports2']",SO-last_30_days,https://github.com/favstats/meta_ad_targeting/releases/tag/SO-last_30_days
targeting,SR,last_30_days,fresh,2026-09-29,2026-09-29,0,838,837,2026-09-29.parquet,2026-10-01T17:00:25Z,46811,['favstats/meta_ad_targeting'],2026-09-29,1703,fresh,"['favstats/meta_ad_reports', 'favstats/meta_ad_reports2']",SR-last_30_days,https://github.com/favstats/meta_ad_targeting/releases/tag/SR-last_30_days
targeting,SS,last_30_days,fresh,2026-09-29,2026-09-29,0,839,838,2026-09-29.parquet,2026-10-01T17:01:16Z,52343,['favstats/meta_ad_targeting'],2026-09-29,1478,fresh,"['favstats/meta_ad_reports', 'favstats/meta_ad_reports2']",SS-last_30_days,https://github.com/favstats/meta_ad_targeting/releases/tag/SS-last_30_days
targeting,ST,last_30_days,fresh,2026-09-29,2026-09-29,0,832,831,2026-09-29.parquet,2026-10-01T17:01:41Z,43887,['favstats/meta_ad_targeting'],2026-09-29,1704,fresh,"['favstats/meta_ad_reports', 'favstats/meta_ad_reports2']",ST-last_30_days,https://github.com/favstats/meta_ad_targeting/releases/tag/ST-last_30_days
targeting,SV,last_30_days,fresh,2026-09-29,2026-09-29,0,835,834,2026-09-29.parquet,2026-10-01T17:02:08Z,90005,['favstats/meta_ad_targeting'],2026-09-29,1512,fresh,"['favstats/meta_ad_reports', 'favstats/meta_ad_reports2']",SV-last_30_days,https://github.com/favstats/meta_ad_targeting/releases/tag/SV-last_30_days
targeting,SZ,last_30_days,fresh,2026-09-29,2026-09-29,0,841,840,2026-09-29.parquet,2026-10-01T17:02:37Z,44353,['favstats/meta_ad_targeting'],2026-09-29,1478,fresh,"['favstats/meta_ad_reports', 'favstats/meta_ad_reports2']",SZ-last_30_days,https://github.com/favstats/meta_ad_targeting/releases/tag/SZ-last_30_days
targeting,TC,last_30_days,fresh,2026-09-29,2026-09-29,0,851,850,2026-09-29.parquet,2026-10-01T17:02:25Z,36647,['favstats/meta_ad_targeting'],2026-09-29,1513,fresh,"['favstats/meta_ad_reports', 'favstats/meta_ad_reports2']",TC-last_30_days,https://github.com/favstats/meta_ad_targeting/releases/tag/TC-last_30_days
targeting,TD,last_30_days,fresh,2026-09-29,2026-09-29,0,817,816,2026-09-29.parquet,2026-10-01T17:03:44Z,70796,['favstats/meta_ad_targeting'],2026-09-29,1477,fresh,"['favstats/meta_ad_reports', 'favstats/meta_ad_reports2']",TD-last_30_days,https://github.com/favstats/meta_ad_targeting/releases/tag/TD-last_30_days
targeting,TG,last_30_days,fresh,2026-09-29,2026-09-29,0,833,832,2026-09-29.parquet,2026-10-01T17:03:54Z,49517,['favstats/meta_ad_targeting'],2026-09-29,1480,fresh,"['favstats/meta_ad_reports', 'favstats/meta_ad_reports2']",TG-last_30_days,https://github.com/favstats/meta_ad_targeting/releases/tag/TG-last_30_days
targeting,TH,last_30_days,fresh,2026-09-29,2026-09-29,0,834,833,2026-09-29.parquet,2026-10-01T17:06:18Z,178935,['favstats/meta_ad_targeting'],2026-09-29,1453,fresh,"['favstats/meta_ad_reports', 'favstats/meta_ad_reports2']",TH-last_30_days,https://github.com/favstats/meta_ad_targeting/releases/tag/TH-last_30_days
targeting,TJ,last_30_days,fresh,2026-09-29,2026-09-29,0,832,831,2026-09-29.parquet,2026-10-01T17:04:33Z,62558,['favstats/meta_ad_targeting'],2026-09-29,1477,fresh,"['favstats/meta_ad_reports', 'favstats/meta_ad_reports2']",TJ-last_30_days,https://github.com/favstats/meta_ad_targeting/releases/tag/TJ-last_30_days
targeting,TL,last_30_days,fresh,2026-09-29,2026-09-29,0,843,842,2026-09-29.parquet,2026-10-01T17:22:34Z,50225,['favstats/meta_ad_targeting'],2026-09-29,1436,fresh,"['favstats/meta_ad_reports', 'favstats/meta_ad_reports2']",TL-last_30_days,https://github.com/favstats/meta_ad_targeting/releases/tag/TL-last_30_days
targeting,TM,last_30_days,fresh,2026-09-29,2026-09-29,0,828,827,2026-09-29.parquet,2026-10-01T17:04:03Z,39681,['favstats/meta_ad_targeting'],2026-09-29,1477,fresh,"['favstats/meta_ad_reports', 'favstats/meta_ad_reports2']",TM-last_30_days,https://github.com/favstats/meta_ad_targeting/releases/tag/TM-last_30_days
targeting,TN,last_30_days,fresh,2026-09-29,2026-09-29,0,830,829,2026-09-29.parquet,2026-10-01T17:05:25Z,73778,['favstats/meta_ad_targeting'],2026-09-29,1600,fresh,"['favstats/meta_ad_reports', 'favstats/meta_ad_reports2']",TN-last_30_days,https://github.com/favstats/meta_ad_targeting/releases/tag/TN-last_30_days
targeting,TO,last_30_days,fresh,2026-09-29,2026-09-29,0,834,833,2026-09-29.parquet,2026-10-01T17:03:57Z,41516,['favstats/meta_ad_targeting'],2026-09-29,1701,fresh,"['favstats/meta_ad_reports', 'favstats/meta_ad_reports2']",TO-last_30_days,https://github.com/favstats/meta_ad_targeting/releases/tag/TO-last_30_days
targeting,TR,last_30_days,fresh,2026-09-29,2026-09-29,0,832,831,2026-09-29.parquet,2026-10-01T17:14:25Z,214149,['favstats/meta_ad_targeting'],2026-09-29,1718,fresh,"['favstats/meta_ad_reports', 'favstats/meta_ad_reports2']",TR-last_30_days,https://github.com/favstats/meta_ad_targeting/releases/tag/TR-last_30_days
targeting,TT,last_30_days,fresh,2026-09-29,2026-09-29,0,846,845,2026-09-29.parquet,2026-10-01T17:06:01Z,48899,['favstats/meta_ad_targeting'],2026-09-29,1700,fresh,"['favstats/meta_ad_reports', 'favstats/meta_ad_reports2']",TT-last_30_days,https://github.com/favstats/meta_ad_targeting/releases/tag/TT-last_30_days
targeting,TV,last_30_days,fresh,2026-09-29,2026-09-29,0,840,839,2026-09-29.parquet,2026-10-01T17:04:19Z,41210,['favstats/meta_ad_targeting'],2026-09-29,1474,fresh,"['favstats/meta_ad_reports', 'favstats/meta_ad_reports2']",TV-last_30_days,https://github.com/favstats/meta_ad_targeting/releases/tag/TV-last_30_days
targeting,TW,last_30_days,fresh,2026-09-29,2026-09-29,0,841,840,2026-09-29.parquet,2026-10-01T17:10:18Z,232721,['favstats/meta_ad_targeting'],2026-09-29,1703,fresh,"['favstats/meta_ad_reports', 'favstats/meta_ad_reports2']",TW-last_30_days,https://github.com/favstats/meta_ad_targeting/releases/tag/TW-last_30_days
targeting,TZ,last_30_days,fresh,2026-09-29,2026-09-29,0,844,843,2026-09-29.parquet,2026-10-01T17:06:14Z,68814,['favstats/meta_ad_targeting'],2026-09-29,1702,fresh,"['favstats/meta_ad_reports', 'favstats/meta_ad_reports2']",TZ-last_30_days,https://github.com/favstats/meta_ad_targeting/releases/tag/TZ-last_30_days
targeting,UA,last_30_days,fresh,2026-09-29,2026-09-29,0,755,754,2026-09-29.parquet,2026-10-01T17:17:30Z,179237,['favstats/meta_ad_targeting'],2026-09-29,1702,fresh,"['favstats/meta_ad_reports', 'favstats/meta_ad_reports2']",UA-last_30_days,https://github.com/favstats/meta_ad_targeting/releases/tag/UA-last_30_days
targeting,UG,last_30_days,fresh,2026-09-29,2026-09-29,0,837,836,2026-09-29.parquet,2026-10-01T17:06:00Z,62364,['favstats/meta_ad_targeting'],2026-09-29,1475,fresh,"['favstats/meta_ad_reports', 'favstats/meta_ad_reports2']",UG-last_30_days,https://github.com/favstats/meta_ad_targeting/releases/tag/UG-last_30_days
targeting,US,last_30_days,fresh,2026-09-29,2026-09-29,0,841,840,2026-09-29.parquet,2026-10-01T18:22:51Z,2865303,['favstats/meta_ad_targeting'],2026-09-29,1719,fresh,"['favstats/meta_ad_reports', 'favstats/meta_ad_reports2']",US-last_30_days,https://github.com/favstats/meta_ad_targeting/releases/tag/US-last_30_days
targeting,UZ,last_30_days,fresh,2026-09-29,2026-09-29,0,810,809,2026-09-29.parquet,2026-10-01T17:08:42Z,75283,['favstats/meta_ad_targeting'],2026-09-29,1474,fresh,"['favstats/meta_ad_reports', 'favstats/meta_ad_reports2']",UZ-last_30_days,https://github.com/favstats/meta_ad_targeting/releases/tag/UZ-last_30_days
targeting,VC,last_30_days,fresh,2026-09-29,2026-09-29,0,841,840,2026-09-29.parquet,2026-10-01T17:08:36Z,34410,['favstats/meta_ad_targeting'],2026-09-29,1702,fresh,"['favstats/meta_ad_reports', 'favstats/meta_ad_reports2']",VC-last_30_days,https://github.com/favstats/meta_ad_targeting/releases/tag/VC-last_30_days
targeting,VE,last_30_days,fresh,2026-09-29,2026-09-29,0,836,835,2026-09-29.parquet,2026-10-01T17:16:05Z,95203,['favstats/meta_ad_targeting'],2026-09-29,1507,fresh,"['favstats/meta_ad_reports', 'favstats/meta_ad_reports2']",VE-last_30_days,https://github.com/favstats/meta_ad_targeting/releases/tag/VE-last_30_days
targeting,VG,last_30_days,fresh,2026-09-29,2026-09-29,0,832,831,2026-09-29.parquet,2026-10-01T17:08:32Z,32818,['favstats/meta_ad_targeting'],2026-09-29,1511,fresh,"['favstats/meta_ad_reports', 'favstats/meta_ad_reports2']",VG-last_30_days,https://github.com/favstats/meta_ad_targeting/releases/tag/VG-last_30_days
targeting,VN,last_30_days,fresh,2026-09-29,2026-09-29,0,833,832,2026-09-29.parquet,2026-10-01T17:16:43Z,103649,['favstats/meta_ad_targeting'],2026-09-29,1432,fresh,"['favstats/meta_ad_reports', 'favstats/meta_ad_reports2']",VN-last_30_days,https://github.com/favstats/meta_ad_targeting/releases/tag/VN-last_30_days
targeting,VU,last_30_days,fresh,2026-09-29,2026-09-29,0,835,834,2026-09-29.parquet,2026-10-01T17:07:08Z,40466,['favstats/meta_ad_targeting'],2026-09-29,1473,fresh,"['favstats/meta_ad_reports', 'favstats/meta_ad_reports2']",VU-last_30_days,https://github.com/favstats/meta_ad_targeting/releases/tag/VU-last_30_days
targeting,WS,last_30_days,fresh,2026-09-29,2026-09-29,0,833,832,2026-09-29.parquet,2026-10-01T08:27:07Z,45209,['favstats/meta_ad_targeting'],2026-09-29,1703,fresh,"['favstats/meta_ad_reports', 'favstats/meta_ad_reports2']",WS-last_30_days,https://github.com/favstats/meta_ad_targeting/releases/tag/WS-last_30_days
targeting,XK,last_30_days,fresh,2026-09-29,2026-09-29,0,206,206,2026-09-29.parquet,2026-10-01T17:16:48Z,58137,['favstats/meta_ad_targeting'],2026-09-29,154,fresh,['favstats/meta_ad_reports2'],XK-last_30_days,https://github.com/favstats/meta_ad_targeting/releases/tag/XK-last_30_days
targeting,YE,last_30_days,fresh,2026-09-29,2026-09-29,0,823,822,2026-09-29.parquet,2026-10-01T17:24:13Z,62841,['favstats/meta_ad_targeting'],2026-09-29,1433,fresh,"['favstats/meta_ad_reports', 'favstats/meta_ad_reports2']",YE-last_30_days,https://github.com/favstats/meta_ad_targeting/releases/tag/YE-last_30_days
targeting,ZA,last_30_days,fresh,2026-09-29,2026-09-29,0,837,836,2026-09-29.parquet,2026-10-01T17:24:24Z,195994,['favstats/meta_ad_targeting'],2026-09-29,1709,fresh,"['favstats/meta_ad_reports', 'favstats/meta_ad_reports2']",ZA-last_30_days,https://github.com/favstats/meta_ad_targeting/releases/tag/ZA-last_30_days
targeting,ZM,last_30_days,fresh,2026-09-29,2026-09-29,0,829,828,2026-09-29.parquet,2026-10-01T17:23:39Z,63804,['favstats/meta_ad_targeting'],2026-09-29,1704,fresh,"['favstats/meta_ad_reports', 'favstats/meta_ad_reports2']",ZM-last_30_days,https://github.com/favstats/meta_ad_targeting/releases/tag/ZM-last_30_days
targeting,ZW,last_30_days,fresh,2026-09-29,2026-09-29,0,830,829,2026-09-29.parquet,2026-10-01T17:21:12Z,58434,['favstats/meta_ad_targeting'],2026-09-29,1476,fresh,"['favstats/meta_ad_reports', 'favstats/meta_ad_reports2']",ZW-last_30_days,https://github.com/favstats/meta_ad_targeting/releases/tag/ZW-last_30_days
targeting,HK,last_30_days,skipped_no_source,2025-12-14,2026-09-29,289,89,89,2025-12-14.parquet,2025-12-16T01:46:34Z,10016,['favstats/meta_ad_targeting'],,0,empty_release,['favstats/meta_ad_reports2'],HK-last_30_days,https://github.com/favstats/meta_ad_targeting/releases/tag/HK-last_30_days
targeting,KR,last_30_days,skipped_no_source,2024-03-16,2026-09-29,927,85,85,2024-03-16.parquet,2024-03-18T09:01:19Z,5884,['favstats/meta_ad_targeting'],,0,empty_release,['favstats/meta_ad_reports2'],KR-last_30_days,https://github.com/favstats/meta_ad_targeting/releases/tag/KR-last_30_days
targeting,VI,last_30_days,skipped_no_source,2025-12-11,2026-09-29,292,84,84,2025-12-11.parquet,2025-12-12T23:52:10Z,15683,['favstats/meta_ad_targeting'],,0,empty_release,['favstats/meta_ad_reports2'],VI-last_30_days,https://github.com/favstats/meta_ad_targeting/releases/tag/VI-last_30_days
targeting,WF,last_30_days,skipped_no_source,2024-03-14,2026-09-29,929,83,83,2024-03-14.parquet,2024-03-16T08:33:50Z,3878,['favstats/meta_ad_targeting'],,0,empty_release,['favstats/meta_ad_reports2'],WF-last_30_days,https://github.com/favstats/meta_ad_targeting/releases/tag/WF-last_30_days
targeting,YT,last_30_days,skipped_no_source,2024-03-14,2026-09-29,929,82,82,2024-03-14.parquet,2024-03-16T08:34:40Z,3878,['favstats/meta_ad_targeting'],,0,empty_release,['favstats/meta_ad_reports2'],YT-last_30_days,https://github.com/favstats/meta_ad_targeting/releases/tag/YT-last_30_days
targeting,AD,last_7_days,fresh,2026-09-29,2026-09-29,0,863,863,2026-09-29.parquet,2026-10-01T17:24:54Z,35272,['favstats/meta_ad_targeting'],2026-09-29,1394,fresh,"['favstats/meta_ad_reports', 'favstats/meta_ad_reports2']",AD-last_7_days,https://github.com/favstats/meta_ad_targeting/releases/tag/AD-last_7_days
targeting,AE,last_7_days,fresh,2026-09-29,2026-09-29,0,854,854,2026-09-29.parquet,2026-10-01T17:40:15Z,74040,['favstats/meta_ad_targeting'],2026-09-29,1354,fresh,"['favstats/meta_ad_reports', 'favstats/meta_ad_reports2']",AE-last_7_days,https://github.com/favstats/meta_ad_targeting/releases/tag/AE-last_7_days
targeting,AG,last_7_days,fresh,2026-09-29,2026-09-29,0,854,854,2026-09-29.parquet,2026-10-01T17:18:25Z,29802,['favstats/meta_ad_targeting'],2026-09-29,1431,fresh,"['favstats/meta_ad_reports', 'favstats/meta_ad_reports2']",AG-last_7_days,https://github.com/favstats/meta_ad_targeting/releases/tag/AG-last_7_days
targeting,AI,last_7_days,fresh,2026-09-29,2026-09-29,0,851,851,2026-09-29.parquet,2026-10-01T17:18:05Z,21765,['favstats/meta_ad_targeting'],2026-09-29,1419,fresh,"['favstats/meta_ad_reports', 'favstats/meta_ad_reports2']",AI-last_7_days,https://github.com/favstats/meta_ad_targeting/releases/tag/AI-last_7_days
targeting,AL,last_7_days,fresh,2026-09-29,2026-09-29,0,849,848,2026-09-29.parquet,2026-10-01T17:33:18Z,41271,['favstats/meta_ad_targeting'],2026-09-29,1601,fresh,"['favstats/meta_ad_reports', 'favstats/meta_ad_reports2']",AL-last_7_days,https://github.com/favstats/meta_ad_targeting/releases/tag/AL-last_7_days
targeting,AM,last_7_days,fresh,2026-09-29,2026-09-29,0,841,841,2026-09-29.parquet,2026-10-01T17:19:29Z,40483,['favstats/meta_ad_targeting'],2026-09-29,1396,fresh,"['favstats/meta_ad_reports', 'favstats/meta_ad_reports2']",AM-last_7_days,https://github.com/favstats/meta_ad_targeting/releases/tag/AM-last_7_days
targeting,AO,last_7_days,fresh,2026-09-29,2026-09-29,0,848,848,2026-09-29.parquet,2026-10-01T17:28:28Z,42531,['favstats/meta_ad_targeting'],2026-09-29,1430,fresh,"['favstats/meta_ad_reports', 'favstats/meta_ad_reports2']",AO-last_7_days,https://github.com/favstats/meta_ad_targeting/releases/tag/AO-last_7_days
targeting,AR,last_7_days,fresh,2026-09-29,2026-09-29,0,841,841,2026-09-29.parquet,2026-10-01T17:46:35Z,276444,['favstats/meta_ad_targeting'],2026-09-29,1599,fresh,"['favstats/meta_ad_reports', 'favstats/meta_ad_reports2']",AR-last_7_days,https://github.com/favstats/meta_ad_targeting/releases/tag/AR-last_7_days
targeting,AT,last_7_days,fresh,2026-09-29,2026-09-29,0,830,830,2026-09-29.parquet,2026-10-01T17:26:48Z,126558,['favstats/meta_ad_targeting'],2025-10-04,1239,lagging,"['favstats/meta_ad_reports', 'favstats/meta_ad_reports2']",AT-last_7_days,https://github.com/favstats/meta_ad_targeting/releases/tag/AT-last_7_days
targeting,AU,last_7_days,fresh,2026-09-29,2026-09-29,0,841,841,2026-09-29.parquet,2026-10-01T17:44:38Z,348505,['favstats/meta_ad_targeting'],2026-09-29,1599,fresh,"['favstats/meta_ad_reports', 'favstats/meta_ad_reports2']",AU-last_7_days,https://github.com/favstats/meta_ad_targeting/releases/tag/AU-last_7_days
targeting,AZ,last_7_days,fresh,2026-09-29,2026-09-29,0,830,830,2026-09-29.parquet,2026-10-01T17:29:57Z,37009,['favstats/meta_ad_targeting'],2026-09-29,1396,fresh,"['favstats/meta_ad_reports', 'favstats/meta_ad_reports2']",AZ-last_7_days,https://github.com/favstats/meta_ad_targeting/releases/tag/AZ-last_7_days
targeting,BA,last_7_days,fresh,2026-09-29,2026-09-29,0,831,831,2026-09-29.parquet,2026-10-01T17:21:39Z,135642,['favstats/meta_ad_targeting'],2026-09-29,1514,fresh,"['favstats/meta_ad_reports', 'favstats/meta_ad_reports2']",BA-last_7_days,https://github.com/favstats/meta_ad_targeting/releases/tag/BA-last_7_days
targeting,BB,last_7_days,fresh,2026-09-29,2026-09-29,0,823,823,2026-09-29.parquet,2026-10-01T17:24:37Z,34931,['favstats/meta_ad_targeting'],2026-09-29,1431,fresh,"['favstats/meta_ad_reports', 'favstats/meta_ad_reports2']",BB-last_7_days,https://github.com/favstats/meta_ad_targeting/releases/tag/BB-last_7_days
targeting,BD,last_7_days,fresh,2026-09-29,2026-09-29,0,826,826,2026-09-29.parquet,2026-10-01T17:41:58Z,108237,['favstats/meta_ad_targeting'],2026-09-29,1355,fresh,"['favstats/meta_ad_reports', 'favstats/meta_ad_reports2']",BD-last_7_days,https://github.com/favstats/meta_ad_targeting/releases/tag/BD-last_7_days
targeting,BE,last_7_days,fresh,2026-09-29,2026-09-29,0,822,822,2026-09-29.parquet,2026-10-01T17:43:01Z,146665,['favstats/meta_ad_targeting'],2025-10-04,1241,lagging,"['favstats/meta_ad_reports', 'favstats/meta_ad_reports2']",BE-last_7_days,https://github.com/favstats/meta_ad_targeting/releases/tag/BE-last_7_days
targeting,BF,last_7_days,fresh,2026-09-29,2026-09-29,0,809,809,2026-09-29.parquet,2026-10-01T17:26:19Z,61161,['favstats/meta_ad_targeting'],2026-09-29,1600,fresh,"['favstats/meta_ad_reports', 'favstats/meta_ad_reports2']",BF-last_7_days,https://github.com/favstats/meta_ad_targeting/releases/tag/BF-last_7_days
targeting,BG,last_7_days,fresh,2026-09-29,2026-09-29,0,826,826,2026-09-29.parquet,2026-10-01T17:22:25Z,78618,['favstats/meta_ad_targeting'],2025-10-04,1239,lagging,"['favstats/meta_ad_reports', 'favstats/meta_ad_reports2']",BG-last_7_days,https://github.com/favstats/meta_ad_targeting/releases/tag/BG-last_7_days
targeting,BH,last_7_days,fresh,2026-09-29,2026-09-29,0,815,815,2026-09-29.parquet,2026-10-01T17:31:05Z,41692,['favstats/meta_ad_targeting'],2026-09-29,1355,fresh,"['favstats/meta_ad_reports', 'favstats/meta_ad_reports2']",BH-last_7_days,https://github.com/favstats/meta_ad_targeting/releases/tag/BH-last_7_days
targeting,BI,last_7_days,fresh,2026-09-29,2026-09-29,0,804,804,2026-09-29.parquet,2026-10-01T17:29:45Z,31895,['favstats/meta_ad_targeting'],2026-09-29,1395,fresh,"['favstats/meta_ad_reports', 'favstats/meta_ad_reports2']",BI-last_7_days,https://github.com/favstats/meta_ad_targeting/releases/tag/BI-last_7_days
targeting,BJ,last_7_days,fresh,2026-09-29,2026-09-29,0,810,810,2026-09-29.parquet,2026-10-01T17:33:38Z,37344,['favstats/meta_ad_targeting'],2026-09-29,1600,fresh,"['favstats/meta_ad_reports', 'favstats/meta_ad_reports2']",BJ-last_7_days,https://github.com/favstats/meta_ad_targeting/releases/tag/BJ-last_7_days
targeting,BM,last_7_days,fresh,2026-09-29,2026-09-29,0,813,813,2026-09-29.parquet,2026-10-01T17:18:34Z,30955,['favstats/meta_ad_targeting'],2026-09-29,1516,fresh,"['favstats/meta_ad_reports', 'favstats/meta_ad_reports2']",BM-last_7_days,https://github.com/favstats/meta_ad_targeting/releases/tag/BM-last_7_days
targeting,BN,last_7_days,fresh,2026-09-29,2026-09-29,0,804,804,2026-09-29.parquet,2026-10-01T17:26:58Z,45559,['favstats/meta_ad_targeting'],2026-09-29,1356,fresh,"['favstats/meta_ad_reports', 'favstats/meta_ad_reports2']",BN-last_7_days,https://github.com/favstats/meta_ad_targeting/releases/tag/BN-last_7_days
targeting,BO,last_7_days,fresh,2026-09-29,2026-09-29,0,816,816,2026-09-29.parquet,2026-10-01T17:20:04Z,45575,['favstats/meta_ad_targeting'],2026-09-29,1599,fresh,"['favstats/meta_ad_reports', 'favstats/meta_ad_reports2']",BO-last_7_days,https://github.com/favstats/meta_ad_targeting/releases/tag/BO-last_7_days
targeting,BR,last_7_days,fresh,2026-09-29,2026-09-29,0,798,798,2026-09-29.parquet,2026-10-01T18:39:18Z,4232917,['favstats/meta_ad_targeting'],2026-09-29,1599,fresh,"['favstats/meta_ad_reports', 'favstats/meta_ad_reports2']",BR-last_7_days,https://github.com/favstats/meta_ad_targeting/releases/tag/BR-last_7_days
targeting,BS,last_7_days,fresh,2026-09-29,2026-09-29,0,804,804,2026-09-29.parquet,2026-10-01T17:26:14Z,38586,['favstats/meta_ad_targeting'],2026-09-29,1516,fresh,"['favstats/meta_ad_reports', 'favstats/meta_ad_reports2']",BS-last_7_days,https://github.com/favstats/meta_ad_targeting/releases/tag/BS-last_7_days
targeting,BT,last_7_days,fresh,2026-09-29,2026-09-29,0,806,806,2026-09-29.parquet,2026-10-01T17:28:24Z,30747,['favstats/meta_ad_targeting'],2026-09-29,1354,fresh,"['favstats/meta_ad_reports', 'favstats/meta_ad_reports2']",BT-last_7_days,https://github.com/favstats/meta_ad_targeting/releases/tag/BT-last_7_days
targeting,BW,last_7_days,fresh,2026-09-29,2026-09-29,0,807,807,2026-09-29.parquet,2026-10-01T17:22:51Z,50356,['favstats/meta_ad_targeting'],2026-09-29,1395,fresh,"['favstats/meta_ad_reports', 'favstats/meta_ad_reports2']",BW-last_7_days,https://github.com/favstats/meta_ad_targeting/releases/tag/BW-last_7_days
targeting,BY,last_7_days,fresh,2026-09-29,2026-09-29,0,807,807,2026-09-29.parquet,2026-10-01T17:23:36Z,34813,['favstats/meta_ad_targeting'],2026-09-29,1395,fresh,"['favstats/meta_ad_reports', 'favstats/meta_ad_reports2']",BY-last_7_days,https://github.com/favstats/meta_ad_targeting/releases/tag/BY-last_7_days
targeting,BZ,last_7_days,fresh,2026-09-29,2026-09-29,0,812,812,2026-09-29.parquet,2026-10-01T17:23:04Z,26899,['favstats/meta_ad_targeting'],2026-09-29,1601,fresh,"['favstats/meta_ad_reports', 'favstats/meta_ad_reports2']",BZ-last_7_days,https://github.com/favstats/meta_ad_targeting/releases/tag/BZ-last_7_days
targeting,CA,last_7_days,fresh,2026-09-29,2026-09-29,0,850,850,2026-09-29.parquet,2026-10-01T18:16:56Z,498990,['favstats/meta_ad_targeting'],2026-09-29,1601,fresh,"['favstats/meta_ad_reports', 'favstats/meta_ad_reports2']",CA-last_7_days,https://github.com/favstats/meta_ad_targeting/releases/tag/CA-last_7_days
targeting,CD,last_7_days,fresh,2026-09-29,2026-09-29,0,804,804,2026-09-29.parquet,2026-10-01T17:40:33Z,47630,['favstats/meta_ad_targeting'],2026-09-29,1393,fresh,"['favstats/meta_ad_reports', 'favstats/meta_ad_reports2']",CD-last_7_days,https://github.com/favstats/meta_ad_targeting/releases/tag/CD-last_7_days
targeting,CF,last_7_days,fresh,2026-09-29,2026-09-29,0,804,804,2026-09-29.parquet,2026-10-01T08:26:59Z,33606,['favstats/meta_ad_targeting'],2026-09-29,1397,fresh,"['favstats/meta_ad_reports', 'favstats/meta_ad_reports2']",CF-last_7_days,https://github.com/favstats/meta_ad_targeting/releases/tag/CF-last_7_days
targeting,CG,last_7_days,fresh,2026-09-29,2026-09-29,0,800,800,2026-09-29.parquet,2026-10-01T17:26:48Z,34761,['favstats/meta_ad_targeting'],2026-09-29,1516,fresh,"['favstats/meta_ad_reports', 'favstats/meta_ad_reports2']",CG-last_7_days,https://github.com/favstats/meta_ad_targeting/releases/tag/CG-last_7_days
targeting,CH,last_7_days,fresh,2026-09-29,2026-09-29,0,805,805,2026-09-29.parquet,2026-10-01T17:34:34Z,121719,['favstats/meta_ad_targeting'],2026-09-29,1397,fresh,"['favstats/meta_ad_reports', 'favstats/meta_ad_reports2']",CH-last_7_days,https://github.com/favstats/meta_ad_targeting/releases/tag/CH-last_7_days
targeting,CI,last_7_days,fresh,2026-09-29,2026-09-29,0,803,803,2026-09-29.parquet,2026-10-01T17:37:45Z,45756,['favstats/meta_ad_targeting'],2026-09-29,1600,fresh,"['favstats/meta_ad_reports', 'favstats/meta_ad_reports2']",CI-last_7_days,https://github.com/favstats/meta_ad_targeting/releases/tag/CI-last_7_days
targeting,CL,last_7_days,fresh,2026-09-29,2026-09-29,0,805,805,2026-09-29.parquet,2026-10-01T17:37:33Z,93944,['favstats/meta_ad_targeting'],2026-09-29,1600,fresh,"['favstats/meta_ad_reports', 'favstats/meta_ad_reports2']",CL-last_7_days,https://github.com/favstats/meta_ad_targeting/releases/tag/CL-last_7_days
targeting,CM,last_7_days,fresh,2026-09-29,2026-09-29,0,796,796,2026-09-29.parquet,2026-10-01T17:41:36Z,67842,['favstats/meta_ad_targeting'],2026-09-29,1394,fresh,"['favstats/meta_ad_reports', 'favstats/meta_ad_reports2']",CM-last_7_days,https://github.com/favstats/meta_ad_targeting/releases/tag/CM-last_7_days
targeting,CO,last_7_days,fresh,2026-09-29,2026-09-29,0,797,797,2026-09-29.parquet,2026-10-01T17:58:21Z,176864,['favstats/meta_ad_targeting'],2026-09-29,1598,fresh,"['favstats/meta_ad_reports', 'favstats/meta_ad_reports2']",CO-last_7_days,https://github.com/favstats/meta_ad_targeting/releases/tag/CO-last_7_days
targeting,CR,last_7_days,fresh,2026-09-29,2026-09-29,0,807,807,2026-09-29.parquet,2026-10-01T17:47:08Z,44788,['favstats/meta_ad_targeting'],2026-09-29,1432,fresh,"['favstats/meta_ad_reports', 'favstats/meta_ad_reports2']",CR-last_7_days,https://github.com/favstats/meta_ad_targeting/releases/tag/CR-last_7_days
targeting,CV,last_7_days,fresh,2026-09-29,2026-09-29,0,797,797,2026-09-29.parquet,2026-10-01T17:44:12Z,48326,['favstats/meta_ad_targeting'],2026-09-29,1396,fresh,"['favstats/meta_ad_reports', 'favstats/meta_ad_reports2']",CV-last_7_days,https://github.com/favstats/meta_ad_targeting/releases/tag/CV-last_7_days
targeting,CY,last_7_days,fresh,2026-09-29,2026-09-29,0,831,831,2026-09-29.parquet,2026-10-01T17:34:45Z,68153,['favstats/meta_ad_targeting'],2025-10-04,1240,lagging,"['favstats/meta_ad_reports', 'favstats/meta_ad_reports2']",CY-last_7_days,https://github.com/favstats/meta_ad_targeting/releases/tag/CY-last_7_days
targeting,CZ,last_7_days,fresh,2026-09-29,2026-09-29,0,832,832,2026-09-29.parquet,2026-10-01T17:54:15Z,151676,['favstats/meta_ad_targeting'],2025-10-04,1240,lagging,"['favstats/meta_ad_reports', 'favstats/meta_ad_reports2']",CZ-last_7_days,https://github.com/favstats/meta_ad_targeting/releases/tag/CZ-last_7_days
targeting,DE,last_7_days,fresh,2026-09-29,2026-09-29,0,863,863,2026-09-29.parquet,2026-10-01T17:49:23Z,127086,['favstats/meta_ad_targeting'],2025-10-04,1240,lagging,"['favstats/meta_ad_reports', 'favstats/meta_ad_reports2']",DE-last_7_days,https://github.com/favstats/meta_ad_targeting/releases/tag/DE-last_7_days
targeting,DJ,last_7_days,fresh,2026-09-29,2026-09-29,0,787,787,2026-09-29.parquet,2026-10-01T17:42:50Z,29552,['favstats/meta_ad_targeting'],2026-09-29,1396,fresh,"['favstats/meta_ad_reports', 'favstats/meta_ad_reports2']",DJ-last_7_days,https://github.com/favstats/meta_ad_targeting/releases/tag/DJ-last_7_days
targeting,DK,last_7_days,fresh,2026-09-29,2026-09-29,0,816,816,2026-09-29.parquet,2026-10-01T17:47:16Z,203813,['favstats/meta_ad_targeting'],2025-10-04,1240,lagging,"['favstats/meta_ad_reports', 'favstats/meta_ad_reports2']",DK-last_7_days,https://github.com/favstats/meta_ad_targeting/releases/tag/DK-last_7_days
targeting,DM,last_7_days,fresh,2026-09-29,2026-09-29,0,799,799,2026-09-29.parquet,2026-10-01T17:38:51Z,29107,['favstats/meta_ad_targeting'],2026-09-29,1431,fresh,"['favstats/meta_ad_reports', 'favstats/meta_ad_reports2']",DM-last_7_days,https://github.com/favstats/meta_ad_targeting/releases/tag/DM-last_7_days
targeting,DO,last_7_days,fresh,2026-09-29,2026-09-29,0,801,801,2026-09-29.parquet,2026-10-01T08:36:32Z,68328,['favstats/meta_ad_targeting'],2026-09-29,1600,fresh,"['favstats/meta_ad_reports', 'favstats/meta_ad_reports2']",DO-last_7_days,https://github.com/favstats/meta_ad_targeting/releases/tag/DO-last_7_days
targeting,DZ,last_7_days,fresh,2026-09-29,2026-09-29,0,792,792,2026-09-29.parquet,2026-10-01T17:53:02Z,96241,['favstats/meta_ad_targeting'],2026-09-29,1396,fresh,"['favstats/meta_ad_reports', 'favstats/meta_ad_reports2']",DZ-last_7_days,https://github.com/favstats/meta_ad_targeting/releases/tag/DZ-last_7_days
targeting,EC,last_7_days,fresh,2026-09-29,2026-09-29,0,791,791,2026-09-29.parquet,2026-10-01T17:42:52Z,120873,['favstats/meta_ad_targeting'],2026-09-29,1598,fresh,"['favstats/meta_ad_reports', 'favstats/meta_ad_reports2']",EC-last_7_days,https://github.com/favstats/meta_ad_targeting/releases/tag/EC-last_7_days
targeting,EE,last_7_days,fresh,2026-09-29,2026-09-29,0,828,828,2026-09-29.parquet,2026-10-01T17:56:42Z,73630,['favstats/meta_ad_targeting'],2025-10-04,1238,lagging,"['favstats/meta_ad_reports', 'favstats/meta_ad_reports2']",EE-last_7_days,https://github.com/favstats/meta_ad_targeting/releases/tag/EE-last_7_days
targeting,EG,last_7_days,fresh,2026-09-29,2026-09-29,0,807,807,2026-09-29.parquet,2026-10-01T17:47:46Z,91409,['favstats/meta_ad_targeting'],2026-09-29,1394,fresh,"['favstats/meta_ad_reports', 'favstats/meta_ad_reports2']",EG-last_7_days,https://github.com/favstats/meta_ad_targeting/releases/tag/EG-last_7_days
targeting,ER,last_7_days,fresh,2026-09-29,2026-09-29,0,788,788,2026-09-29.parquet,2026-10-01T17:37:36Z,24561,['favstats/meta_ad_targeting'],2026-09-29,1395,fresh,"['favstats/meta_ad_reports', 'favstats/meta_ad_reports2']",ER-last_7_days,https://github.com/favstats/meta_ad_targeting/releases/tag/ER-last_7_days
targeting,ES,last_7_days,fresh,2026-09-29,2026-09-29,0,823,823,2026-09-29.parquet,2026-10-01T17:53:56Z,80381,['favstats/meta_ad_targeting'],2025-10-04,1239,lagging,"['favstats/meta_ad_reports', 'favstats/meta_ad_reports2']",ES-last_7_days,https://github.com/favstats/meta_ad_targeting/releases/tag/ES-last_7_days
targeting,ET,last_7_days,fresh,2026-09-29,2026-09-29,0,781,781,2026-09-29.parquet,2026-10-01T17:57:50Z,45077,['favstats/meta_ad_targeting'],2026-09-29,1597,fresh,"['favstats/meta_ad_reports', 'favstats/meta_ad_reports2']",ET-last_7_days,https://github.com/favstats/meta_ad_targeting/releases/tag/ET-last_7_days
targeting,FI,last_7_days,fresh,2026-09-29,2026-09-29,0,818,818,2026-09-29.parquet,2026-10-01T18:01:26Z,42948,['favstats/meta_ad_targeting'],2025-10-04,1240,lagging,"['favstats/meta_ad_reports', 'favstats/meta_ad_reports2']",FI-last_7_days,https://github.com/favstats/meta_ad_targeting/releases/tag/FI-last_7_days
targeting,FJ,last_7_days,fresh,2026-09-29,2026-09-29,0,788,788,2026-09-29.parquet,2026-10-01T18:04:38Z,134175,['favstats/meta_ad_targeting'],2026-09-29,1517,fresh,"['favstats/meta_ad_reports', 'favstats/meta_ad_reports2']",FJ-last_7_days,https://github.com/favstats/meta_ad_targeting/releases/tag/FJ-last_7_days
targeting,FK,last_7_days,fresh,2026-09-29,2026-09-29,0,796,796,2026-09-29.parquet,2026-10-01T17:46:19Z,27079,['favstats/meta_ad_targeting'],2026-09-29,1586,fresh,"['favstats/meta_ad_reports', 'favstats/meta_ad_reports2']",FK-last_7_days,https://github.com/favstats/meta_ad_targeting/releases/tag/FK-last_7_days
targeting,FM,last_7_days,fresh,2026-09-29,2026-09-29,0,792,792,2026-09-29.parquet,2026-10-01T17:43:27Z,25951,['favstats/meta_ad_targeting'],2026-09-29,1397,fresh,"['favstats/meta_ad_reports', 'favstats/meta_ad_reports2']",FM-last_7_days,https://github.com/favstats/meta_ad_targeting/releases/tag/FM-last_7_days
targeting,FR,last_7_days,fresh,2026-09-29,2026-09-29,0,818,818,2026-09-29.parquet,2026-10-01T18:03:49Z,106273,['favstats/meta_ad_targeting'],2025-10-04,1239,lagging,"['favstats/meta_ad_reports', 'favstats/meta_ad_reports2']",FR-last_7_days,https://github.com/favstats/meta_ad_targeting/releases/tag/FR-last_7_days
targeting,GA,last_7_days,fresh,2026-09-29,2026-09-29,0,792,792,2026-09-29.parquet,2026-10-01T17:45:50Z,32120,['favstats/meta_ad_targeting'],2026-09-29,1397,fresh,"['favstats/meta_ad_reports', 'favstats/meta_ad_reports2']",GA-last_7_days,https://github.com/favstats/meta_ad_targeting/releases/tag/GA-last_7_days
targeting,GB,last_7_days,fresh,2026-09-29,2026-09-29,0,794,794,2026-09-29.parquet,2026-10-01T18:29:57Z,387759,['favstats/meta_ad_targeting'],2026-09-29,1599,fresh,"['favstats/meta_ad_reports', 'favstats/meta_ad_reports2']",GB-last_7_days,https://github.com/favstats/meta_ad_targeting/releases/tag/GB-last_7_days
targeting,GD,last_7_days,fresh,2026-09-29,2026-09-29,0,799,799,2026-09-29.parquet,2026-10-01T17:45:43Z,30291,['favstats/meta_ad_targeting'],2026-09-29,1430,fresh,"['favstats/meta_ad_reports', 'favstats/meta_ad_reports2']",GD-last_7_days,https://github.com/favstats/meta_ad_targeting/releases/tag/GD-last_7_days
targeting,GE,last_7_days,fresh,2026-09-29,2026-09-29,0,804,804,2026-09-29.parquet,2026-10-01T18:04:28Z,61084,['favstats/meta_ad_targeting'],2026-09-29,1600,fresh,"['favstats/meta_ad_reports', 'favstats/meta_ad_reports2']",GE-last_7_days,https://github.com/favstats/meta_ad_targeting/releases/tag/GE-last_7_days
targeting,GG,last_7_days,fresh,2026-09-29,2026-09-29,0,791,791,2026-09-29.parquet,2026-10-01T17:54:01Z,37175,['favstats/meta_ad_targeting'],2026-09-29,1396,fresh,"['favstats/meta_ad_reports', 'favstats/meta_ad_reports2']",GG-last_7_days,https://github.com/favstats/meta_ad_targeting/releases/tag/GG-last_7_days
targeting,GH,last_7_days,fresh,2026-09-29,2026-09-29,0,789,789,2026-09-29.parquet,2026-10-01T18:05:43Z,47494,['favstats/meta_ad_targeting'],2026-09-29,1601,fresh,"['favstats/meta_ad_reports', 'favstats/meta_ad_reports2']",GH-last_7_days,https://github.com/favstats/meta_ad_targeting/releases/tag/GH-last_7_days
targeting,GI,last_7_days,fresh,2026-09-29,2026-09-29,0,792,792,2026-09-29.parquet,2026-10-01T17:49:28Z,35191,['favstats/meta_ad_targeting'],2026-09-29,1396,fresh,"['favstats/meta_ad_reports', 'favstats/meta_ad_reports2']",GI-last_7_days,https://github.com/favstats/meta_ad_targeting/releases/tag/GI-last_7_days
targeting,GM,last_7_days,fresh,2026-09-29,2026-09-29,0,795,795,2026-09-29.parquet,2026-10-01T17:53:09Z,32095,['favstats/meta_ad_targeting'],2026-09-29,1394,fresh,"['favstats/meta_ad_reports', 'favstats/meta_ad_reports2']",GM-last_7_days,https://github.com/favstats/meta_ad_targeting/releases/tag/GM-last_7_days
targeting,GN,last_7_days,fresh,2026-09-29,2026-09-29,0,789,789,2026-09-29.parquet,2026-10-01T17:50:25Z,35297,['favstats/meta_ad_targeting'],2026-09-29,1395,fresh,"['favstats/meta_ad_reports', 'favstats/meta_ad_reports2']",GN-last_7_days,https://github.com/favstats/meta_ad_targeting/releases/tag/GN-last_7_days
targeting,GQ,last_7_days,fresh,2026-09-29,2026-09-29,0,791,791,2026-09-29.parquet,2026-10-01T18:01:38Z,43858,['favstats/meta_ad_targeting'],2026-09-29,1397,fresh,"['favstats/meta_ad_reports', 'favstats/meta_ad_reports2']",GQ-last_7_days,https://github.com/favstats/meta_ad_targeting/releases/tag/GQ-last_7_days
targeting,GR,last_7_days,fresh,2026-09-29,2026-09-29,0,823,823,2026-09-29.parquet,2026-10-01T18:00:01Z,119429,['favstats/meta_ad_targeting'],2025-10-04,1238,lagging,"['favstats/meta_ad_reports', 'favstats/meta_ad_reports2']",GR-last_7_days,https://github.com/favstats/meta_ad_targeting/releases/tag/GR-last_7_days
targeting,GT,last_7_days,fresh,2026-09-29,2026-09-29,0,788,788,2026-09-29.parquet,2026-10-01T17:52:21Z,45943,['favstats/meta_ad_targeting'],2026-09-29,1430,fresh,"['favstats/meta_ad_reports', 'favstats/meta_ad_reports2']",GT-last_7_days,https://github.com/favstats/meta_ad_targeting/releases/tag/GT-last_7_days
targeting,GW,last_7_days,fresh,2026-09-29,2026-09-29,0,796,796,2026-09-29.parquet,2026-10-01T17:50:57Z,46461,['favstats/meta_ad_targeting'],2026-09-29,1396,fresh,"['favstats/meta_ad_reports', 'favstats/meta_ad_reports2']",GW-last_7_days,https://github.com/favstats/meta_ad_targeting/releases/tag/GW-last_7_days
targeting,GY,last_7_days,fresh,2026-09-29,2026-09-29,0,794,794,2026-09-29.parquet,2026-10-01T17:56:05Z,29596,['favstats/meta_ad_targeting'],2026-09-29,1598,fresh,"['favstats/meta_ad_reports', 'favstats/meta_ad_reports2']",GY-last_7_days,https://github.com/favstats/meta_ad_targeting/releases/tag/GY-last_7_days
targeting,HN,last_7_days,fresh,2026-09-29,2026-09-29,0,796,796,2026-09-29.parquet,2026-10-01T17:54:21Z,37844,['favstats/meta_ad_targeting'],2026-09-29,1599,fresh,"['favstats/meta_ad_reports', 'favstats/meta_ad_reports2']",HN-last_7_days,https://github.com/favstats/meta_ad_targeting/releases/tag/HN-last_7_days
targeting,HR,last_7_days,fresh,2026-09-29,2026-09-29,0,815,815,2026-09-29.parquet,2026-10-01T18:00:29Z,69935,['favstats/meta_ad_targeting'],2025-10-04,1240,lagging,"['favstats/meta_ad_reports', 'favstats/meta_ad_reports2']",HR-last_7_days,https://github.com/favstats/meta_ad_targeting/releases/tag/HR-last_7_days
targeting,HT,last_7_days,fresh,2026-09-29,2026-09-29,0,790,790,2026-09-29.parquet,2026-10-01T17:57:05Z,29253,['favstats/meta_ad_targeting'],2026-09-29,1431,fresh,"['favstats/meta_ad_reports', 'favstats/meta_ad_reports2']",HT-last_7_days,https://github.com/favstats/meta_ad_targeting/releases/tag/HT-last_7_days
targeting,HU,last_7_days,fresh,2026-09-29,2026-09-29,0,823,823,2026-09-29.parquet,2026-10-01T18:20:21Z,48355,['favstats/meta_ad_targeting'],2025-10-04,1240,lagging,"['favstats/meta_ad_reports', 'favstats/meta_ad_reports2']",HU-last_7_days,https://github.com/favstats/meta_ad_targeting/releases/tag/HU-last_7_days
targeting,ID,last_7_days,fresh,2026-09-29,2026-09-29,0,794,794,2026-09-29.parquet,2026-10-01T18:12:25Z,137539,['favstats/meta_ad_targeting'],2026-09-29,1600,fresh,"['favstats/meta_ad_reports', 'favstats/meta_ad_reports2']",ID-last_7_days,https://github.com/favstats/meta_ad_targeting/releases/tag/ID-last_7_days
targeting,IE,last_7_days,fresh,2026-09-29,2026-09-29,0,824,824,2026-09-29.parquet,2026-10-01T18:04:01Z,53156,['favstats/meta_ad_targeting'],2025-10-04,1236,lagging,"['favstats/meta_ad_reports', 'favstats/meta_ad_reports2']",IE-last_7_days,https://github.com/favstats/meta_ad_targeting/releases/tag/IE-last_7_days
targeting,IL,last_7_days,fresh,2026-09-29,2026-09-29,0,790,790,2026-09-29.parquet,2026-10-01T18:02:11Z,162447,['favstats/meta_ad_targeting'],2026-09-29,1600,fresh,"['favstats/meta_ad_reports', 'favstats/meta_ad_reports2']",IL-last_7_days,https://github.com/favstats/meta_ad_targeting/releases/tag/IL-last_7_days
targeting,IM,last_7_days,fresh,2026-09-29,2026-09-29,0,789,789,2026-09-29.parquet,2026-10-01T17:59:21Z,26647,['favstats/meta_ad_targeting'],2026-09-29,1397,fresh,"['favstats/meta_ad_reports', 'favstats/meta_ad_reports2']",IM-last_7_days,https://github.com/favstats/meta_ad_targeting/releases/tag/IM-last_7_days
targeting,IN,last_7_days,fresh,2026-09-29,2026-09-29,0,802,802,2026-09-29.parquet,2026-10-01T20:03:30Z,989769,['favstats/meta_ad_targeting'],2026-09-29,1600,fresh,"['favstats/meta_ad_reports', 'favstats/meta_ad_reports2']",IN-last_7_days,https://github.com/favstats/meta_ad_targeting/releases/tag/IN-last_7_days
targeting,IQ,last_7_days,fresh,2026-09-29,2026-09-29,0,786,786,2026-09-29.parquet,2026-10-01T18:09:48Z,165872,['favstats/meta_ad_targeting'],2026-09-29,1601,fresh,"['favstats/meta_ad_reports', 'favstats/meta_ad_reports2']",IQ-last_7_days,https://github.com/favstats/meta_ad_targeting/releases/tag/IQ-last_7_days
targeting,IS,last_7_days,fresh,2026-09-29,2026-09-29,0,794,794,2026-09-29.parquet,2026-10-01T18:01:22Z,58726,['favstats/meta_ad_targeting'],2026-09-29,1599,fresh,"['favstats/meta_ad_reports', 'favstats/meta_ad_reports2']",IS-last_7_days,https://github.com/favstats/meta_ad_targeting/releases/tag/IS-last_7_days
targeting,IT,last_7_days,fresh,2026-09-29,2026-09-29,0,808,808,2026-09-29.parquet,2026-10-01T18:49:45Z,126494,['favstats/meta_ad_targeting'],2025-10-04,1239,lagging,"['favstats/meta_ad_reports', 'favstats/meta_ad_reports2']",IT-last_7_days,https://github.com/favstats/meta_ad_targeting/releases/tag/IT-last_7_days
targeting,JE,last_7_days,fresh,2026-09-29,2026-09-29,0,792,792,2026-09-29.parquet,2026-10-01T18:00:05Z,36137,['favstats/meta_ad_targeting'],2026-09-29,1397,fresh,"['favstats/meta_ad_reports', 'favstats/meta_ad_reports2']",JE-last_7_days,https://github.com/favstats/meta_ad_targeting/releases/tag/JE-last_7_days
targeting,JM,last_7_days,fresh,2026-09-29,2026-09-29,0,794,794,2026-09-29.parquet,2026-10-01T18:00:23Z,29665,['favstats/meta_ad_targeting'],2026-09-29,1431,fresh,"['favstats/meta_ad_reports', 'favstats/meta_ad_reports2']",JM-last_7_days,https://github.com/favstats/meta_ad_targeting/releases/tag/JM-last_7_days
targeting,JO,last_7_days,fresh,2026-09-29,2026-09-29,0,793,793,2026-09-29.parquet,2026-10-01T18:07:08Z,49528,['favstats/meta_ad_targeting'],2026-09-29,1355,fresh,"['favstats/meta_ad_reports', 'favstats/meta_ad_reports2']",JO-last_7_days,https://github.com/favstats/meta_ad_targeting/releases/tag/JO-last_7_days
targeting,JP,last_7_days,fresh,2026-09-29,2026-09-29,0,757,757,2026-09-29.parquet,2026-10-01T18:08:05Z,81503,['favstats/meta_ad_targeting'],2026-09-29,1600,fresh,"['favstats/meta_ad_reports', 'favstats/meta_ad_reports2']",JP-last_7_days,https://github.com/favstats/meta_ad_targeting/releases/tag/JP-last_7_days
targeting,KE,last_7_days,fresh,2026-09-29,2026-09-29,0,800,800,2026-09-29.parquet,2026-10-01T18:08:54Z,56807,['favstats/meta_ad_targeting'],2026-09-29,1601,fresh,"['favstats/meta_ad_reports', 'favstats/meta_ad_reports2']",KE-last_7_days,https://github.com/favstats/meta_ad_targeting/releases/tag/KE-last_7_days
targeting,KG,last_7_days,fresh,2026-09-29,2026-09-29,0,795,795,2026-09-29.parquet,2026-10-01T18:15:07Z,36369,['favstats/meta_ad_targeting'],2026-09-29,1600,fresh,"['favstats/meta_ad_reports', 'favstats/meta_ad_reports2']",KG-last_7_days,https://github.com/favstats/meta_ad_targeting/releases/tag/KG-last_7_days
targeting,KH,last_7_days,fresh,2026-09-29,2026-09-29,0,804,804,2026-09-29.parquet,2026-10-01T18:16:30Z,48758,['favstats/meta_ad_targeting'],2026-09-29,1355,fresh,"['favstats/meta_ad_reports', 'favstats/meta_ad_reports2']",KH-last_7_days,https://github.com/favstats/meta_ad_targeting/releases/tag/KH-last_7_days
targeting,KI,last_7_days,fresh,2026-09-29,2026-09-29,0,790,790,2026-09-29.parquet,2026-10-01T18:03:59Z,23233,['favstats/meta_ad_targeting'],2026-09-29,1394,fresh,"['favstats/meta_ad_reports', 'favstats/meta_ad_reports2']",KI-last_7_days,https://github.com/favstats/meta_ad_targeting/releases/tag/KI-last_7_days
targeting,KM,last_7_days,fresh,2026-09-29,2026-09-29,0,794,794,2026-09-29.parquet,2026-10-01T18:25:38Z,60350,['favstats/meta_ad_targeting'],2026-09-29,1395,fresh,"['favstats/meta_ad_reports', 'favstats/meta_ad_reports2']",KM-last_7_days,https://github.com/favstats/meta_ad_targeting/releases/tag/KM-last_7_days
targeting,KN,last_7_days,fresh,2026-09-29,2026-09-29,0,788,788,2026-09-29.parquet,2026-10-01T18:06:03Z,30741,['favstats/meta_ad_targeting'],2026-09-29,1429,fresh,"['favstats/meta_ad_reports', 'favstats/meta_ad_reports2']",KN-last_7_days,https://github.com/favstats/meta_ad_targeting/releases/tag/KN-last_7_days
targeting,KW,last_7_days,fresh,2026-09-29,2026-09-29,0,787,787,2026-09-29.parquet,2026-10-01T18:21:25Z,52630,['favstats/meta_ad_targeting'],2026-09-29,1354,fresh,"['favstats/meta_ad_reports', 'favstats/meta_ad_reports2']",KW-last_7_days,https://github.com/favstats/meta_ad_targeting/releases/tag/KW-last_7_days
targeting,KY,last_7_days,fresh,2026-09-29,2026-09-29,0,789,789,2026-09-29.parquet,2026-10-01T18:05:01Z,20619,['favstats/meta_ad_targeting'],2026-09-29,1597,fresh,"['favstats/meta_ad_reports', 'favstats/meta_ad_reports2']",KY-last_7_days,https://github.com/favstats/meta_ad_targeting/releases/tag/KY-last_7_days
targeting,KZ,last_7_days,fresh,2026-09-29,2026-09-29,0,797,797,2026-09-29.parquet,2026-10-01T18:20:39Z,43006,['favstats/meta_ad_targeting'],2026-09-29,1397,fresh,"['favstats/meta_ad_reports', 'favstats/meta_ad_reports2']",KZ-last_7_days,https://github.com/favstats/meta_ad_targeting/releases/tag/KZ-last_7_days
targeting,LA,last_7_days,fresh,2026-09-29,2026-09-29,0,796,796,2026-09-29.parquet,2026-10-01T18:08:03Z,55095,['favstats/meta_ad_targeting'],2026-09-29,1355,fresh,"['favstats/meta_ad_reports', 'favstats/meta_ad_reports2']",LA-last_7_days,https://github.com/favstats/meta_ad_targeting/releases/tag/LA-last_7_days
targeting,LB,last_7_days,fresh,2026-09-29,2026-09-29,0,781,781,2026-09-29.parquet,2026-10-01T18:24:01Z,52340,['favstats/meta_ad_targeting'],2026-09-29,1516,fresh,"['favstats/meta_ad_reports', 'favstats/meta_ad_reports2']",LB-last_7_days,https://github.com/favstats/meta_ad_targeting/releases/tag/LB-last_7_days
targeting,LC,last_7_days,fresh,2026-09-29,2026-09-29,0,782,782,2026-09-29.parquet,2026-10-01T18:13:03Z,24138,['favstats/meta_ad_targeting'],2026-09-29,1595,fresh,"['favstats/meta_ad_reports', 'favstats/meta_ad_reports2']",LC-last_7_days,https://github.com/favstats/meta_ad_targeting/releases/tag/LC-last_7_days
targeting,LI,last_7_days,fresh,2026-09-29,2026-09-29,0,797,797,2026-09-29.parquet,2026-10-01T18:11:48Z,28054,['favstats/meta_ad_targeting'],2026-09-29,1396,fresh,"['favstats/meta_ad_reports', 'favstats/meta_ad_reports2']",LI-last_7_days,https://github.com/favstats/meta_ad_targeting/releases/tag/LI-last_7_days
targeting,LK,last_7_days,fresh,2026-09-29,2026-09-29,0,781,781,2026-09-29.parquet,2026-10-01T18:11:20Z,45723,['favstats/meta_ad_targeting'],2026-09-29,1598,fresh,"['favstats/meta_ad_reports', 'favstats/meta_ad_reports2']",LK-last_7_days,https://github.com/favstats/meta_ad_targeting/releases/tag/LK-last_7_days
targeting,LR,last_7_days,fresh,2026-09-29,2026-09-29,0,791,791,2026-09-29.parquet,2026-10-01T18:18:27Z,51652,['favstats/meta_ad_targeting'],2026-09-29,1396,fresh,"['favstats/meta_ad_reports', 'favstats/meta_ad_reports2']",LR-last_7_days,https://github.com/favstats/meta_ad_targeting/releases/tag/LR-last_7_days
targeting,LS,last_7_days,fresh,2026-09-29,2026-09-29,0,786,786,2026-09-29.parquet,2026-10-01T18:08:55Z,30561,['favstats/meta_ad_targeting'],2026-09-29,1516,fresh,"['favstats/meta_ad_reports', 'favstats/meta_ad_reports2']",LS-last_7_days,https://github.com/favstats/meta_ad_targeting/releases/tag/LS-last_7_days
targeting,LT,last_7_days,fresh,2026-09-29,2026-09-29,0,823,823,2026-09-29.parquet,2026-10-01T18:23:56Z,32038,['favstats/meta_ad_targeting'],2025-10-04,1238,lagging,"['favstats/meta_ad_reports', 'favstats/meta_ad_reports2']",LT-last_7_days,https://github.com/favstats/meta_ad_targeting/releases/tag/LT-last_7_days
targeting,LU,last_7_days,fresh,2026-09-29,2026-09-29,0,831,831,2026-09-29.parquet,2026-10-01T18:23:23Z,33526,['favstats/meta_ad_targeting'],2025-10-04,1241,lagging,"['favstats/meta_ad_reports', 'favstats/meta_ad_reports2']",LU-last_7_days,https://github.com/favstats/meta_ad_targeting/releases/tag/LU-last_7_days
targeting,LV,last_7_days,fresh,2026-09-29,2026-09-29,0,830,830,2026-09-29.parquet,2026-10-01T18:24:36Z,30956,['favstats/meta_ad_targeting'],2025-10-04,1240,lagging,"['favstats/meta_ad_reports', 'favstats/meta_ad_reports2']",LV-last_7_days,https://github.com/favstats/meta_ad_targeting/releases/tag/LV-last_7_days
targeting,LY,last_7_days,fresh,2026-09-29,2026-09-29,0,785,785,2026-09-29.parquet,2026-10-01T18:26:43Z,46341,['favstats/meta_ad_targeting'],2026-09-29,1397,fresh,"['favstats/meta_ad_reports', 'favstats/meta_ad_reports2']",LY-last_7_days,https://github.com/favstats/meta_ad_targeting/releases/tag/LY-last_7_days
targeting,MA,last_7_days,fresh,2026-09-29,2026-09-29,0,790,790,2026-09-29.parquet,2026-10-01T18:32:29Z,69830,['favstats/meta_ad_targeting'],2026-09-29,1599,fresh,"['favstats/meta_ad_reports', 'favstats/meta_ad_reports2']",MA-last_7_days,https://github.com/favstats/meta_ad_targeting/releases/tag/MA-last_7_days
targeting,MC,last_7_days,fresh,2026-09-29,2026-09-29,0,792,792,2026-09-29.parquet,2026-10-01T18:13:47Z,32206,['favstats/meta_ad_targeting'],2026-09-29,1394,fresh,"['favstats/meta_ad_reports', 'favstats/meta_ad_reports2']",MC-last_7_days,https://github.com/favstats/meta_ad_targeting/releases/tag/MC-last_7_days
targeting,MD,last_7_days,fresh,2026-09-29,2026-09-29,0,787,787,2026-09-29.parquet,2026-10-01T18:14:30Z,53756,['favstats/meta_ad_targeting'],2026-09-29,1600,fresh,"['favstats/meta_ad_reports', 'favstats/meta_ad_reports2']",MD-last_7_days,https://github.com/favstats/meta_ad_targeting/releases/tag/MD-last_7_days
targeting,ME,last_7_days,fresh,2026-09-29,2026-09-29,0,786,786,2026-09-29.parquet,2026-10-01T18:15:34Z,63330,['favstats/meta_ad_targeting'],2026-09-29,1600,fresh,"['favstats/meta_ad_reports', 'favstats/meta_ad_reports2']",ME-last_7_days,https://github.com/favstats/meta_ad_targeting/releases/tag/ME-last_7_days
targeting,MG,last_7_days,fresh,2026-09-29,2026-09-29,0,796,796,2026-09-29.parquet,2026-10-01T18:26:36Z,35961,['favstats/meta_ad_targeting'],2026-09-29,1598,fresh,"['favstats/meta_ad_reports', 'favstats/meta_ad_reports2']",MG-last_7_days,https://github.com/favstats/meta_ad_targeting/releases/tag/MG-last_7_days
targeting,MH,last_7_days,fresh,2026-09-29,2026-09-29,0,788,788,2026-09-29.parquet,2026-10-01T18:18:08Z,30621,['favstats/meta_ad_targeting'],2026-09-29,1397,fresh,"['favstats/meta_ad_reports', 'favstats/meta_ad_reports2']",MH-last_7_days,https://github.com/favstats/meta_ad_targeting/releases/tag/MH-last_7_days
targeting,MK,last_7_days,fresh,2026-09-29,2026-09-29,0,716,716,2026-09-29.parquet,2026-10-01T18:20:36Z,43084,['favstats/meta_ad_targeting'],2026-09-29,1600,fresh,"['favstats/meta_ad_reports', 'favstats/meta_ad_reports2']",MK-last_7_days,https://github.com/favstats/meta_ad_targeting/releases/tag/MK-last_7_days
targeting,ML,last_7_days,fresh,2026-09-29,2026-09-29,0,792,792,2026-09-29.parquet,2026-10-01T18:18:23Z,34137,['favstats/meta_ad_targeting'],2026-09-29,1601,fresh,"['favstats/meta_ad_reports', 'favstats/meta_ad_reports2']",ML-last_7_days,https://github.com/favstats/meta_ad_targeting/releases/tag/ML-last_7_days
targeting,MM,last_7_days,fresh,2026-09-29,2026-09-29,0,793,793,2026-09-29.parquet,2026-10-01T18:21:46Z,36077,['favstats/meta_ad_targeting'],2026-09-29,1600,fresh,"['favstats/meta_ad_reports', 'favstats/meta_ad_reports2']",MM-last_7_days,https://github.com/favstats/meta_ad_targeting/releases/tag/MM-last_7_days
targeting,MN,last_7_days,fresh,2026-09-29,2026-09-29,0,798,798,2026-09-29.parquet,2026-10-01T18:23:43Z,43442,['favstats/meta_ad_targeting'],2026-09-29,1600,fresh,"['favstats/meta_ad_reports', 'favstats/meta_ad_reports2']",MN-last_7_days,https://github.com/favstats/meta_ad_targeting/releases/tag/MN-last_7_days
targeting,MR,last_7_days,fresh,2026-09-29,2026-09-29,0,792,792,2026-09-29.parquet,2026-10-01T18:30:40Z,35311,['favstats/meta_ad_targeting'],2026-09-29,1395,fresh,"['favstats/meta_ad_reports', 'favstats/meta_ad_reports2']",MR-last_7_days,https://github.com/favstats/meta_ad_targeting/releases/tag/MR-last_7_days
targeting,MS,last_7_days,fresh,2026-09-29,2026-09-29,0,789,789,2026-09-29.parquet,2026-10-01T18:18:47Z,20390,['favstats/meta_ad_targeting'],2026-09-29,1414,fresh,"['favstats/meta_ad_reports', 'favstats/meta_ad_reports2']",MS-last_7_days,https://github.com/favstats/meta_ad_targeting/releases/tag/MS-last_7_days
targeting,MT,last_7_days,fresh,2026-09-29,2026-09-29,0,827,827,2026-09-29.parquet,2026-10-01T18:33:16Z,29144,['favstats/meta_ad_targeting'],2025-10-04,1239,lagging,"['favstats/meta_ad_reports', 'favstats/meta_ad_reports2']",MT-last_7_days,https://github.com/favstats/meta_ad_targeting/releases/tag/MT-last_7_days
targeting,MU,last_7_days,fresh,2026-09-29,2026-09-29,0,786,786,2026-09-29.parquet,2026-10-01T18:22:07Z,34318,['favstats/meta_ad_targeting'],2026-09-29,1598,fresh,"['favstats/meta_ad_reports', 'favstats/meta_ad_reports2']",MU-last_7_days,https://github.com/favstats/meta_ad_targeting/releases/tag/MU-last_7_days
targeting,MV,last_7_days,fresh,2026-09-29,2026-09-29,0,782,782,2026-09-29.parquet,2026-10-01T18:22:04Z,33665,['favstats/meta_ad_targeting'],2026-09-29,1356,fresh,"['favstats/meta_ad_reports', 'favstats/meta_ad_reports2']",MV-last_7_days,https://github.com/favstats/meta_ad_targeting/releases/tag/MV-last_7_days
targeting,MW,last_7_days,fresh,2026-09-29,2026-09-29,0,792,792,2026-09-29.parquet,2026-10-01T18:25:23Z,49328,['favstats/meta_ad_targeting'],2026-09-29,1395,fresh,"['favstats/meta_ad_reports', 'favstats/meta_ad_reports2']",MW-last_7_days,https://github.com/favstats/meta_ad_targeting/releases/tag/MW-last_7_days
targeting,MX,last_7_days,fresh,2026-09-29,2026-09-29,0,837,837,2026-09-29.parquet,2026-10-01T19:13:42Z,794809,['favstats/meta_ad_targeting'],2026-09-29,1599,fresh,"['favstats/meta_ad_reports', 'favstats/meta_ad_reports2']",MX-last_7_days,https://github.com/favstats/meta_ad_targeting/releases/tag/MX-last_7_days
targeting,MY,last_7_days,fresh,2026-09-29,2026-09-29,0,791,791,2026-09-29.parquet,2026-10-01T18:47:13Z,97366,['favstats/meta_ad_targeting'],2026-09-29,1598,fresh,"['favstats/meta_ad_reports', 'favstats/meta_ad_reports2']",MY-last_7_days,https://github.com/favstats/meta_ad_targeting/releases/tag/MY-last_7_days
targeting,MZ,last_7_days,fresh,2026-09-29,2026-09-29,0,792,792,2026-09-29.parquet,2026-10-01T18:31:37Z,38703,['favstats/meta_ad_targeting'],2026-09-29,1395,fresh,"['favstats/meta_ad_reports', 'favstats/meta_ad_reports2']",MZ-last_7_days,https://github.com/favstats/meta_ad_targeting/releases/tag/MZ-last_7_days
targeting,NA,last_7_days,fresh,2026-09-29,2026-09-29,0,795,795,2026-09-29.parquet,2026-10-01T18:25:21Z,30734,['favstats/meta_ad_targeting'],2026-09-29,1397,fresh,"['favstats/meta_ad_reports', 'favstats/meta_ad_reports2']",NA-last_7_days,https://github.com/favstats/meta_ad_targeting/releases/tag/NA-last_7_days
targeting,NE,last_7_days,fresh,2026-09-29,2026-09-29,0,777,777,2026-09-29.parquet,2026-10-01T18:26:39Z,51600,['favstats/meta_ad_targeting'],2026-09-29,1394,fresh,"['favstats/meta_ad_reports', 'favstats/meta_ad_reports2']",NE-last_7_days,https://github.com/favstats/meta_ad_targeting/releases/tag/NE-last_7_days
targeting,NG,last_7_days,fresh,2026-09-29,2026-09-29,0,796,796,2026-09-29.parquet,2026-10-01T18:37:43Z,87639,['favstats/meta_ad_targeting'],2026-09-29,1512,fresh,"['favstats/meta_ad_reports', 'favstats/meta_ad_reports2']",NG-last_7_days,https://github.com/favstats/meta_ad_targeting/releases/tag/NG-last_7_days
targeting,NI,last_7_days,fresh,2026-09-29,2026-09-29,0,784,784,2026-09-29.parquet,2026-10-01T18:26:05Z,31395,['favstats/meta_ad_targeting'],2026-09-29,1432,fresh,"['favstats/meta_ad_reports', 'favstats/meta_ad_reports2']",NI-last_7_days,https://github.com/favstats/meta_ad_targeting/releases/tag/NI-last_7_days
targeting,NL,last_7_days,fresh,2026-09-29,2026-09-29,0,811,811,2026-09-29.parquet,2026-10-01T18:34:52Z,157124,['favstats/meta_ad_targeting'],2025-10-04,1240,lagging,"['favstats/meta_ad_reports', 'favstats/meta_ad_reports2']",NL-last_7_days,https://github.com/favstats/meta_ad_targeting/releases/tag/NL-last_7_days
targeting,NO,last_7_days,fresh,2026-09-29,2026-09-29,0,799,799,2026-09-29.parquet,2026-10-01T18:31:30Z,84189,['favstats/meta_ad_targeting'],2026-09-29,1600,fresh,"['favstats/meta_ad_reports', 'favstats/meta_ad_reports2']",NO-last_7_days,https://github.com/favstats/meta_ad_targeting/releases/tag/NO-last_7_days
targeting,NP,last_7_days,fresh,2026-09-29,2026-09-29,0,784,784,2026-09-29.parquet,2026-10-01T09:15:55Z,67728,['favstats/meta_ad_targeting'],2026-09-29,1356,fresh,"['favstats/meta_ad_reports', 'favstats/meta_ad_reports2']",NP-last_7_days,https://github.com/favstats/meta_ad_targeting/releases/tag/NP-last_7_days
targeting,NR,last_7_days,fresh,2026-09-29,2026-09-29,0,792,792,2026-09-29.parquet,2026-10-01T18:27:45Z,35639,['favstats/meta_ad_targeting'],2026-09-29,1396,fresh,"['favstats/meta_ad_reports', 'favstats/meta_ad_reports2']",NR-last_7_days,https://github.com/favstats/meta_ad_targeting/releases/tag/NR-last_7_days
targeting,NZ,last_7_days,fresh,2026-09-29,2026-09-29,0,816,816,2026-09-29.parquet,2026-10-01T18:32:17Z,119128,['favstats/meta_ad_targeting'],2026-09-29,1599,fresh,"['favstats/meta_ad_reports', 'favstats/meta_ad_reports2']",NZ-last_7_days,https://github.com/favstats/meta_ad_targeting/releases/tag/NZ-last_7_days
targeting,OM,last_7_days,fresh,2026-09-29,2026-09-29,0,794,794,2026-09-29.parquet,2026-10-01T18:38:00Z,44338,['favstats/meta_ad_targeting'],2026-09-29,1354,fresh,"['favstats/meta_ad_reports', 'favstats/meta_ad_reports2']",OM-last_7_days,https://github.com/favstats/meta_ad_targeting/releases/tag/OM-last_7_days
targeting,PA,last_7_days,fresh,2026-09-29,2026-09-29,0,795,795,2026-09-29.parquet,2026-10-01T18:40:17Z,40757,['favstats/meta_ad_targeting'],2026-09-29,1430,fresh,"['favstats/meta_ad_reports', 'favstats/meta_ad_reports2']",PA-last_7_days,https://github.com/favstats/meta_ad_targeting/releases/tag/PA-last_7_days
targeting,PE,last_7_days,fresh,2026-09-29,2026-09-29,0,794,794,2026-09-29.parquet,2026-10-01T19:00:01Z,327879,['favstats/meta_ad_targeting'],2026-09-29,1601,fresh,"['favstats/meta_ad_reports', 'favstats/meta_ad_reports2']",PE-last_7_days,https://github.com/favstats/meta_ad_targeting/releases/tag/PE-last_7_days
targeting,PG,last_7_days,fresh,2026-09-29,2026-09-29,0,794,794,2026-09-29.parquet,2026-10-01T18:32:27Z,47570,['favstats/meta_ad_targeting'],2026-09-29,1515,fresh,"['favstats/meta_ad_reports', 'favstats/meta_ad_reports2']",PG-last_7_days,https://github.com/favstats/meta_ad_targeting/releases/tag/PG-last_7_days
targeting,PH,last_7_days,fresh,2026-09-29,2026-09-29,0,788,788,2026-09-29.parquet,2026-10-01T18:53:21Z,197988,['favstats/meta_ad_targeting'],2026-09-29,1599,fresh,"['favstats/meta_ad_reports', 'favstats/meta_ad_reports2']",PH-last_7_days,https://github.com/favstats/meta_ad_targeting/releases/tag/PH-last_7_days
targeting,PK,last_7_days,fresh,2026-09-29,2026-09-29,0,796,796,2026-09-29.parquet,2026-10-01T18:46:52Z,90189,['favstats/meta_ad_targeting'],2026-09-29,1395,fresh,"['favstats/meta_ad_reports', 'favstats/meta_ad_reports2']",PK-last_7_days,https://github.com/favstats/meta_ad_targeting/releases/tag/PK-last_7_days
targeting,PL,last_7_days,fresh,2026-09-29,2026-09-29,0,817,817,2026-09-29.parquet,2026-10-01T19:03:19Z,70774,['favstats/meta_ad_targeting'],2025-10-04,1240,lagging,"['favstats/meta_ad_reports', 'favstats/meta_ad_reports2']",PL-last_7_days,https://github.com/favstats/meta_ad_targeting/releases/tag/PL-last_7_days
targeting,PS,last_7_days,fresh,2026-09-29,2026-09-29,0,797,797,2026-09-29.parquet,2026-10-01T18:42:03Z,39072,['favstats/meta_ad_targeting'],2026-09-29,1355,fresh,"['favstats/meta_ad_reports', 'favstats/meta_ad_reports2']",PS-last_7_days,https://github.com/favstats/meta_ad_targeting/releases/tag/PS-last_7_days
targeting,PT,last_7_days,fresh,2026-09-29,2026-09-29,0,821,821,2026-09-29.parquet,2026-10-01T18:48:28Z,47600,['favstats/meta_ad_targeting'],2025-10-04,1238,lagging,"['favstats/meta_ad_reports', 'favstats/meta_ad_reports2']",PT-last_7_days,https://github.com/favstats/meta_ad_targeting/releases/tag/PT-last_7_days
targeting,PW,last_7_days,fresh,2026-09-29,2026-09-29,0,714,714,2026-09-29.parquet,2026-10-01T18:34:41Z,30035,['favstats/meta_ad_targeting'],2026-09-29,1599,fresh,"['favstats/meta_ad_reports', 'favstats/meta_ad_reports2']",PW-last_7_days,https://github.com/favstats/meta_ad_targeting/releases/tag/PW-last_7_days
targeting,PY,last_7_days,fresh,2026-09-29,2026-09-29,0,798,798,2026-09-29.parquet,2026-10-01T18:48:25Z,100415,['favstats/meta_ad_targeting'],2026-09-29,1599,fresh,"['favstats/meta_ad_reports', 'favstats/meta_ad_reports2']",PY-last_7_days,https://github.com/favstats/meta_ad_targeting/releases/tag/PY-last_7_days
targeting,QA,last_7_days,fresh,2026-09-29,2026-09-29,0,791,791,2026-09-29.parquet,2026-10-01T18:49:11Z,64787,['favstats/meta_ad_targeting'],2026-09-29,1356,fresh,"['favstats/meta_ad_reports', 'favstats/meta_ad_reports2']",QA-last_7_days,https://github.com/favstats/meta_ad_targeting/releases/tag/QA-last_7_days
targeting,RO,last_7_days,fresh,2026-09-29,2026-09-29,0,823,823,2026-09-29.parquet,2026-10-01T18:48:25Z,157133,['favstats/meta_ad_targeting'],2025-10-04,1238,lagging,"['favstats/meta_ad_reports', 'favstats/meta_ad_reports2']",RO-last_7_days,https://github.com/favstats/meta_ad_targeting/releases/tag/RO-last_7_days
targeting,RS,last_7_days,fresh,2026-09-29,2026-09-29,0,784,784,2026-09-29.parquet,2026-10-01T18:41:45Z,62848,['favstats/meta_ad_targeting'],2026-09-29,1599,fresh,"['favstats/meta_ad_reports', 'favstats/meta_ad_reports2']",RS-last_7_days,https://github.com/favstats/meta_ad_targeting/releases/tag/RS-last_7_days
targeting,RW,last_7_days,fresh,2026-09-29,2026-09-29,0,792,792,2026-09-29.parquet,2026-10-01T18:40:21Z,33753,['favstats/meta_ad_targeting'],2026-09-29,1397,fresh,"['favstats/meta_ad_reports', 'favstats/meta_ad_reports2']",RW-last_7_days,https://github.com/favstats/meta_ad_targeting/releases/tag/RW-last_7_days
targeting,SA,last_7_days,fresh,2026-09-29,2026-09-29,0,780,780,2026-09-29.parquet,2026-10-01T18:47:59Z,76111,['favstats/meta_ad_targeting'],2026-09-29,1354,fresh,"['favstats/meta_ad_reports', 'favstats/meta_ad_reports2']",SA-last_7_days,https://github.com/favstats/meta_ad_targeting/releases/tag/SA-last_7_days
targeting,SB,last_7_days,fresh,2026-09-29,2026-09-29,0,785,785,2026-09-29.parquet,2026-10-01T18:36:25Z,36732,['favstats/meta_ad_targeting'],2026-09-29,1396,fresh,"['favstats/meta_ad_reports', 'favstats/meta_ad_reports2']",SB-last_7_days,https://github.com/favstats/meta_ad_targeting/releases/tag/SB-last_7_days
targeting,SC,last_7_days,fresh,2026-09-29,2026-09-29,0,801,801,2026-09-29.parquet,2026-10-01T18:42:12Z,28551,['favstats/meta_ad_targeting'],2026-09-29,1600,fresh,"['favstats/meta_ad_reports', 'favstats/meta_ad_reports2']",SC-last_7_days,https://github.com/favstats/meta_ad_targeting/releases/tag/SC-last_7_days
targeting,SE,last_7_days,fresh,2026-09-29,2026-09-29,0,821,821,2026-09-29.parquet,2026-10-01T18:55:23Z,174251,['favstats/meta_ad_targeting'],2025-10-04,1240,lagging,"['favstats/meta_ad_reports', 'favstats/meta_ad_reports2']",SE-last_7_days,https://github.com/favstats/meta_ad_targeting/releases/tag/SE-last_7_days
targeting,SG,last_7_days,fresh,2026-09-29,2026-09-29,0,788,788,2026-09-29.parquet,2026-10-01T18:43:51Z,57733,['favstats/meta_ad_targeting'],2026-09-29,1599,fresh,"['favstats/meta_ad_reports', 'favstats/meta_ad_reports2']",SG-last_7_days,https://github.com/favstats/meta_ad_targeting/releases/tag/SG-last_7_days
targeting,SH,last_7_days,fresh,2026-09-29,2026-09-29,0,783,783,2026-09-29.parquet,2026-10-01T18:39:46Z,26152,['favstats/meta_ad_targeting'],2026-09-29,1392,fresh,"['favstats/meta_ad_reports', 'favstats/meta_ad_reports2']",SH-last_7_days,https://github.com/favstats/meta_ad_targeting/releases/tag/SH-last_7_days
targeting,SI,last_7_days,fresh,2026-09-29,2026-09-29,0,813,813,2026-09-29.parquet,2026-10-01T18:44:46Z,31720,['favstats/meta_ad_targeting'],2025-10-04,1237,lagging,"['favstats/meta_ad_reports', 'favstats/meta_ad_reports2']",SI-last_7_days,https://github.com/favstats/meta_ad_targeting/releases/tag/SI-last_7_days
targeting,SK,last_7_days,fresh,2026-09-29,2026-09-29,0,829,829,2026-09-29.parquet,2026-10-01T18:56:05Z,94288,['favstats/meta_ad_targeting'],2025-10-04,1238,lagging,"['favstats/meta_ad_reports', 'favstats/meta_ad_reports2']",SK-last_7_days,https://github.com/favstats/meta_ad_targeting/releases/tag/SK-last_7_days
targeting,SL,last_7_days,fresh,2026-09-29,2026-09-29,0,795,795,2026-09-29.parquet,2026-10-01T18:44:11Z,49952,['favstats/meta_ad_targeting'],2026-09-29,1516,fresh,"['favstats/meta_ad_reports', 'favstats/meta_ad_reports2']",SL-last_7_days,https://github.com/favstats/meta_ad_targeting/releases/tag/SL-last_7_days
targeting,SM,last_7_days,fresh,2026-09-29,2026-09-29,0,784,784,2026-09-29.parquet,2026-10-01T18:44:57Z,25114,['favstats/meta_ad_targeting'],2026-09-29,1396,fresh,"['favstats/meta_ad_reports', 'favstats/meta_ad_reports2']",SM-last_7_days,https://github.com/favstats/meta_ad_targeting/releases/tag/SM-last_7_days
targeting,SN,last_7_days,fresh,2026-09-29,2026-09-29,0,786,786,2026-09-29.parquet,2026-10-01T18:53:46Z,41046,['favstats/meta_ad_targeting'],2026-09-29,1596,fresh,"['favstats/meta_ad_reports', 'favstats/meta_ad_reports2']",SN-last_7_days,https://github.com/favstats/meta_ad_targeting/releases/tag/SN-last_7_days
targeting,SO,last_7_days,fresh,2026-09-29,2026-09-29,0,768,768,2026-09-29.parquet,2026-10-01T18:48:55Z,57157,['favstats/meta_ad_targeting'],2026-09-29,1396,fresh,"['favstats/meta_ad_reports', 'favstats/meta_ad_reports2']",SO-last_7_days,https://github.com/favstats/meta_ad_targeting/releases/tag/SO-last_7_days
targeting,SR,last_7_days,fresh,2026-09-29,2026-09-29,0,787,787,2026-09-29.parquet,2026-10-01T18:50:05Z,29896,['favstats/meta_ad_targeting'],2026-09-29,1600,fresh,"['favstats/meta_ad_reports', 'favstats/meta_ad_reports2']",SR-last_7_days,https://github.com/favstats/meta_ad_targeting/releases/tag/SR-last_7_days
targeting,SS,last_7_days,fresh,2026-09-29,2026-09-29,0,794,794,2026-09-29.parquet,2026-10-01T18:53:16Z,33631,['favstats/meta_ad_targeting'],2026-09-29,1397,fresh,"['favstats/meta_ad_reports', 'favstats/meta_ad_reports2']",SS-last_7_days,https://github.com/favstats/meta_ad_targeting/releases/tag/SS-last_7_days
targeting,ST,last_7_days,fresh,2026-09-29,2026-09-29,0,791,791,2026-09-29.parquet,2026-10-01T18:47:34Z,31071,['favstats/meta_ad_targeting'],2026-09-29,1599,fresh,"['favstats/meta_ad_reports', 'favstats/meta_ad_reports2']",ST-last_7_days,https://github.com/favstats/meta_ad_targeting/releases/tag/ST-last_7_days
targeting,SV,last_7_days,fresh,2026-09-29,2026-09-29,0,798,798,2026-09-29.parquet,2026-10-01T18:55:50Z,47568,['favstats/meta_ad_targeting'],2026-09-29,1432,fresh,"['favstats/meta_ad_reports', 'favstats/meta_ad_reports2']",SV-last_7_days,https://github.com/favstats/meta_ad_targeting/releases/tag/SV-last_7_days
targeting,SZ,last_7_days,fresh,2026-09-29,2026-09-29,0,791,790,2026-09-29.parquet,2026-10-01T18:48:18Z,30223,['favstats/meta_ad_targeting'],2026-09-29,1397,fresh,"['favstats/meta_ad_reports', 'favstats/meta_ad_reports2']",SZ-last_7_days,https://github.com/favstats/meta_ad_targeting/releases/tag/SZ-last_7_days
targeting,TC,last_7_days,fresh,2026-09-29,2026-09-29,0,791,790,2026-09-29.parquet,2026-10-01T18:49:07Z,23517,['favstats/meta_ad_targeting'],2026-09-29,1428,fresh,"['favstats/meta_ad_reports', 'favstats/meta_ad_reports2']",TC-last_7_days,https://github.com/favstats/meta_ad_targeting/releases/tag/TC-last_7_days
targeting,TD,last_7_days,fresh,2026-09-29,2026-09-29,0,790,790,2026-09-29.parquet,2026-10-01T18:55:18Z,31993,['favstats/meta_ad_targeting'],2026-09-29,1396,fresh,"['favstats/meta_ad_reports', 'favstats/meta_ad_reports2']",TD-last_7_days,https://github.com/favstats/meta_ad_targeting/releases/tag/TD-last_7_days
targeting,TG,last_7_days,fresh,2026-09-29,2026-09-29,0,790,790,2026-09-29.parquet,2026-10-01T18:58:05Z,50477,['favstats/meta_ad_targeting'],2026-09-29,1397,fresh,"['favstats/meta_ad_reports', 'favstats/meta_ad_reports2']",TG-last_7_days,https://github.com/favstats/meta_ad_targeting/releases/tag/TG-last_7_days
targeting,TH,last_7_days,fresh,2026-09-29,2026-09-29,0,787,786,2026-09-29.parquet,2026-10-01T19:00:33Z,95894,['favstats/meta_ad_targeting'],2026-09-29,1355,fresh,"['favstats/meta_ad_reports', 'favstats/meta_ad_reports2']",TH-last_7_days,https://github.com/favstats/meta_ad_targeting/releases/tag/TH-last_7_days
targeting,TJ,last_7_days,fresh,2026-09-29,2026-09-29,0,780,779,2026-09-29.parquet,2026-10-01T18:59:35Z,38624,['favstats/meta_ad_targeting'],2026-09-29,1396,fresh,"['favstats/meta_ad_reports', 'favstats/meta_ad_reports2']",TJ-last_7_days,https://github.com/favstats/meta_ad_targeting/releases/tag/TJ-last_7_days
targeting,TL,last_7_days,fresh,2026-09-29,2026-09-29,0,784,783,2026-09-29.parquet,2026-10-01T19:07:02Z,34129,['favstats/meta_ad_targeting'],2026-09-29,1355,fresh,"['favstats/meta_ad_reports', 'favstats/meta_ad_reports2']",TL-last_7_days,https://github.com/favstats/meta_ad_targeting/releases/tag/TL-last_7_days
targeting,TM,last_7_days,fresh,2026-09-29,2026-09-29,0,790,789,2026-09-29.parquet,2026-10-01T18:52:00Z,26016,['favstats/meta_ad_targeting'],2026-09-29,1393,fresh,"['favstats/meta_ad_reports', 'favstats/meta_ad_reports2']",TM-last_7_days,https://github.com/favstats/meta_ad_targeting/releases/tag/TM-last_7_days
targeting,TN,last_7_days,fresh,2026-09-29,2026-09-29,0,781,780,2026-09-29.parquet,2026-10-01T18:55:23Z,41534,['favstats/meta_ad_targeting'],2026-09-29,1515,fresh,"['favstats/meta_ad_reports', 'favstats/meta_ad_reports2']",TN-last_7_days,https://github.com/favstats/meta_ad_targeting/releases/tag/TN-last_7_days
targeting,TO,last_7_days,fresh,2026-09-29,2026-09-29,0,794,793,2026-09-29.parquet,2026-10-01T18:52:14Z,37429,['favstats/meta_ad_targeting'],2026-09-29,1599,fresh,"['favstats/meta_ad_reports', 'favstats/meta_ad_reports2']",TO-last_7_days,https://github.com/favstats/meta_ad_targeting/releases/tag/TO-last_7_days
targeting,TR,last_7_days,fresh,2026-09-29,2026-09-29,0,796,795,2026-09-29.parquet,2026-10-01T19:06:20Z,115647,['favstats/meta_ad_targeting'],2026-09-29,1601,fresh,"['favstats/meta_ad_reports', 'favstats/meta_ad_reports2']",TR-last_7_days,https://github.com/favstats/meta_ad_targeting/releases/tag/TR-last_7_days
targeting,TT,last_7_days,fresh,2026-09-29,2026-09-29,0,789,788,2026-09-29.parquet,2026-10-01T18:57:27Z,29656,['favstats/meta_ad_targeting'],2026-09-29,1598,fresh,"['favstats/meta_ad_reports', 'favstats/meta_ad_reports2']",TT-last_7_days,https://github.com/favstats/meta_ad_targeting/releases/tag/TT-last_7_days
targeting,TV,last_7_days,fresh,2026-09-29,2026-09-29,0,795,794,2026-09-29.parquet,2026-10-01T18:55:28Z,29697,['favstats/meta_ad_targeting'],2026-09-29,1389,fresh,"['favstats/meta_ad_reports', 'favstats/meta_ad_reports2']",TV-last_7_days,https://github.com/favstats/meta_ad_targeting/releases/tag/TV-last_7_days
targeting,TW,last_7_days,fresh,2026-09-29,2026-09-29,0,792,791,2026-09-29.parquet,2026-10-01T18:58:32Z,144106,['favstats/meta_ad_targeting'],2026-09-29,1601,fresh,"['favstats/meta_ad_reports', 'favstats/meta_ad_reports2']",TW-last_7_days,https://github.com/favstats/meta_ad_targeting/releases/tag/TW-last_7_days
targeting,TZ,last_7_days,fresh,2026-09-29,2026-09-29,0,789,788,2026-09-29.parquet,2026-10-01T19:01:46Z,38966,['favstats/meta_ad_targeting'],2026-09-29,1599,fresh,"['favstats/meta_ad_reports', 'favstats/meta_ad_reports2']",TZ-last_7_days,https://github.com/favstats/meta_ad_targeting/releases/tag/TZ-last_7_days
targeting,UA,last_7_days,fresh,2026-09-29,2026-09-29,0,716,715,2026-09-29.parquet,2026-10-01T19:03:08Z,100824,['favstats/meta_ad_targeting'],2026-09-29,1601,fresh,"['favstats/meta_ad_reports', 'favstats/meta_ad_reports2']",UA-last_7_days,https://github.com/favstats/meta_ad_targeting/releases/tag/UA-last_7_days
targeting,UG,last_7_days,fresh,2026-09-29,2026-09-29,0,789,788,2026-09-29.parquet,2026-10-01T19:02:54Z,55377,['favstats/meta_ad_targeting'],2026-09-29,1395,fresh,"['favstats/meta_ad_reports', 'favstats/meta_ad_reports2']",UG-last_7_days,https://github.com/favstats/meta_ad_targeting/releases/tag/UG-last_7_days
targeting,US,last_7_days,fresh,2026-09-29,2026-09-29,0,812,812,2026-09-29.parquet,2026-10-01T20:13:28Z,1881609,['favstats/meta_ad_targeting'],2026-09-29,1597,fresh,"['favstats/meta_ad_reports', 'favstats/meta_ad_reports2']",US-last_7_days,https://github.com/favstats/meta_ad_targeting/releases/tag/US-last_7_days
targeting,UY,last_7_days,fresh,2026-09-29,2026-09-29,0,789,788,2026-09-29.parquet,2026-10-01T19:04:53Z,43980,['favstats/meta_ad_targeting'],2026-09-29,1599,fresh,"['favstats/meta_ad_reports', 'favstats/meta_ad_reports2']",UY-last_7_days,https://github.com/favstats/meta_ad_targeting/releases/tag/UY-last_7_days
targeting,UZ,last_7_days,fresh,2026-09-29,2026-09-29,0,783,782,2026-09-29.parquet,2026-10-01T19:06:14Z,43543,['favstats/meta_ad_targeting'],2026-09-29,1395,fresh,"['favstats/meta_ad_reports', 'favstats/meta_ad_reports2']",UZ-last_7_days,https://github.com/favstats/meta_ad_targeting/releases/tag/UZ-last_7_days
targeting,VC,last_7_days,fresh,2026-09-29,2026-09-29,0,796,795,2026-09-29.parquet,2026-10-01T18:58:47Z,24174,['favstats/meta_ad_targeting'],2026-09-29,1599,fresh,"['favstats/meta_ad_reports', 'favstats/meta_ad_reports2']",VC-last_7_days,https://github.com/favstats/meta_ad_targeting/releases/tag/VC-last_7_days
targeting,VE,last_7_days,fresh,2026-09-29,2026-09-29,0,793,792,2026-09-29.parquet,2026-10-01T19:06:18Z,48566,['favstats/meta_ad_targeting'],2026-09-29,1429,fresh,"['favstats/meta_ad_reports', 'favstats/meta_ad_reports2']",VE-last_7_days,https://github.com/favstats/meta_ad_targeting/releases/tag/VE-last_7_days
targeting,VG,last_7_days,fresh,2026-09-29,2026-09-29,0,783,782,2026-09-29.parquet,2026-10-01T18:58:45Z,27818,['favstats/meta_ad_targeting'],2026-09-29,1432,fresh,"['favstats/meta_ad_reports', 'favstats/meta_ad_reports2']",VG-last_7_days,https://github.com/favstats/meta_ad_targeting/releases/tag/VG-last_7_days
targeting,VN,last_7_days,fresh,2026-09-29,2026-09-29,0,792,791,2026-09-29.parquet,2026-10-01T19:06:08Z,54455,['favstats/meta_ad_targeting'],2026-09-29,1352,fresh,"['favstats/meta_ad_reports', 'favstats/meta_ad_reports2']",VN-last_7_days,https://github.com/favstats/meta_ad_targeting/releases/tag/VN-last_7_days
targeting,VU,last_7_days,fresh,2026-09-29,2026-09-29,0,786,785,2026-09-29.parquet,2026-10-01T19:03:46Z,26766,['favstats/meta_ad_targeting'],2026-09-29,1394,fresh,"['favstats/meta_ad_reports', 'favstats/meta_ad_reports2']",VU-last_7_days,https://github.com/favstats/meta_ad_targeting/releases/tag/VU-last_7_days
targeting,WS,last_7_days,fresh,2026-09-29,2026-09-29,0,785,784,2026-09-29.parquet,2026-10-01T19:04:38Z,27041,['favstats/meta_ad_targeting'],2026-09-29,1597,fresh,"['favstats/meta_ad_reports', 'favstats/meta_ad_reports2']",WS-last_7_days,https://github.com/favstats/meta_ad_targeting/releases/tag/WS-last_7_days
targeting,XK,last_7_days,fresh,2026-09-29,2026-09-29,0,195,195,2026-09-29.parquet,2026-10-01T19:09:22Z,59150,['favstats/meta_ad_targeting'],2026-09-29,153,fresh,['favstats/meta_ad_reports2'],XK-last_7_days,https://github.com/favstats/meta_ad_targeting/releases/tag/XK-last_7_days
targeting,YE,last_7_days,fresh,2026-09-29,2026-09-29,0,791,790,2026-09-29.parquet,2026-10-01T19:09:16Z,38839,['favstats/meta_ad_targeting'],2026-09-29,1353,fresh,"['favstats/meta_ad_reports', 'favstats/meta_ad_reports2']",YE-last_7_days,https://github.com/favstats/meta_ad_targeting/releases/tag/YE-last_7_days
targeting,ZA,last_7_days,fresh,2026-09-29,2026-09-29,0,791,791,2026-09-29.parquet,2026-10-01T19:10:32Z,125370,['favstats/meta_ad_targeting'],2026-09-29,1599,fresh,"['favstats/meta_ad_reports', 'favstats/meta_ad_reports2']",ZA-last_7_days,https://github.com/favstats/meta_ad_targeting/releases/tag/ZA-last_7_days
targeting,ZM,last_7_days,fresh,2026-09-29,2026-09-29,0,790,789,2026-09-29.parquet,2026-10-01T19:09:18Z,39914,['favstats/meta_ad_targeting'],2026-09-29,1601,fresh,"['favstats/meta_ad_reports', 'favstats/meta_ad_reports2']",ZM-last_7_days,https://github.com/favstats/meta_ad_targeting/releases/tag/ZM-last_7_days
targeting,ZW,last_7_days,fresh,2026-09-29,2026-09-29,0,791,790,2026-09-29.parquet,2026-10-01T19:05:20Z,36162,['favstats/meta_ad_targeting'],2026-09-29,1396,fresh,"['favstats/meta_ad_reports', 'favstats/meta_ad_reports2']",ZW-last_7_days,https://github.com/favstats/meta_ad_targeting/releases/tag/ZW-last_7_days
targeting,HK,last_7_days,skipped_no_source,2025-12-13,2026-09-29,290,83,83,2025-12-13.parquet,2025-12-15T02:46:24Z,9863,['favstats/meta_ad_targeting'],,0,empty_release,['favstats/meta_ad_reports2'],HK-last_7_days,https://github.com/favstats/meta_ad_targeting/releases/tag/HK-last_7_days
targeting,KR,last_7_days,skipped_no_source,2025-08-16,2026-09-29,409,80,80,2025-08-16.parquet,2025-08-18T02:03:27Z,31076,['favstats/meta_ad_targeting'],,0,empty_release,['favstats/meta_ad_reports2'],KR-last_7_days,https://github.com/favstats/meta_ad_targeting/releases/tag/KR-last_7_days
targeting,VI,last_7_days,skipped_no_source,2025-12-14,2026-09-29,289,76,76,2025-12-14.parquet,2025-12-16T03:21:10Z,15550,['favstats/meta_ad_targeting'],,0,empty_release,['favstats/meta_ad_reports2'],VI-last_7_days,https://github.com/favstats/meta_ad_targeting/releases/tag/VI-last_7_days
targeting,WF,last_7_days,skipped_no_source,2025-12-14,2026-09-29,289,76,76,2025-12-14.parquet,2025-12-16T04:13:48Z,16173,['favstats/meta_ad_targeting'],,0,empty_release,['favstats/meta_ad_reports2'],WF-last_7_days,https://github.com/favstats/meta_ad_targeting/releases/tag/WF-last_7_days
targeting,YT,last_7_days,skipped_no_source,2025-12-12,2026-09-29,291,78,78,2025-12-12.parquet,2025-12-14T03:23:34Z,15884,['favstats/meta_ad_targeting'],,0,empty_release,['favstats/meta_ad_reports2'],YT-last_7_days,https://github.com/favstats/meta_ad_targeting/releases/tag/YT-last_7_days
targeting,AD,last_90_days,fresh,2026-09-29,2026-09-29,0,780,780,2026-09-29.parquet,2026-10-01T18:50:37Z,67260,['favstats/meta_ad_targeting'],2026-09-29,1413,fresh,"['favstats/meta_ad_reports', 'favstats/meta_ad_reports2']",AD-last_90_days,https://github.com/favstats/meta_ad_targeting/releases/tag/AD-last_90_days
targeting,AE,last_90_days,fresh,2026-09-29,2026-09-29,0,779,779,2026-09-29.parquet,2026-10-01T18:55:18Z,359996,['favstats/meta_ad_targeting'],2026-09-29,1372,fresh,"['favstats/meta_ad_reports', 'favstats/meta_ad_reports2']",AE-last_90_days,https://github.com/favstats/meta_ad_targeting/releases/tag/AE-last_90_days
targeting,AG,last_90_days,fresh,2026-09-29,2026-09-29,0,772,772,2026-09-29.parquet,2026-10-01T18:49:25Z,54350,['favstats/meta_ad_targeting'],2026-09-29,1451,fresh,"['favstats/meta_ad_reports', 'favstats/meta_ad_reports2']",AG-last_90_days,https://github.com/favstats/meta_ad_targeting/releases/tag/AG-last_90_days
targeting,AI,last_90_days,fresh,2026-09-29,2026-09-29,0,767,767,2026-09-29.parquet,2026-10-01T18:48:53Z,34783,['favstats/meta_ad_targeting'],2026-09-29,1450,fresh,"['favstats/meta_ad_reports', 'favstats/meta_ad_reports2']",AI-last_90_days,https://github.com/favstats/meta_ad_targeting/releases/tag/AI-last_90_days
targeting,AL,last_90_days,fresh,2026-09-29,2026-09-29,0,767,766,2026-09-29.parquet,2026-10-01T18:52:50Z,142672,['favstats/meta_ad_targeting'],2026-09-29,1704,fresh,"['favstats/meta_ad_reports', 'favstats/meta_ad_reports2']",AL-last_90_days,https://github.com/favstats/meta_ad_targeting/releases/tag/AL-last_90_days
targeting,AM,last_90_days,fresh,2026-09-29,2026-09-29,0,757,756,2026-09-29.parquet,2026-10-01T18:49:52Z,122491,['favstats/meta_ad_targeting'],2026-09-29,1416,fresh,"['favstats/meta_ad_reports', 'favstats/meta_ad_reports2']",AM-last_90_days,https://github.com/favstats/meta_ad_targeting/releases/tag/AM-last_90_days
targeting,AO,last_90_days,fresh,2026-09-29,2026-09-29,0,766,765,2026-09-29.parquet,2026-10-01T18:50:14Z,144629,['favstats/meta_ad_targeting'],2026-09-29,1450,fresh,"['favstats/meta_ad_reports', 'favstats/meta_ad_reports2']",AO-last_90_days,https://github.com/favstats/meta_ad_targeting/releases/tag/AO-last_90_days
targeting,AR,last_90_days,fresh,2026-09-29,2026-09-29,0,756,755,2026-09-29.parquet,2026-10-01T18:52:37Z,844676,['favstats/meta_ad_targeting'],2026-09-29,1701,fresh,"['favstats/meta_ad_reports', 'favstats/meta_ad_reports2']",AR-last_90_days,https://github.com/favstats/meta_ad_targeting/releases/tag/AR-last_90_days
targeting,AT,last_90_days,fresh,2026-09-29,2026-09-29,0,757,756,2026-09-29.parquet,2026-10-01T19:02:34Z,107182,['favstats/meta_ad_targeting'],2025-10-04,1362,lagging,"['favstats/meta_ad_reports', 'favstats/meta_ad_reports2']",AT-last_90_days,https://github.com/favstats/meta_ad_targeting/releases/tag/AT-last_90_days
targeting,AU,last_90_days,fresh,2026-09-29,2026-09-29,0,758,757,2026-09-29.parquet,2026-10-01T18:59:45Z,958832,['favstats/meta_ad_targeting'],2026-09-29,1701,fresh,"['favstats/meta_ad_reports', 'favstats/meta_ad_reports2']",AU-last_90_days,https://github.com/favstats/meta_ad_targeting/releases/tag/AU-last_90_days
targeting,AZ,last_90_days,fresh,2026-09-29,2026-09-29,0,752,751,2026-09-29.parquet,2026-10-01T18:52:03Z,120357,['favstats/meta_ad_targeting'],2026-09-29,1414,fresh,"['favstats/meta_ad_reports', 'favstats/meta_ad_reports2']",AZ-last_90_days,https://github.com/favstats/meta_ad_targeting/releases/tag/AZ-last_90_days
targeting,BA,last_90_days,fresh,2026-09-29,2026-09-29,0,751,750,2026-09-29.parquet,2026-10-01T18:50:01Z,260040,['favstats/meta_ad_targeting'],2026-09-29,1541,fresh,"['favstats/meta_ad_reports', 'favstats/meta_ad_reports2']",BA-last_90_days,https://github.com/favstats/meta_ad_targeting/releases/tag/BA-last_90_days
targeting,BB,last_90_days,fresh,2026-09-29,2026-09-29,0,741,741,2026-09-29.parquet,2026-10-01T18:51:32Z,64176,['favstats/meta_ad_targeting'],2026-09-29,1450,fresh,"['favstats/meta_ad_reports', 'favstats/meta_ad_reports2']",BB-last_90_days,https://github.com/favstats/meta_ad_targeting/releases/tag/BB-last_90_days
targeting,BD,last_90_days,fresh,2026-09-29,2026-09-29,0,745,744,2026-09-29.parquet,2026-10-01T18:54:33Z,393499,['favstats/meta_ad_targeting'],2026-09-29,1374,fresh,"['favstats/meta_ad_reports', 'favstats/meta_ad_reports2']",BD-last_90_days,https://github.com/favstats/meta_ad_targeting/releases/tag/BD-last_90_days
targeting,BE,last_90_days,fresh,2026-09-29,2026-09-29,0,740,739,2026-09-29.parquet,2026-10-01T19:03:58Z,112714,['favstats/meta_ad_targeting'],2025-10-04,1364,lagging,"['favstats/meta_ad_reports', 'favstats/meta_ad_reports2']",BE-last_90_days,https://github.com/favstats/meta_ad_targeting/releases/tag/BE-last_90_days
targeting,BF,last_90_days,fresh,2026-09-29,2026-09-29,0,727,727,2026-09-29.parquet,2026-10-01T18:49:48Z,125198,['favstats/meta_ad_targeting'],2026-09-29,1703,fresh,"['favstats/meta_ad_reports', 'favstats/meta_ad_reports2']",BF-last_90_days,https://github.com/favstats/meta_ad_targeting/releases/tag/BF-last_90_days
targeting,BG,last_90_days,fresh,2026-09-29,2026-09-29,0,735,734,2026-09-29.parquet,2026-10-01T10:09:59Z,82040,['favstats/meta_ad_targeting'],2025-10-04,1362,lagging,"['favstats/meta_ad_reports', 'favstats/meta_ad_reports2']",BG-last_90_days,https://github.com/favstats/meta_ad_targeting/releases/tag/BG-last_90_days
targeting,BH,last_90_days,fresh,2026-09-29,2026-09-29,0,731,730,2026-09-29.parquet,2026-10-01T18:49:40Z,159721,['favstats/meta_ad_targeting'],2026-09-29,1374,fresh,"['favstats/meta_ad_reports', 'favstats/meta_ad_reports2']",BH-last_90_days,https://github.com/favstats/meta_ad_targeting/releases/tag/BH-last_90_days
targeting,BI,last_90_days,fresh,2026-09-29,2026-09-29,0,716,715,2026-09-29.parquet,2026-10-01T18:49:29Z,103385,['favstats/meta_ad_targeting'],2026-09-29,1411,fresh,"['favstats/meta_ad_reports', 'favstats/meta_ad_reports2']",BI-last_90_days,https://github.com/favstats/meta_ad_targeting/releases/tag/BI-last_90_days
targeting,BJ,last_90_days,fresh,2026-09-29,2026-09-29,0,730,729,2026-09-29.parquet,2026-10-01T18:49:13Z,115870,['favstats/meta_ad_targeting'],2026-09-29,1704,fresh,"['favstats/meta_ad_reports', 'favstats/meta_ad_reports2']",BJ-last_90_days,https://github.com/favstats/meta_ad_targeting/releases/tag/BJ-last_90_days
targeting,BM,last_90_days,fresh,2026-09-29,2026-09-29,0,735,735,2026-09-29.parquet,2026-10-01T18:48:52Z,58841,['favstats/meta_ad_targeting'],2026-09-29,1542,fresh,"['favstats/meta_ad_reports', 'favstats/meta_ad_reports2']",BM-last_90_days,https://github.com/favstats/meta_ad_targeting/releases/tag/BM-last_90_days
targeting,BN,last_90_days,fresh,2026-09-29,2026-09-29,0,722,722,2026-09-29.parquet,2026-10-01T18:50:38Z,95595,['favstats/meta_ad_targeting'],2026-09-29,1374,fresh,"['favstats/meta_ad_reports', 'favstats/meta_ad_reports2']",BN-last_90_days,https://github.com/favstats/meta_ad_targeting/releases/tag/BN-last_90_days
targeting,BO,last_90_days,fresh,2026-09-29,2026-09-29,0,725,724,2026-09-29.parquet,2026-10-01T18:50:48Z,177972,['favstats/meta_ad_targeting'],2026-09-29,1701,fresh,"['favstats/meta_ad_reports', 'favstats/meta_ad_reports2']",BO-last_90_days,https://github.com/favstats/meta_ad_targeting/releases/tag/BO-last_90_days
targeting,BR,last_90_days,fresh,2026-09-29,2026-09-29,0,720,719,2026-09-29.parquet,2026-10-01T20:09:15Z,6240652,['favstats/meta_ad_targeting'],2026-09-29,1701,fresh,"['favstats/meta_ad_reports', 'favstats/meta_ad_reports2']",BR-last_90_days,https://github.com/favstats/meta_ad_targeting/releases/tag/BR-last_90_days
targeting,BS,last_90_days,fresh,2026-09-29,2026-09-29,0,722,722,2026-09-29.parquet,2026-10-01T18:52:15Z,79517,['favstats/meta_ad_targeting'],2026-09-29,1541,fresh,"['favstats/meta_ad_reports', 'favstats/meta_ad_reports2']",BS-last_90_days,https://github.com/favstats/meta_ad_targeting/releases/tag/BS-last_90_days
targeting,BT,last_90_days,fresh,2026-09-29,2026-09-29,0,729,728,2026-09-29.parquet,2026-10-01T18:52:30Z,89183,['favstats/meta_ad_targeting'],2026-09-29,1373,fresh,"['favstats/meta_ad_reports', 'favstats/meta_ad_reports2']",BT-last_90_days,https://github.com/favstats/meta_ad_targeting/releases/tag/BT-last_90_days
targeting,BW,last_90_days,fresh,2026-09-29,2026-09-29,0,720,719,2026-09-29.parquet,2026-10-01T19:01:11Z,106926,['favstats/meta_ad_targeting'],2026-09-29,1414,fresh,"['favstats/meta_ad_reports', 'favstats/meta_ad_reports2']",BW-last_90_days,https://github.com/favstats/meta_ad_targeting/releases/tag/BW-last_90_days
targeting,BY,last_90_days,fresh,2026-09-29,2026-09-29,0,724,723,2026-09-29.parquet,2026-10-01T18:52:49Z,110986,['favstats/meta_ad_targeting'],2026-09-29,1413,fresh,"['favstats/meta_ad_reports', 'favstats/meta_ad_reports2']",BY-last_90_days,https://github.com/favstats/meta_ad_targeting/releases/tag/BY-last_90_days
targeting,BZ,last_90_days,fresh,2026-09-29,2026-09-29,0,727,726,2026-09-29.parquet,2026-10-01T18:53:05Z,96032,['favstats/meta_ad_targeting'],2026-09-29,1703,fresh,"['favstats/meta_ad_reports', 'favstats/meta_ad_reports2']",BZ-last_90_days,https://github.com/favstats/meta_ad_targeting/releases/tag/BZ-last_90_days
targeting,CA,last_90_days,fresh,2026-09-29,2026-09-29,0,755,754,2026-09-29.parquet,2026-10-01T19:23:14Z,1341595,['favstats/meta_ad_targeting'],2026-09-29,1702,fresh,"['favstats/meta_ad_reports', 'favstats/meta_ad_reports2']",CA-last_90_days,https://github.com/favstats/meta_ad_targeting/releases/tag/CA-last_90_days
targeting,CD,last_90_days,fresh,2026-09-29,2026-09-29,0,730,729,2026-09-29.parquet,2026-10-01T18:54:22Z,179671,['favstats/meta_ad_targeting'],2026-09-29,1411,fresh,"['favstats/meta_ad_reports', 'favstats/meta_ad_reports2']",CD-last_90_days,https://github.com/favstats/meta_ad_targeting/releases/tag/CD-last_90_days
targeting,CF,last_90_days,fresh,2026-09-29,2026-09-29,0,722,722,2026-09-29.parquet,2026-10-01T18:54:25Z,91868,['favstats/meta_ad_targeting'],2026-09-29,1415,fresh,"['favstats/meta_ad_reports', 'favstats/meta_ad_reports2']",CF-last_90_days,https://github.com/favstats/meta_ad_targeting/releases/tag/CF-last_90_days
targeting,CG,last_90_days,fresh,2026-09-29,2026-09-29,0,722,721,2026-09-29.parquet,2026-10-01T18:54:22Z,108701,['favstats/meta_ad_targeting'],2026-09-29,1542,fresh,"['favstats/meta_ad_reports', 'favstats/meta_ad_reports2']",CG-last_90_days,https://github.com/favstats/meta_ad_targeting/releases/tag/CG-last_90_days
targeting,CH,last_90_days,fresh,2026-09-29,2026-09-29,0,726,725,2026-09-29.parquet,2026-10-01T18:56:31Z,396008,['favstats/meta_ad_targeting'],2026-09-29,1415,fresh,"['favstats/meta_ad_reports', 'favstats/meta_ad_reports2']",CH-last_90_days,https://github.com/favstats/meta_ad_targeting/releases/tag/CH-last_90_days
targeting,CI,last_90_days,fresh,2026-09-29,2026-09-29,0,716,715,2026-09-29.parquet,2026-10-01T18:55:12Z,175492,['favstats/meta_ad_targeting'],2026-09-29,1702,fresh,"['favstats/meta_ad_reports', 'favstats/meta_ad_reports2']",CI-last_90_days,https://github.com/favstats/meta_ad_targeting/releases/tag/CI-last_90_days
targeting,CL,last_90_days,fresh,2026-09-29,2026-09-29,0,709,708,2026-09-29.parquet,2026-10-01T18:58:02Z,379202,['favstats/meta_ad_targeting'],2026-09-29,1701,fresh,"['favstats/meta_ad_reports', 'favstats/meta_ad_reports2']",CL-last_90_days,https://github.com/favstats/meta_ad_targeting/releases/tag/CL-last_90_days
targeting,CM,last_90_days,fresh,2026-09-29,2026-09-29,0,720,719,2026-09-29.parquet,2026-10-01T18:56:08Z,144713,['favstats/meta_ad_targeting'],2026-09-29,1412,fresh,"['favstats/meta_ad_reports', 'favstats/meta_ad_reports2']",CM-last_90_days,https://github.com/favstats/meta_ad_targeting/releases/tag/CM-last_90_days
targeting,CO,last_90_days,fresh,2026-09-29,2026-09-29,0,723,722,2026-09-29.parquet,2026-10-01T19:01:20Z,670030,['favstats/meta_ad_targeting'],2026-09-29,1700,fresh,"['favstats/meta_ad_reports', 'favstats/meta_ad_reports2']",CO-last_90_days,https://github.com/favstats/meta_ad_targeting/releases/tag/CO-last_90_days
targeting,CR,last_90_days,fresh,2026-09-29,2026-09-29,0,709,708,2026-09-29.parquet,2026-10-01T18:56:27Z,174912,['favstats/meta_ad_targeting'],2026-09-29,1450,fresh,"['favstats/meta_ad_reports', 'favstats/meta_ad_reports2']",CR-last_90_days,https://github.com/favstats/meta_ad_targeting/releases/tag/CR-last_90_days
targeting,CV,last_90_days,fresh,2026-09-29,2026-09-29,0,707,706,2026-09-29.parquet,2026-10-01T18:56:53Z,108031,['favstats/meta_ad_targeting'],2026-09-29,1414,fresh,"['favstats/meta_ad_reports', 'favstats/meta_ad_reports2']",CV-last_90_days,https://github.com/favstats/meta_ad_targeting/releases/tag/CV-last_90_days
targeting,CY,last_90_days,fresh,2026-09-29,2026-09-29,0,740,739,2026-09-29.parquet,2026-10-01T19:02:48Z,65809,['favstats/meta_ad_targeting'],2025-10-04,1364,lagging,"['favstats/meta_ad_reports', 'favstats/meta_ad_reports2']",CY-last_90_days,https://github.com/favstats/meta_ad_targeting/releases/tag/CY-last_90_days
targeting,CZ,last_90_days,fresh,2026-09-29,2026-09-29,0,734,733,2026-09-29.parquet,2026-10-01T19:09:12Z,91215,['favstats/meta_ad_targeting'],2025-10-04,1363,lagging,"['favstats/meta_ad_reports', 'favstats/meta_ad_reports2']",CZ-last_90_days,https://github.com/favstats/meta_ad_targeting/releases/tag/CZ-last_90_days
targeting,DE,last_90_days,fresh,2026-09-29,2026-09-29,0,762,762,2026-09-29.parquet,2026-10-01T19:46:46Z,219947,['favstats/meta_ad_targeting'],2025-10-04,1363,lagging,"['favstats/meta_ad_reports', 'favstats/meta_ad_reports2']",DE-last_90_days,https://github.com/favstats/meta_ad_targeting/releases/tag/DE-last_90_days
targeting,DJ,last_90_days,fresh,2026-09-29,2026-09-29,0,709,709,2026-09-29.parquet,2026-10-01T18:57:14Z,88432,['favstats/meta_ad_targeting'],2026-09-29,1416,fresh,"['favstats/meta_ad_reports', 'favstats/meta_ad_reports2']",DJ-last_90_days,https://github.com/favstats/meta_ad_targeting/releases/tag/DJ-last_90_days
targeting,DK,last_90_days,fresh,2026-09-29,2026-09-29,0,720,719,2026-09-29.parquet,2026-10-01T19:12:39Z,111274,['favstats/meta_ad_targeting'],2025-10-04,1363,lagging,"['favstats/meta_ad_reports', 'favstats/meta_ad_reports2']",DK-last_90_days,https://github.com/favstats/meta_ad_targeting/releases/tag/DK-last_90_days
targeting,DM,last_90_days,fresh,2026-09-29,2026-09-29,0,720,720,2026-09-29.parquet,2026-10-01T18:57:18Z,54892,['favstats/meta_ad_targeting'],2026-09-29,1452,fresh,"['favstats/meta_ad_reports', 'favstats/meta_ad_reports2']",DM-last_90_days,https://github.com/favstats/meta_ad_targeting/releases/tag/DM-last_90_days
targeting,DO,last_90_days,fresh,2026-09-29,2026-09-29,0,716,715,2026-09-29.parquet,2026-10-01T18:58:18Z,197005,['favstats/meta_ad_targeting'],2026-09-29,1702,fresh,"['favstats/meta_ad_reports', 'favstats/meta_ad_reports2']",DO-last_90_days,https://github.com/favstats/meta_ad_targeting/releases/tag/DO-last_90_days
targeting,DZ,last_90_days,fresh,2026-09-29,2026-09-29,0,709,708,2026-09-29.parquet,2026-10-01T18:58:46Z,210828,['favstats/meta_ad_targeting'],2026-09-29,1416,fresh,"['favstats/meta_ad_reports', 'favstats/meta_ad_reports2']",DZ-last_90_days,https://github.com/favstats/meta_ad_targeting/releases/tag/DZ-last_90_days
targeting,EC,last_90_days,fresh,2026-09-29,2026-09-29,0,706,705,2026-09-29.parquet,2026-10-01T18:59:25Z,353258,['favstats/meta_ad_targeting'],2026-09-29,1699,fresh,"['favstats/meta_ad_reports', 'favstats/meta_ad_reports2']",EC-last_90_days,https://github.com/favstats/meta_ad_targeting/releases/tag/EC-last_90_days
targeting,EE,last_90_days,fresh,2026-09-29,2026-09-29,0,726,725,2026-09-29.parquet,2026-10-01T19:04:22Z,58708,['favstats/meta_ad_targeting'],2025-10-04,1361,lagging,"['favstats/meta_ad_reports', 'favstats/meta_ad_reports2']",EE-last_90_days,https://github.com/favstats/meta_ad_targeting/releases/tag/EE-last_90_days
targeting,EG,last_90_days,fresh,2026-09-29,2026-09-29,0,708,707,2026-09-29.parquet,2026-10-01T19:11:07Z,378395,['favstats/meta_ad_targeting'],2026-09-29,1412,fresh,"['favstats/meta_ad_reports', 'favstats/meta_ad_reports2']",EG-last_90_days,https://github.com/favstats/meta_ad_targeting/releases/tag/EG-last_90_days
targeting,ER,last_90_days,fresh,2026-09-29,2026-09-29,0,710,710,2026-09-29.parquet,2026-10-01T18:59:33Z,56173,['favstats/meta_ad_targeting'],2026-09-29,1415,fresh,"['favstats/meta_ad_reports', 'favstats/meta_ad_reports2']",ER-last_90_days,https://github.com/favstats/meta_ad_targeting/releases/tag/ER-last_90_days
targeting,ES,last_90_days,fresh,2026-09-29,2026-09-29,0,719,718,2026-09-29.parquet,2026-10-01T19:13:05Z,145995,['favstats/meta_ad_targeting'],2025-10-04,1362,lagging,"['favstats/meta_ad_reports', 'favstats/meta_ad_reports2']",ES-last_90_days,https://github.com/favstats/meta_ad_targeting/releases/tag/ES-last_90_days
targeting,ET,last_90_days,fresh,2026-09-29,2026-09-29,0,705,704,2026-09-29.parquet,2026-10-01T19:01:06Z,140456,['favstats/meta_ad_targeting'],2026-09-29,1700,fresh,"['favstats/meta_ad_reports', 'favstats/meta_ad_reports2']",ET-last_90_days,https://github.com/favstats/meta_ad_targeting/releases/tag/ET-last_90_days
targeting,FI,last_90_days,fresh,2026-09-29,2026-09-29,0,722,721,2026-09-29.parquet,2026-10-01T19:07:51Z,83996,['favstats/meta_ad_targeting'],2025-10-04,1363,lagging,"['favstats/meta_ad_reports', 'favstats/meta_ad_reports2']",FI-last_90_days,https://github.com/favstats/meta_ad_targeting/releases/tag/FI-last_90_days
targeting,FJ,last_90_days,fresh,2026-09-29,2026-09-29,0,702,701,2026-09-29.parquet,2026-10-01T19:10:42Z,444386,['favstats/meta_ad_targeting'],2026-09-29,1542,fresh,"['favstats/meta_ad_reports', 'favstats/meta_ad_reports2']",FJ-last_90_days,https://github.com/favstats/meta_ad_targeting/releases/tag/FJ-last_90_days
targeting,FK,last_90_days,fresh,2026-09-29,2026-09-29,0,709,709,2026-09-29.parquet,2026-10-01T19:00:41Z,45617,['favstats/meta_ad_targeting'],2026-09-29,1700,fresh,"['favstats/meta_ad_reports', 'favstats/meta_ad_reports2']",FK-last_90_days,https://github.com/favstats/meta_ad_targeting/releases/tag/FK-last_90_days
targeting,FM,last_90_days,fresh,2026-09-29,2026-09-29,0,717,717,2026-09-29.parquet,2026-10-01T19:02:10Z,62702,['favstats/meta_ad_targeting'],2026-09-29,1414,fresh,"['favstats/meta_ad_reports', 'favstats/meta_ad_reports2']",FM-last_90_days,https://github.com/favstats/meta_ad_targeting/releases/tag/FM-last_90_days
targeting,FR,last_90_days,fresh,2026-09-29,2026-09-29,0,723,722,2026-09-29.parquet,2026-10-01T19:25:57Z,205047,['favstats/meta_ad_targeting'],2025-10-04,1362,lagging,"['favstats/meta_ad_reports', 'favstats/meta_ad_reports2']",FR-last_90_days,https://github.com/favstats/meta_ad_targeting/releases/tag/FR-last_90_days
targeting,GA,last_90_days,fresh,2026-09-29,2026-09-29,0,710,709,2026-09-29.parquet,2026-10-01T19:02:16Z,104813,['favstats/meta_ad_targeting'],2026-09-29,1414,fresh,"['favstats/meta_ad_reports', 'favstats/meta_ad_reports2']",GA-last_90_days,https://github.com/favstats/meta_ad_targeting/releases/tag/GA-last_90_days
targeting,GB,last_90_days,fresh,2026-09-29,2026-09-29,0,702,701,2026-09-29.parquet,2026-10-01T19:08:11Z,1206042,['favstats/meta_ad_targeting'],2026-09-29,1698,fresh,"['favstats/meta_ad_reports', 'favstats/meta_ad_reports2']",GB-last_90_days,https://github.com/favstats/meta_ad_targeting/releases/tag/GB-last_90_days
targeting,GD,last_90_days,fresh,2026-09-29,2026-09-29,0,707,707,2026-09-29.parquet,2026-10-01T19:04:11Z,58237,['favstats/meta_ad_targeting'],2026-09-29,1449,fresh,"['favstats/meta_ad_reports', 'favstats/meta_ad_reports2']",GD-last_90_days,https://github.com/favstats/meta_ad_targeting/releases/tag/GD-last_90_days
targeting,GE,last_90_days,fresh,2026-09-29,2026-09-29,0,710,709,2026-09-29.parquet,2026-10-01T19:04:43Z,174711,['favstats/meta_ad_targeting'],2026-09-29,1702,fresh,"['favstats/meta_ad_reports', 'favstats/meta_ad_reports2']",GE-last_90_days,https://github.com/favstats/meta_ad_targeting/releases/tag/GE-last_90_days
targeting,GG,last_90_days,fresh,2026-09-29,2026-09-29,0,710,710,2026-09-29.parquet,2026-10-01T19:04:53Z,63853,['favstats/meta_ad_targeting'],2026-09-29,1413,fresh,"['favstats/meta_ad_reports', 'favstats/meta_ad_reports2']",GG-last_90_days,https://github.com/favstats/meta_ad_targeting/releases/tag/GG-last_90_days
targeting,GH,last_90_days,fresh,2026-09-29,2026-09-29,0,708,707,2026-09-29.parquet,2026-10-01T19:05:27Z,191848,['favstats/meta_ad_targeting'],2026-09-29,1702,fresh,"['favstats/meta_ad_reports', 'favstats/meta_ad_reports2']",GH-last_90_days,https://github.com/favstats/meta_ad_targeting/releases/tag/GH-last_90_days
targeting,GI,last_90_days,fresh,2026-09-29,2026-09-29,0,713,713,2026-09-29.parquet,2026-10-01T19:05:15Z,60407,['favstats/meta_ad_targeting'],2026-09-29,1415,fresh,"['favstats/meta_ad_reports', 'favstats/meta_ad_reports2']",GI-last_90_days,https://github.com/favstats/meta_ad_targeting/releases/tag/GI-last_90_days
targeting,GM,last_90_days,fresh,2026-09-29,2026-09-29,0,708,708,2026-09-29.parquet,2026-10-01T19:05:13Z,110598,['favstats/meta_ad_targeting'],2026-09-29,1414,fresh,"['favstats/meta_ad_reports', 'favstats/meta_ad_reports2']",GM-last_90_days,https://github.com/favstats/meta_ad_targeting/releases/tag/GM-last_90_days
targeting,GN,last_90_days,fresh,2026-09-29,2026-09-29,0,713,712,2026-09-29.parquet,2026-10-01T19:05:40Z,125917,['favstats/meta_ad_targeting'],2026-09-29,1412,fresh,"['favstats/meta_ad_reports', 'favstats/meta_ad_reports2']",GN-last_90_days,https://github.com/favstats/meta_ad_targeting/releases/tag/GN-last_90_days
targeting,GQ,last_90_days,fresh,2026-09-29,2026-09-29,0,713,712,2026-09-29.parquet,2026-10-01T19:05:23Z,92899,['favstats/meta_ad_targeting'],2026-09-29,1414,fresh,"['favstats/meta_ad_reports', 'favstats/meta_ad_reports2']",GQ-last_90_days,https://github.com/favstats/meta_ad_targeting/releases/tag/GQ-last_90_days
targeting,GR,last_90_days,fresh,2026-09-29,2026-09-29,0,728,727,2026-09-29.parquet,2026-10-01T19:11:42Z,93289,['favstats/meta_ad_targeting'],2025-10-04,1361,lagging,"['favstats/meta_ad_reports', 'favstats/meta_ad_reports2']",GR-last_90_days,https://github.com/favstats/meta_ad_targeting/releases/tag/GR-last_90_days
targeting,GT,last_90_days,fresh,2026-09-29,2026-09-29,0,712,711,2026-09-29.parquet,2026-10-01T19:07:22Z,179408,['favstats/meta_ad_targeting'],2026-09-29,1448,fresh,"['favstats/meta_ad_reports', 'favstats/meta_ad_reports2']",GT-last_90_days,https://github.com/favstats/meta_ad_targeting/releases/tag/GT-last_90_days
targeting,GW,last_90_days,fresh,2026-09-29,2026-09-29,0,712,711,2026-09-29.parquet,2026-10-01T19:06:12Z,86896,['favstats/meta_ad_targeting'],2026-09-29,1410,fresh,"['favstats/meta_ad_reports', 'favstats/meta_ad_reports2']",GW-last_90_days,https://github.com/favstats/meta_ad_targeting/releases/tag/GW-last_90_days
targeting,GY,last_90_days,fresh,2026-09-29,2026-09-29,0,712,711,2026-09-29.parquet,2026-10-01T19:07:00Z,102974,['favstats/meta_ad_targeting'],2026-09-29,1697,fresh,"['favstats/meta_ad_reports', 'favstats/meta_ad_reports2']",GY-last_90_days,https://github.com/favstats/meta_ad_targeting/releases/tag/GY-last_90_days
targeting,HN,last_90_days,fresh,2026-09-29,2026-09-29,0,706,705,2026-09-29.parquet,2026-10-01T19:10:57Z,143989,['favstats/meta_ad_targeting'],2026-09-29,1701,fresh,"['favstats/meta_ad_reports', 'favstats/meta_ad_reports2']",HN-last_90_days,https://github.com/favstats/meta_ad_targeting/releases/tag/HN-last_90_days
targeting,HR,last_90_days,fresh,2026-09-29,2026-09-29,0,727,726,2026-09-29.parquet,2026-10-01T19:16:08Z,72944,['favstats/meta_ad_targeting'],2025-10-04,1362,lagging,"['favstats/meta_ad_reports', 'favstats/meta_ad_reports2']",HR-last_90_days,https://github.com/favstats/meta_ad_targeting/releases/tag/HR-last_90_days
targeting,HT,last_90_days,fresh,2026-09-29,2026-09-29,0,708,707,2026-09-29.parquet,2026-10-01T19:07:01Z,94395,['favstats/meta_ad_targeting'],2026-09-29,1448,fresh,"['favstats/meta_ad_reports', 'favstats/meta_ad_reports2']",HT-last_90_days,https://github.com/favstats/meta_ad_targeting/releases/tag/HT-last_90_days
targeting,HU,last_90_days,fresh,2026-09-29,2026-09-29,0,727,726,2026-09-29.parquet,2026-10-01T19:20:27Z,89745,['favstats/meta_ad_targeting'],2025-10-04,1363,lagging,"['favstats/meta_ad_reports', 'favstats/meta_ad_reports2']",HU-last_90_days,https://github.com/favstats/meta_ad_targeting/releases/tag/HU-last_90_days
targeting,ID,last_90_days,fresh,2026-09-29,2026-09-29,0,705,704,2026-09-29.parquet,2026-10-01T19:17:53Z,544578,['favstats/meta_ad_targeting'],2026-09-29,1701,fresh,"['favstats/meta_ad_reports', 'favstats/meta_ad_reports2']",ID-last_90_days,https://github.com/favstats/meta_ad_targeting/releases/tag/ID-last_90_days
targeting,IE,last_90_days,fresh,2026-09-29,2026-09-29,0,715,714,2026-09-29.parquet,2026-10-01T19:11:28Z,97784,['favstats/meta_ad_targeting'],2025-10-04,1360,lagging,"['favstats/meta_ad_reports', 'favstats/meta_ad_reports2']",IE-last_90_days,https://github.com/favstats/meta_ad_targeting/releases/tag/IE-last_90_days
targeting,IL,last_90_days,fresh,2026-09-29,2026-09-29,0,702,701,2026-09-29.parquet,2026-10-01T19:09:24Z,443931,['favstats/meta_ad_targeting'],2026-09-29,1702,fresh,"['favstats/meta_ad_reports', 'favstats/meta_ad_reports2']",IL-last_90_days,https://github.com/favstats/meta_ad_targeting/releases/tag/IL-last_90_days
targeting,IM,last_90_days,fresh,2026-09-29,2026-09-29,0,698,698,2026-09-29.parquet,2026-10-01T19:13:13Z,66590,['favstats/meta_ad_targeting'],2026-09-29,1413,fresh,"['favstats/meta_ad_reports', 'favstats/meta_ad_reports2']",IM-last_90_days,https://github.com/favstats/meta_ad_targeting/releases/tag/IM-last_90_days
targeting,IN,last_90_days,fresh,2026-09-29,2026-09-29,0,714,713,2026-09-29.parquet,2026-10-01T20:35:17Z,2220803,['favstats/meta_ad_targeting'],2026-09-29,1699,fresh,"['favstats/meta_ad_reports', 'favstats/meta_ad_reports2']",IN-last_90_days,https://github.com/favstats/meta_ad_targeting/releases/tag/IN-last_90_days
targeting,IQ,last_90_days,fresh,2026-09-29,2026-09-29,0,700,699,2026-09-29.parquet,2026-10-01T19:10:05Z,522664,['favstats/meta_ad_targeting'],2026-09-29,1703,fresh,"['favstats/meta_ad_reports', 'favstats/meta_ad_reports2']",IQ-last_90_days,https://github.com/favstats/meta_ad_targeting/releases/tag/IQ-last_90_days
targeting,IS,last_90_days,fresh,2026-09-29,2026-09-29,0,705,704,2026-09-29.parquet,2026-10-01T19:10:01Z,119954,['favstats/meta_ad_targeting'],2026-09-29,1699,fresh,"['favstats/meta_ad_reports', 'favstats/meta_ad_reports2']",IS-last_90_days,https://github.com/favstats/meta_ad_targeting/releases/tag/IS-last_90_days
targeting,IT,last_90_days,fresh,2026-09-29,2026-09-29,0,713,712,2026-09-29.parquet,2026-10-01T19:35:52Z,229652,['favstats/meta_ad_targeting'],2025-10-04,1362,lagging,"['favstats/meta_ad_reports', 'favstats/meta_ad_reports2']",IT-last_90_days,https://github.com/favstats/meta_ad_targeting/releases/tag/IT-last_90_days
targeting,JE,last_90_days,fresh,2026-09-29,2026-09-29,0,708,708,2026-09-29.parquet,2026-10-01T19:11:17Z,62470,['favstats/meta_ad_targeting'],2026-09-29,1412,fresh,"['favstats/meta_ad_reports', 'favstats/meta_ad_reports2']",JE-last_90_days,https://github.com/favstats/meta_ad_targeting/releases/tag/JE-last_90_days
targeting,JM,last_90_days,fresh,2026-09-29,2026-09-29,0,706,705,2026-09-29.parquet,2026-10-01T19:10:29Z,97967,['favstats/meta_ad_targeting'],2026-09-29,1449,fresh,"['favstats/meta_ad_reports', 'favstats/meta_ad_reports2']",JM-last_90_days,https://github.com/favstats/meta_ad_targeting/releases/tag/JM-last_90_days
targeting,JO,last_90_days,fresh,2026-09-29,2026-09-29,0,701,700,2026-09-29.parquet,2026-10-01T19:10:37Z,206834,['favstats/meta_ad_targeting'],2026-09-29,1373,fresh,"['favstats/meta_ad_reports', 'favstats/meta_ad_reports2']",JO-last_90_days,https://github.com/favstats/meta_ad_targeting/releases/tag/JO-last_90_days
targeting,JP,last_90_days,fresh,2026-09-29,2026-09-29,0,703,702,2026-09-29.parquet,2026-10-01T19:14:52Z,329117,['favstats/meta_ad_targeting'],2026-09-29,1701,fresh,"['favstats/meta_ad_reports', 'favstats/meta_ad_reports2']",JP-last_90_days,https://github.com/favstats/meta_ad_targeting/releases/tag/JP-last_90_days
targeting,KE,last_90_days,fresh,2026-09-29,2026-09-29,0,708,707,2026-09-29.parquet,2026-10-01T19:11:51Z,232043,['favstats/meta_ad_targeting'],2026-09-29,1702,fresh,"['favstats/meta_ad_reports', 'favstats/meta_ad_reports2']",KE-last_90_days,https://github.com/favstats/meta_ad_targeting/releases/tag/KE-last_90_days
targeting,KG,last_90_days,fresh,2026-09-29,2026-09-29,0,707,706,2026-09-29.parquet,2026-10-01T19:14:07Z,121344,['favstats/meta_ad_targeting'],2026-09-29,1699,fresh,"['favstats/meta_ad_reports', 'favstats/meta_ad_reports2']",KG-last_90_days,https://github.com/favstats/meta_ad_targeting/releases/tag/KG-last_90_days
targeting,KH,last_90_days,fresh,2026-09-29,2026-09-29,0,709,708,2026-09-29.parquet,2026-10-01T19:12:38Z,165673,['favstats/meta_ad_targeting'],2026-09-29,1374,fresh,"['favstats/meta_ad_reports', 'favstats/meta_ad_reports2']",KH-last_90_days,https://github.com/favstats/meta_ad_targeting/releases/tag/KH-last_90_days
targeting,KI,last_90_days,fresh,2026-09-29,2026-09-29,0,700,700,2026-09-29.parquet,2026-10-01T19:12:11Z,54813,['favstats/meta_ad_targeting'],2026-09-29,1410,fresh,"['favstats/meta_ad_reports', 'favstats/meta_ad_reports2']",KI-last_90_days,https://github.com/favstats/meta_ad_targeting/releases/tag/KI-last_90_days
targeting,KM,last_90_days,fresh,2026-09-29,2026-09-29,0,713,713,2026-09-29.parquet,2026-10-01T19:24:04Z,198938,['favstats/meta_ad_targeting'],2026-09-29,1411,fresh,"['favstats/meta_ad_reports', 'favstats/meta_ad_reports2']",KM-last_90_days,https://github.com/favstats/meta_ad_targeting/releases/tag/KM-last_90_days
targeting,KN,last_90_days,fresh,2026-09-29,2026-09-29,0,713,713,2026-09-29.parquet,2026-10-01T19:12:53Z,50957,['favstats/meta_ad_targeting'],2026-09-29,1447,fresh,"['favstats/meta_ad_reports', 'favstats/meta_ad_reports2']",KN-last_90_days,https://github.com/favstats/meta_ad_targeting/releases/tag/KN-last_90_days
targeting,KW,last_90_days,fresh,2026-09-29,2026-09-29,0,705,704,2026-09-29.parquet,2026-10-01T19:13:59Z,215766,['favstats/meta_ad_targeting'],2026-09-29,1373,fresh,"['favstats/meta_ad_reports', 'favstats/meta_ad_reports2']",KW-last_90_days,https://github.com/favstats/meta_ad_targeting/releases/tag/KW-last_90_days
targeting,KY,last_90_days,fresh,2026-09-29,2026-09-29,0,710,710,2026-09-29.parquet,2026-10-01T19:13:21Z,50740,['favstats/meta_ad_targeting'],2026-09-29,1696,fresh,"['favstats/meta_ad_reports', 'favstats/meta_ad_reports2']",KY-last_90_days,https://github.com/favstats/meta_ad_targeting/releases/tag/KY-last_90_days
targeting,KZ,last_90_days,fresh,2026-09-29,2026-09-29,0,702,701,2026-09-29.parquet,2026-10-01T19:14:05Z,140274,['favstats/meta_ad_targeting'],2026-09-29,1412,fresh,"['favstats/meta_ad_reports', 'favstats/meta_ad_reports2']",KZ-last_90_days,https://github.com/favstats/meta_ad_targeting/releases/tag/KZ-last_90_days
targeting,LA,last_90_days,fresh,2026-09-29,2026-09-29,0,693,693,2026-09-29.parquet,2026-10-01T19:13:57Z,123106,['favstats/meta_ad_targeting'],2026-09-29,1372,fresh,"['favstats/meta_ad_reports', 'favstats/meta_ad_reports2']",LA-last_90_days,https://github.com/favstats/meta_ad_targeting/releases/tag/LA-last_90_days
targeting,LB,last_90_days,fresh,2026-09-29,2026-09-29,0,693,692,2026-09-29.parquet,2026-10-01T19:14:10Z,206300,['favstats/meta_ad_targeting'],2026-09-29,1541,fresh,"['favstats/meta_ad_reports', 'favstats/meta_ad_reports2']",LB-last_90_days,https://github.com/favstats/meta_ad_targeting/releases/tag/LB-last_90_days
targeting,LC,last_90_days,fresh,2026-09-29,2026-09-29,0,697,697,2026-09-29.parquet,2026-10-01T19:13:41Z,59072,['favstats/meta_ad_targeting'],2026-09-29,1695,fresh,"['favstats/meta_ad_reports', 'favstats/meta_ad_reports2']",LC-last_90_days,https://github.com/favstats/meta_ad_targeting/releases/tag/LC-last_90_days
targeting,LI,last_90_days,fresh,2026-09-29,2026-09-29,0,691,691,2026-09-29.parquet,2026-10-01T19:14:52Z,46735,['favstats/meta_ad_targeting'],2026-09-29,1412,fresh,"['favstats/meta_ad_reports', 'favstats/meta_ad_reports2']",LI-last_90_days,https://github.com/favstats/meta_ad_targeting/releases/tag/LI-last_90_days
targeting,LK,last_90_days,fresh,2026-09-29,2026-09-29,0,690,689,2026-09-29.parquet,2026-10-01T19:15:16Z,181102,['favstats/meta_ad_targeting'],2026-09-29,1698,fresh,"['favstats/meta_ad_reports', 'favstats/meta_ad_reports2']",LK-last_90_days,https://github.com/favstats/meta_ad_targeting/releases/tag/LK-last_90_days
targeting,LR,last_90_days,fresh,2026-09-29,2026-09-29,0,701,700,2026-09-29.parquet,2026-10-01T19:15:02Z,110924,['favstats/meta_ad_targeting'],2026-09-29,1415,fresh,"['favstats/meta_ad_reports', 'favstats/meta_ad_reports2']",LR-last_90_days,https://github.com/favstats/meta_ad_targeting/releases/tag/LR-last_90_days
targeting,LS,last_90_days,fresh,2026-09-29,2026-09-29,0,697,697,2026-09-29.parquet,2026-10-01T19:15:40Z,84213,['favstats/meta_ad_targeting'],2026-09-29,1540,fresh,"['favstats/meta_ad_reports', 'favstats/meta_ad_reports2']",LS-last_90_days,https://github.com/favstats/meta_ad_targeting/releases/tag/LS-last_90_days
targeting,LT,last_90_days,fresh,2026-09-29,2026-09-29,0,730,729,2026-09-29.parquet,2026-10-01T19:17:40Z,67937,['favstats/meta_ad_targeting'],2025-10-04,1361,lagging,"['favstats/meta_ad_reports', 'favstats/meta_ad_reports2']",LT-last_90_days,https://github.com/favstats/meta_ad_targeting/releases/tag/LT-last_90_days
targeting,LU,last_90_days,fresh,2026-09-29,2026-09-29,0,732,731,2026-09-29.parquet,2026-10-01T19:17:50Z,58221,['favstats/meta_ad_targeting'],2025-10-04,1364,lagging,"['favstats/meta_ad_reports', 'favstats/meta_ad_reports2']",LU-last_90_days,https://github.com/favstats/meta_ad_targeting/releases/tag/LU-last_90_days
targeting,LV,last_90_days,fresh,2026-09-29,2026-09-29,0,728,727,2026-09-29.parquet,2026-10-01T19:23:58Z,58090,['favstats/meta_ad_targeting'],2025-10-04,1364,lagging,"['favstats/meta_ad_reports', 'favstats/meta_ad_reports2']",LV-last_90_days,https://github.com/favstats/meta_ad_targeting/releases/tag/LV-last_90_days
targeting,LY,last_90_days,fresh,2026-09-29,2026-09-29,0,707,706,2026-09-29.parquet,2026-10-01T19:17:46Z,174787,['favstats/meta_ad_targeting'],2026-09-29,1412,fresh,"['favstats/meta_ad_reports', 'favstats/meta_ad_reports2']",LY-last_90_days,https://github.com/favstats/meta_ad_targeting/releases/tag/LY-last_90_days
targeting,MA,last_90_days,fresh,2026-09-29,2026-09-29,0,698,697,2026-09-29.parquet,2026-10-01T19:17:16Z,313387,['favstats/meta_ad_targeting'],2026-09-29,1698,fresh,"['favstats/meta_ad_reports', 'favstats/meta_ad_reports2']",MA-last_90_days,https://github.com/favstats/meta_ad_targeting/releases/tag/MA-last_90_days
targeting,MC,last_90_days,fresh,2026-09-29,2026-09-29,0,704,704,2026-09-29.parquet,2026-10-01T19:17:02Z,61739,['favstats/meta_ad_targeting'],2026-09-29,1412,fresh,"['favstats/meta_ad_reports', 'favstats/meta_ad_reports2']",MC-last_90_days,https://github.com/favstats/meta_ad_targeting/releases/tag/MC-last_90_days
targeting,MD,last_90_days,fresh,2026-09-29,2026-09-29,0,692,691,2026-09-29.parquet,2026-10-01T19:16:37Z,164613,['favstats/meta_ad_targeting'],2026-09-29,1698,fresh,"['favstats/meta_ad_reports', 'favstats/meta_ad_reports2']",MD-last_90_days,https://github.com/favstats/meta_ad_targeting/releases/tag/MD-last_90_days
targeting,ME,last_90_days,fresh,2026-09-29,2026-09-29,0,693,692,2026-09-29.parquet,2026-10-01T19:17:21Z,124026,['favstats/meta_ad_targeting'],2026-09-29,1699,fresh,"['favstats/meta_ad_reports', 'favstats/meta_ad_reports2']",ME-last_90_days,https://github.com/favstats/meta_ad_targeting/releases/tag/ME-last_90_days
targeting,MG,last_90_days,fresh,2026-09-29,2026-09-29,0,709,708,2026-09-29.parquet,2026-10-01T19:17:12Z,119049,['favstats/meta_ad_targeting'],2026-09-29,1699,fresh,"['favstats/meta_ad_reports', 'favstats/meta_ad_reports2']",MG-last_90_days,https://github.com/favstats/meta_ad_targeting/releases/tag/MG-last_90_days
targeting,MH,last_90_days,fresh,2026-09-29,2026-09-29,0,688,688,2026-09-29.parquet,2026-10-01T19:18:05Z,60232,['favstats/meta_ad_targeting'],2026-09-29,1413,fresh,"['favstats/meta_ad_reports', 'favstats/meta_ad_reports2']",MH-last_90_days,https://github.com/favstats/meta_ad_targeting/releases/tag/MH-last_90_days
targeting,MK,last_90_days,fresh,2026-09-29,2026-09-29,0,698,697,2026-09-29.parquet,2026-10-01T19:17:21Z,150117,['favstats/meta_ad_targeting'],2026-09-29,1700,fresh,"['favstats/meta_ad_reports', 'favstats/meta_ad_reports2']",MK-last_90_days,https://github.com/favstats/meta_ad_targeting/releases/tag/MK-last_90_days
targeting,ML,last_90_days,fresh,2026-09-29,2026-09-29,0,695,694,2026-09-29.parquet,2026-10-01T19:17:10Z,116136,['favstats/meta_ad_targeting'],2026-09-29,1702,fresh,"['favstats/meta_ad_reports', 'favstats/meta_ad_reports2']",ML-last_90_days,https://github.com/favstats/meta_ad_targeting/releases/tag/ML-last_90_days
targeting,MM,last_90_days,fresh,2026-09-29,2026-09-29,0,706,705,2026-09-29.parquet,2026-10-01T19:17:31Z,113490,['favstats/meta_ad_targeting'],2026-09-29,1699,fresh,"['favstats/meta_ad_reports', 'favstats/meta_ad_reports2']",MM-last_90_days,https://github.com/favstats/meta_ad_targeting/releases/tag/MM-last_90_days
targeting,MN,last_90_days,fresh,2026-09-29,2026-09-29,0,709,708,2026-09-29.parquet,2026-10-01T19:18:46Z,143717,['favstats/meta_ad_targeting'],2026-09-29,1699,fresh,"['favstats/meta_ad_reports', 'favstats/meta_ad_reports2']",MN-last_90_days,https://github.com/favstats/meta_ad_targeting/releases/tag/MN-last_90_days
targeting,MR,last_90_days,fresh,2026-09-29,2026-09-29,0,700,699,2026-09-29.parquet,2026-10-01T19:18:34Z,114346,['favstats/meta_ad_targeting'],2026-09-29,1413,fresh,"['favstats/meta_ad_reports', 'favstats/meta_ad_reports2']",MR-last_90_days,https://github.com/favstats/meta_ad_targeting/releases/tag/MR-last_90_days
targeting,MS,last_90_days,fresh,2026-09-29,2026-09-29,0,691,691,2026-09-29.parquet,2026-10-01T19:18:29Z,31549,['favstats/meta_ad_targeting'],2026-09-29,1447,fresh,"['favstats/meta_ad_reports', 'favstats/meta_ad_reports2']",MS-last_90_days,https://github.com/favstats/meta_ad_targeting/releases/tag/MS-last_90_days
targeting,MT,last_90_days,fresh,2026-09-29,2026-09-29,0,728,727,2026-09-29.parquet,2026-10-01T19:23:28Z,59390,['favstats/meta_ad_targeting'],2025-10-04,1361,lagging,"['favstats/meta_ad_reports', 'favstats/meta_ad_reports2']",MT-last_90_days,https://github.com/favstats/meta_ad_targeting/releases/tag/MT-last_90_days
targeting,MU,last_90_days,fresh,2026-09-29,2026-09-29,0,700,699,2026-09-29.parquet,2026-10-01T19:19:21Z,114421,['favstats/meta_ad_targeting'],2026-09-29,1697,fresh,"['favstats/meta_ad_reports', 'favstats/meta_ad_reports2']",MU-last_90_days,https://github.com/favstats/meta_ad_targeting/releases/tag/MU-last_90_days
targeting,MV,last_90_days,fresh,2026-09-29,2026-09-29,0,702,701,2026-09-29.parquet,2026-10-01T19:19:08Z,120085,['favstats/meta_ad_targeting'],2026-09-29,1372,fresh,"['favstats/meta_ad_reports', 'favstats/meta_ad_reports2']",MV-last_90_days,https://github.com/favstats/meta_ad_targeting/releases/tag/MV-last_90_days
targeting,MW,last_90_days,fresh,2026-09-29,2026-09-29,0,711,710,2026-09-29.parquet,2026-10-01T19:19:27Z,106758,['favstats/meta_ad_targeting'],2026-09-29,1412,fresh,"['favstats/meta_ad_reports', 'favstats/meta_ad_reports2']",MW-last_90_days,https://github.com/favstats/meta_ad_targeting/releases/tag/MW-last_90_days
targeting,MX,last_90_days,fresh,2026-09-29,2026-09-29,0,730,729,2026-09-29.parquet,2026-10-01T20:01:15Z,2246032,['favstats/meta_ad_targeting'],2026-09-29,1698,fresh,"['favstats/meta_ad_reports', 'favstats/meta_ad_reports2']",MX-last_90_days,https://github.com/favstats/meta_ad_targeting/releases/tag/MX-last_90_days
targeting,MY,last_90_days,fresh,2026-09-29,2026-09-29,0,703,702,2026-09-29.parquet,2026-10-01T19:21:21Z,401314,['favstats/meta_ad_targeting'],2026-09-29,1699,fresh,"['favstats/meta_ad_reports', 'favstats/meta_ad_reports2']",MY-last_90_days,https://github.com/favstats/meta_ad_targeting/releases/tag/MY-last_90_days
targeting,MZ,last_90_days,fresh,2026-09-29,2026-09-29,0,696,695,2026-09-29.parquet,2026-10-01T19:19:38Z,117822,['favstats/meta_ad_targeting'],2026-09-29,1411,fresh,"['favstats/meta_ad_reports', 'favstats/meta_ad_reports2']",MZ-last_90_days,https://github.com/favstats/meta_ad_targeting/releases/tag/MZ-last_90_days
targeting,NA,last_90_days,fresh,2026-09-29,2026-09-29,0,708,707,2026-09-29.parquet,2026-10-01T19:19:40Z,104999,['favstats/meta_ad_targeting'],2026-09-29,1413,fresh,"['favstats/meta_ad_reports', 'favstats/meta_ad_reports2']",NA-last_90_days,https://github.com/favstats/meta_ad_targeting/releases/tag/NA-last_90_days
targeting,NE,last_90_days,fresh,2026-09-29,2026-09-29,0,696,695,2026-09-29.parquet,2026-10-01T19:20:12Z,102985,['favstats/meta_ad_targeting'],2026-09-29,1411,fresh,"['favstats/meta_ad_reports', 'favstats/meta_ad_reports2']",NE-last_90_days,https://github.com/favstats/meta_ad_targeting/releases/tag/NE-last_90_days
targeting,NG,last_90_days,fresh,2026-09-29,2026-09-29,0,709,708,2026-09-29.parquet,2026-10-01T19:23:26Z,340258,['favstats/meta_ad_targeting'],2026-09-29,1535,fresh,"['favstats/meta_ad_reports', 'favstats/meta_ad_reports2']",NG-last_90_days,https://github.com/favstats/meta_ad_targeting/releases/tag/NG-last_90_days
targeting,NI,last_90_days,fresh,2026-09-29,2026-09-29,0,697,696,2026-09-29.parquet,2026-10-01T19:20:10Z,122249,['favstats/meta_ad_targeting'],2026-09-29,1451,fresh,"['favstats/meta_ad_reports', 'favstats/meta_ad_reports2']",NI-last_90_days,https://github.com/favstats/meta_ad_targeting/releases/tag/NI-last_90_days
targeting,NL,last_90_days,fresh,2026-09-29,2026-09-29,0,712,711,2026-09-29.parquet,2026-10-01T19:30:29Z,131214,['favstats/meta_ad_targeting'],2025-10-04,1363,lagging,"['favstats/meta_ad_reports', 'favstats/meta_ad_reports2']",NL-last_90_days,https://github.com/favstats/meta_ad_targeting/releases/tag/NL-last_90_days
targeting,NO,last_90_days,fresh,2026-09-29,2026-09-29,0,696,695,2026-09-29.parquet,2026-10-01T19:22:36Z,273548,['favstats/meta_ad_targeting'],2026-09-29,1698,fresh,"['favstats/meta_ad_reports', 'favstats/meta_ad_reports2']",NO-last_90_days,https://github.com/favstats/meta_ad_targeting/releases/tag/NO-last_90_days
targeting,NP,last_90_days,fresh,2026-09-29,2026-09-29,0,703,702,2026-09-29.parquet,2026-10-01T19:23:26Z,187713,['favstats/meta_ad_targeting'],2026-09-29,1372,fresh,"['favstats/meta_ad_reports', 'favstats/meta_ad_reports2']",NP-last_90_days,https://github.com/favstats/meta_ad_targeting/releases/tag/NP-last_90_days
targeting,NR,last_90_days,fresh,2026-09-29,2026-09-29,0,705,705,2026-09-29.parquet,2026-10-01T19:21:57Z,59663,['favstats/meta_ad_targeting'],2026-09-29,1413,fresh,"['favstats/meta_ad_reports', 'favstats/meta_ad_reports2']",NR-last_90_days,https://github.com/favstats/meta_ad_targeting/releases/tag/NR-last_90_days
targeting,NZ,last_90_days,fresh,2026-09-29,2026-09-29,0,729,729,2026-09-29.parquet,2026-10-01T19:24:21Z,357526,['favstats/meta_ad_targeting'],2026-09-29,1700,fresh,"['favstats/meta_ad_reports', 'favstats/meta_ad_reports2']",NZ-last_90_days,https://github.com/favstats/meta_ad_targeting/releases/tag/NZ-last_90_days
targeting,OM,last_90_days,fresh,2026-09-29,2026-09-29,0,705,704,2026-09-29.parquet,2026-10-01T19:21:49Z,173709,['favstats/meta_ad_targeting'],2026-09-29,1369,fresh,"['favstats/meta_ad_reports', 'favstats/meta_ad_reports2']",OM-last_90_days,https://github.com/favstats/meta_ad_targeting/releases/tag/OM-last_90_days
targeting,PA,last_90_days,fresh,2026-09-29,2026-09-29,0,702,701,2026-09-29.parquet,2026-10-01T19:21:51Z,142218,['favstats/meta_ad_targeting'],2026-09-29,1447,fresh,"['favstats/meta_ad_reports', 'favstats/meta_ad_reports2']",PA-last_90_days,https://github.com/favstats/meta_ad_targeting/releases/tag/PA-last_90_days
targeting,PE,last_90_days,fresh,2026-09-29,2026-09-29,0,696,695,2026-09-29.parquet,2026-10-01T19:27:46Z,799512,['favstats/meta_ad_targeting'],2026-09-29,1702,fresh,"['favstats/meta_ad_reports', 'favstats/meta_ad_reports2']",PE-last_90_days,https://github.com/favstats/meta_ad_targeting/releases/tag/PE-last_90_days
targeting,PG,last_90_days,fresh,2026-09-29,2026-09-29,0,701,700,2026-09-29.parquet,2026-10-01T19:22:19Z,90431,['favstats/meta_ad_targeting'],2026-09-29,1540,fresh,"['favstats/meta_ad_reports', 'favstats/meta_ad_reports2']",PG-last_90_days,https://github.com/favstats/meta_ad_targeting/releases/tag/PG-last_90_days
targeting,PH,last_90_days,fresh,2026-09-29,2026-09-29,0,693,693,2026-09-29.parquet,2026-10-01T19:34:17Z,653032,['favstats/meta_ad_targeting'],2026-09-29,1699,fresh,"['favstats/meta_ad_reports', 'favstats/meta_ad_reports2']",PH-last_90_days,https://github.com/favstats/meta_ad_targeting/releases/tag/PH-last_90_days
targeting,PK,last_90_days,fresh,2026-09-29,2026-09-29,0,707,706,2026-09-29.parquet,2026-10-01T19:23:07Z,363139,['favstats/meta_ad_targeting'],2026-09-29,1411,fresh,"['favstats/meta_ad_reports', 'favstats/meta_ad_reports2']",PK-last_90_days,https://github.com/favstats/meta_ad_targeting/releases/tag/PK-last_90_days
targeting,PL,last_90_days,fresh,2026-09-29,2026-09-29,0,712,711,2026-09-29.parquet,2026-10-01T19:45:00Z,152190,['favstats/meta_ad_targeting'],2025-10-04,1362,lagging,"['favstats/meta_ad_reports', 'favstats/meta_ad_reports2']",PL-last_90_days,https://github.com/favstats/meta_ad_targeting/releases/tag/PL-last_90_days
targeting,PS,last_90_days,fresh,2026-09-29,2026-09-29,0,695,694,2026-09-29.parquet,2026-10-01T19:27:46Z,140344,['favstats/meta_ad_targeting'],2026-09-29,1372,fresh,"['favstats/meta_ad_reports', 'favstats/meta_ad_reports2']",PS-last_90_days,https://github.com/favstats/meta_ad_targeting/releases/tag/PS-last_90_days
targeting,PT,last_90_days,fresh,2026-09-29,2026-09-29,0,719,718,2026-09-29.parquet,2026-10-01T19:32:21Z,91586,['favstats/meta_ad_targeting'],2025-10-04,1360,lagging,"['favstats/meta_ad_reports', 'favstats/meta_ad_reports2']",PT-last_90_days,https://github.com/favstats/meta_ad_targeting/releases/tag/PT-last_90_days
targeting,PW,last_90_days,fresh,2026-09-29,2026-09-29,0,699,699,2026-09-29.parquet,2026-10-01T19:23:46Z,57203,['favstats/meta_ad_targeting'],2026-09-29,1700,fresh,"['favstats/meta_ad_reports', 'favstats/meta_ad_reports2']",PW-last_90_days,https://github.com/favstats/meta_ad_targeting/releases/tag/PW-last_90_days
targeting,PY,last_90_days,fresh,2026-09-29,2026-09-29,0,699,698,2026-09-29.parquet,2026-10-01T19:25:17Z,276060,['favstats/meta_ad_targeting'],2026-09-29,1697,fresh,"['favstats/meta_ad_reports', 'favstats/meta_ad_reports2']",PY-last_90_days,https://github.com/favstats/meta_ad_targeting/releases/tag/PY-last_90_days
targeting,QA,last_90_days,fresh,2026-09-29,2026-09-29,0,697,696,2026-09-29.parquet,2026-10-01T19:25:09Z,228895,['favstats/meta_ad_targeting'],2026-09-29,1373,fresh,"['favstats/meta_ad_reports', 'favstats/meta_ad_reports2']",QA-last_90_days,https://github.com/favstats/meta_ad_targeting/releases/tag/QA-last_90_days
targeting,RO,last_90_days,fresh,2026-09-29,2026-09-29,0,719,718,2026-09-29.parquet,2026-10-01T19:40:40Z,101705,['favstats/meta_ad_targeting'],2025-10-04,1361,lagging,"['favstats/meta_ad_reports', 'favstats/meta_ad_reports2']",RO-last_90_days,https://github.com/favstats/meta_ad_targeting/releases/tag/RO-last_90_days
targeting,RS,last_90_days,fresh,2026-09-29,2026-09-29,0,686,685,2026-09-29.parquet,2026-10-01T19:27:24Z,194845,['favstats/meta_ad_targeting'],2026-09-29,1698,fresh,"['favstats/meta_ad_reports', 'favstats/meta_ad_reports2']",RS-last_90_days,https://github.com/favstats/meta_ad_targeting/releases/tag/RS-last_90_days
targeting,RW,last_90_days,fresh,2026-09-29,2026-09-29,0,691,690,2026-09-29.parquet,2026-10-01T19:25:52Z,116643,['favstats/meta_ad_targeting'],2026-09-29,1412,fresh,"['favstats/meta_ad_reports', 'favstats/meta_ad_reports2']",RW-last_90_days,https://github.com/favstats/meta_ad_targeting/releases/tag/RW-last_90_days
targeting,SA,last_90_days,fresh,2026-09-29,2026-09-29,0,683,682,2026-09-29.parquet,2026-10-01T19:44:03Z,347232,['favstats/meta_ad_targeting'],2026-09-29,1371,fresh,"['favstats/meta_ad_reports', 'favstats/meta_ad_reports2']",SA-last_90_days,https://github.com/favstats/meta_ad_targeting/releases/tag/SA-last_90_days
targeting,SB,last_90_days,fresh,2026-09-29,2026-09-29,0,702,702,2026-09-29.parquet,2026-10-01T19:26:05Z,67301,['favstats/meta_ad_targeting'],2026-09-29,1412,fresh,"['favstats/meta_ad_reports', 'favstats/meta_ad_reports2']",SB-last_90_days,https://github.com/favstats/meta_ad_targeting/releases/tag/SB-last_90_days
targeting,SC,last_90_days,fresh,2026-09-29,2026-09-29,0,695,694,2026-09-29.parquet,2026-10-01T19:25:37Z,87428,['favstats/meta_ad_targeting'],2026-09-29,1699,fresh,"['favstats/meta_ad_reports', 'favstats/meta_ad_reports2']",SC-last_90_days,https://github.com/favstats/meta_ad_targeting/releases/tag/SC-last_90_days
targeting,SE,last_90_days,fresh,2026-09-29,2026-09-29,0,716,715,2026-09-29.parquet,2026-10-01T19:42:31Z,115926,['favstats/meta_ad_targeting'],2025-10-04,1364,lagging,"['favstats/meta_ad_reports', 'favstats/meta_ad_reports2']",SE-last_90_days,https://github.com/favstats/meta_ad_targeting/releases/tag/SE-last_90_days
targeting,SG,last_90_days,fresh,2026-09-29,2026-09-29,0,696,695,2026-09-29.parquet,2026-10-01T19:26:55Z,156008,['favstats/meta_ad_targeting'],2026-09-29,1698,fresh,"['favstats/meta_ad_reports', 'favstats/meta_ad_reports2']",SG-last_90_days,https://github.com/favstats/meta_ad_targeting/releases/tag/SG-last_90_days
targeting,SH,last_90_days,fresh,2026-09-29,2026-09-29,0,701,701,2026-09-29.parquet,2026-10-01T19:26:03Z,42541,['favstats/meta_ad_targeting'],2026-09-29,1413,fresh,"['favstats/meta_ad_reports', 'favstats/meta_ad_reports2']",SH-last_90_days,https://github.com/favstats/meta_ad_targeting/releases/tag/SH-last_90_days
targeting,SI,last_90_days,fresh,2026-09-29,2026-09-29,0,723,722,2026-09-29.parquet,2026-10-01T19:29:45Z,59059,['favstats/meta_ad_targeting'],2025-10-04,1360,lagging,"['favstats/meta_ad_reports', 'favstats/meta_ad_reports2']",SI-last_90_days,https://github.com/favstats/meta_ad_targeting/releases/tag/SI-last_90_days
targeting,SK,last_90_days,fresh,2026-09-29,2026-09-29,0,717,716,2026-09-29.parquet,2026-10-01T19:32:27Z,133168,['favstats/meta_ad_targeting'],2025-10-04,1361,lagging,"['favstats/meta_ad_reports', 'favstats/meta_ad_reports2']",SK-last_90_days,https://github.com/favstats/meta_ad_targeting/releases/tag/SK-last_90_days
targeting,SL,last_90_days,fresh,2026-09-29,2026-09-29,0,704,703,2026-09-29.parquet,2026-10-01T19:27:38Z,105858,['favstats/meta_ad_targeting'],2026-09-29,1539,fresh,"['favstats/meta_ad_reports', 'favstats/meta_ad_reports2']",SL-last_90_days,https://github.com/favstats/meta_ad_targeting/releases/tag/SL-last_90_days
targeting,SM,last_90_days,fresh,2026-09-29,2026-09-29,0,692,692,2026-09-29.parquet,2026-10-01T19:27:41Z,40643,['favstats/meta_ad_targeting'],2026-09-29,1413,fresh,"['favstats/meta_ad_reports', 'favstats/meta_ad_reports2']",SM-last_90_days,https://github.com/favstats/meta_ad_targeting/releases/tag/SM-last_90_days
targeting,SN,last_90_days,fresh,2026-09-29,2026-09-29,0,700,699,2026-09-29.parquet,2026-10-01T19:28:11Z,156941,['favstats/meta_ad_targeting'],2026-09-29,1693,fresh,"['favstats/meta_ad_reports', 'favstats/meta_ad_reports2']",SN-last_90_days,https://github.com/favstats/meta_ad_targeting/releases/tag/SN-last_90_days
targeting,SO,last_90_days,fresh,2026-09-29,2026-09-29,0,680,680,2026-09-29.parquet,2026-10-01T19:28:03Z,118082,['favstats/meta_ad_targeting'],2026-09-29,1411,fresh,"['favstats/meta_ad_reports', 'favstats/meta_ad_reports2']",SO-last_90_days,https://github.com/favstats/meta_ad_targeting/releases/tag/SO-last_90_days
targeting,SR,last_90_days,fresh,2026-09-29,2026-09-29,0,698,697,2026-09-29.parquet,2026-10-01T19:28:23Z,90212,['favstats/meta_ad_targeting'],2026-09-29,1697,fresh,"['favstats/meta_ad_reports', 'favstats/meta_ad_reports2']",SR-last_90_days,https://github.com/favstats/meta_ad_targeting/releases/tag/SR-last_90_days
targeting,SS,last_90_days,fresh,2026-09-29,2026-09-29,0,708,707,2026-09-29.parquet,2026-10-01T19:28:07Z,108077,['favstats/meta_ad_targeting'],2026-09-29,1416,fresh,"['favstats/meta_ad_reports', 'favstats/meta_ad_reports2']",SS-last_90_days,https://github.com/favstats/meta_ad_targeting/releases/tag/SS-last_90_days
targeting,ST,last_90_days,fresh,2026-09-29,2026-09-29,0,704,704,2026-09-29.parquet,2026-10-01T19:30:29Z,83646,['favstats/meta_ad_targeting'],2026-09-29,1699,fresh,"['favstats/meta_ad_reports', 'favstats/meta_ad_reports2']",ST-last_90_days,https://github.com/favstats/meta_ad_targeting/releases/tag/ST-last_90_days
targeting,SV,last_90_days,fresh,2026-09-29,2026-09-29,0,695,694,2026-09-29.parquet,2026-10-01T19:31:07Z,164047,['favstats/meta_ad_targeting'],2026-09-29,1448,fresh,"['favstats/meta_ad_reports', 'favstats/meta_ad_reports2']",SV-last_90_days,https://github.com/favstats/meta_ad_targeting/releases/tag/SV-last_90_days
targeting,SZ,last_90_days,fresh,2026-09-29,2026-09-29,0,698,697,2026-09-29.parquet,2026-10-01T19:29:45Z,83201,['favstats/meta_ad_targeting'],2026-09-29,1413,fresh,"['favstats/meta_ad_reports', 'favstats/meta_ad_reports2']",SZ-last_90_days,https://github.com/favstats/meta_ad_targeting/releases/tag/SZ-last_90_days
targeting,TC,last_90_days,fresh,2026-09-29,2026-09-29,0,697,697,2026-09-29.parquet,2026-10-01T19:29:53Z,46230,['favstats/meta_ad_targeting'],2026-09-29,1448,fresh,"['favstats/meta_ad_reports', 'favstats/meta_ad_reports2']",TC-last_90_days,https://github.com/favstats/meta_ad_targeting/releases/tag/TC-last_90_days
targeting,TD,last_90_days,fresh,2026-09-29,2026-09-29,0,700,699,2026-09-29.parquet,2026-10-01T19:29:59Z,105651,['favstats/meta_ad_targeting'],2026-09-29,1410,fresh,"['favstats/meta_ad_reports', 'favstats/meta_ad_reports2']",TD-last_90_days,https://github.com/favstats/meta_ad_targeting/releases/tag/TD-last_90_days
targeting,TG,last_90_days,fresh,2026-09-29,2026-09-29,0,688,687,2026-09-29.parquet,2026-10-01T19:30:24Z,99291,['favstats/meta_ad_targeting'],2026-09-29,1413,fresh,"['favstats/meta_ad_reports', 'favstats/meta_ad_reports2']",TG-last_90_days,https://github.com/favstats/meta_ad_targeting/releases/tag/TG-last_90_days
targeting,TH,last_90_days,fresh,2026-09-29,2026-09-29,0,708,707,2026-09-29.parquet,2026-10-01T19:32:41Z,358577,['favstats/meta_ad_targeting'],2026-09-29,1372,fresh,"['favstats/meta_ad_reports', 'favstats/meta_ad_reports2']",TH-last_90_days,https://github.com/favstats/meta_ad_targeting/releases/tag/TH-last_90_days
targeting,TJ,last_90_days,fresh,2026-09-29,2026-09-29,0,695,694,2026-09-29.parquet,2026-10-01T19:30:36Z,116772,['favstats/meta_ad_targeting'],2026-09-29,1412,fresh,"['favstats/meta_ad_reports', 'favstats/meta_ad_reports2']",TJ-last_90_days,https://github.com/favstats/meta_ad_targeting/releases/tag/TJ-last_90_days
targeting,TL,last_90_days,fresh,2026-09-29,2026-09-29,0,694,693,2026-09-29.parquet,2026-10-01T19:37:23Z,96336,['favstats/meta_ad_targeting'],2026-09-29,1371,fresh,"['favstats/meta_ad_reports', 'favstats/meta_ad_reports2']",TL-last_90_days,https://github.com/favstats/meta_ad_targeting/releases/tag/TL-last_90_days
targeting,TM,last_90_days,fresh,2026-09-29,2026-09-29,0,701,701,2026-09-29.parquet,2026-10-01T19:30:05Z,67226,['favstats/meta_ad_targeting'],2026-09-29,1412,fresh,"['favstats/meta_ad_reports', 'favstats/meta_ad_reports2']",TM-last_90_days,https://github.com/favstats/meta_ad_targeting/releases/tag/TM-last_90_days
targeting,TN,last_90_days,fresh,2026-09-29,2026-09-29,0,691,690,2026-09-29.parquet,2026-10-01T19:30:54Z,165642,['favstats/meta_ad_targeting'],2026-09-29,1539,fresh,"['favstats/meta_ad_reports', 'favstats/meta_ad_reports2']",TN-last_90_days,https://github.com/favstats/meta_ad_targeting/releases/tag/TN-last_90_days
targeting,TO,last_90_days,fresh,2026-09-29,2026-09-29,0,705,705,2026-09-29.parquet,2026-10-01T19:31:48Z,78189,['favstats/meta_ad_targeting'],2026-09-29,1700,fresh,"['favstats/meta_ad_reports', 'favstats/meta_ad_reports2']",TO-last_90_days,https://github.com/favstats/meta_ad_targeting/releases/tag/TO-last_90_days
targeting,TR,last_90_days,fresh,2026-09-29,2026-09-29,0,704,703,2026-09-29.parquet,2026-10-01T19:33:56Z,470375,['favstats/meta_ad_targeting'],2026-09-29,1701,fresh,"['favstats/meta_ad_reports', 'favstats/meta_ad_reports2']",TR-last_90_days,https://github.com/favstats/meta_ad_targeting/releases/tag/TR-last_90_days
targeting,TT,last_90_days,fresh,2026-09-29,2026-09-29,0,699,698,2026-09-29.parquet,2026-10-01T19:31:55Z,90680,['favstats/meta_ad_targeting'],2026-09-29,1699,fresh,"['favstats/meta_ad_reports', 'favstats/meta_ad_reports2']",TT-last_90_days,https://github.com/favstats/meta_ad_targeting/releases/tag/TT-last_90_days
targeting,TV,last_90_days,fresh,2026-09-29,2026-09-29,0,690,690,2026-09-29.parquet,2026-10-01T19:32:35Z,54813,['favstats/meta_ad_targeting'],2026-09-29,1414,fresh,"['favstats/meta_ad_reports', 'favstats/meta_ad_reports2']",TV-last_90_days,https://github.com/favstats/meta_ad_targeting/releases/tag/TV-last_90_days
targeting,TW,last_90_days,fresh,2026-09-29,2026-09-29,0,704,703,2026-09-29.parquet,2026-10-01T19:37:14Z,346641,['favstats/meta_ad_targeting'],2026-09-29,1701,fresh,"['favstats/meta_ad_reports', 'favstats/meta_ad_reports2']",TW-last_90_days,https://github.com/favstats/meta_ad_targeting/releases/tag/TW-last_90_days
targeting,TZ,last_90_days,fresh,2026-09-29,2026-09-29,0,700,699,2026-09-29.parquet,2026-10-01T19:33:42Z,142996,['favstats/meta_ad_targeting'],2026-09-29,1698,fresh,"['favstats/meta_ad_reports', 'favstats/meta_ad_reports2']",TZ-last_90_days,https://github.com/favstats/meta_ad_targeting/releases/tag/TZ-last_90_days
targeting,UA,last_90_days,fresh,2026-09-29,2026-09-29,0,695,694,2026-09-29.parquet,2026-10-01T19:33:12Z,343544,['favstats/meta_ad_targeting'],2026-09-29,1700,fresh,"['favstats/meta_ad_reports', 'favstats/meta_ad_reports2']",UA-last_90_days,https://github.com/favstats/meta_ad_targeting/releases/tag/UA-last_90_days
targeting,UG,last_90_days,fresh,2026-09-29,2026-09-29,0,696,695,2026-09-29.parquet,2026-10-01T19:32:46Z,133087,['favstats/meta_ad_targeting'],2026-09-29,1411,fresh,"['favstats/meta_ad_reports', 'favstats/meta_ad_reports2']",UG-last_90_days,https://github.com/favstats/meta_ad_targeting/releases/tag/UG-last_90_days
targeting,US,last_90_days,fresh,2026-09-29,2026-09-29,0,706,705,2026-09-29.parquet,2026-10-01T13:10:08Z,3449618,['favstats/meta_ad_targeting'],2026-09-29,1719,fresh,"['favstats/meta_ad_reports', 'favstats/meta_ad_reports2']",US-last_90_days,https://github.com/favstats/meta_ad_targeting/releases/tag/US-last_90_days
targeting,UY,last_90_days,fresh,2026-09-29,2026-09-29,0,702,701,2026-09-29.parquet,2026-10-01T19:33:16Z,171842,['favstats/meta_ad_targeting'],2026-09-29,1700,fresh,"['favstats/meta_ad_reports', 'favstats/meta_ad_reports2']",UY-last_90_days,https://github.com/favstats/meta_ad_targeting/releases/tag/UY-last_90_days
targeting,UZ,last_90_days,fresh,2026-09-29,2026-09-29,0,680,679,2026-09-29.parquet,2026-10-01T19:34:26Z,150246,['favstats/meta_ad_targeting'],2026-09-29,1410,fresh,"['favstats/meta_ad_reports', 'favstats/meta_ad_reports2']",UZ-last_90_days,https://github.com/favstats/meta_ad_targeting/releases/tag/UZ-last_90_days
targeting,VC,last_90_days,fresh,2026-09-29,2026-09-29,0,703,703,2026-09-29.parquet,2026-10-01T19:34:22Z,54096,['favstats/meta_ad_targeting'],2026-09-29,1700,fresh,"['favstats/meta_ad_reports', 'favstats/meta_ad_reports2']",VC-last_90_days,https://github.com/favstats/meta_ad_targeting/releases/tag/VC-last_90_days
targeting,VE,last_90_days,fresh,2026-09-29,2026-09-29,0,704,703,2026-09-29.parquet,2026-10-01T19:35:48Z,197954,['favstats/meta_ad_targeting'],2026-09-29,1446,fresh,"['favstats/meta_ad_reports', 'favstats/meta_ad_reports2']",VE-last_90_days,https://github.com/favstats/meta_ad_targeting/releases/tag/VE-last_90_days
targeting,VG,last_90_days,fresh,2026-09-29,2026-09-29,0,693,693,2026-09-29.parquet,2026-10-01T19:34:23Z,44825,['favstats/meta_ad_targeting'],2026-09-29,1449,fresh,"['favstats/meta_ad_reports', 'favstats/meta_ad_reports2']",VG-last_90_days,https://github.com/favstats/meta_ad_targeting/releases/tag/VG-last_90_days
targeting,VN,last_90_days,fresh,2026-09-29,2026-09-29,0,698,697,2026-09-29.parquet,2026-10-01T19:35:09Z,213528,['favstats/meta_ad_targeting'],2026-09-29,1371,fresh,"['favstats/meta_ad_reports', 'favstats/meta_ad_reports2']",VN-last_90_days,https://github.com/favstats/meta_ad_targeting/releases/tag/VN-last_90_days
targeting,VU,last_90_days,fresh,2026-09-29,2026-09-29,0,694,694,2026-09-29.parquet,2026-10-01T19:34:54Z,69458,['favstats/meta_ad_targeting'],2026-09-29,1410,fresh,"['favstats/meta_ad_reports', 'favstats/meta_ad_reports2']",VU-last_90_days,https://github.com/favstats/meta_ad_targeting/releases/tag/VU-last_90_days
targeting,WS,last_90_days,fresh,2026-09-29,2026-09-29,0,695,695,2026-09-29.parquet,2026-10-01T19:39:32Z,75644,['favstats/meta_ad_targeting'],2026-09-29,1697,fresh,"['favstats/meta_ad_reports', 'favstats/meta_ad_reports2']",WS-last_90_days,https://github.com/favstats/meta_ad_targeting/releases/tag/WS-last_90_days
targeting,XK,last_90_days,fresh,2026-09-29,2026-09-29,0,128,128,2026-09-29.parquet,2026-10-01T19:37:26Z,114289,['favstats/meta_ad_targeting'],2026-09-29,152,fresh,['favstats/meta_ad_reports2'],XK-last_90_days,https://github.com/favstats/meta_ad_targeting/releases/tag/XK-last_90_days
targeting,YE,last_90_days,fresh,2026-09-29,2026-09-29,0,696,695,2026-09-29.parquet,2026-10-01T19:36:18Z,138800,['favstats/meta_ad_targeting'],2026-09-29,1372,fresh,"['favstats/meta_ad_reports', 'favstats/meta_ad_reports2']",YE-last_90_days,https://github.com/favstats/meta_ad_targeting/releases/tag/YE-last_90_days
targeting,ZA,last_90_days,fresh,2026-09-29,2026-09-29,0,692,691,2026-09-29.parquet,2026-10-01T19:38:43Z,373354,['favstats/meta_ad_targeting'],2026-09-29,1698,fresh,"['favstats/meta_ad_reports', 'favstats/meta_ad_reports2']",ZA-last_90_days,https://github.com/favstats/meta_ad_targeting/releases/tag/ZA-last_90_days
targeting,ZM,last_90_days,fresh,2026-09-29,2026-09-29,0,690,689,2026-09-29.parquet,2026-10-01T19:37:02Z,147439,['favstats/meta_ad_targeting'],2026-09-29,1700,fresh,"['favstats/meta_ad_reports', 'favstats/meta_ad_reports2']",ZM-last_90_days,https://github.com/favstats/meta_ad_targeting/releases/tag/ZM-last_90_days
targeting,ZW,last_90_days,fresh,2026-09-29,2026-09-29,0,695,694,2026-09-29.parquet,2026-10-01T19:37:11Z,111835,['favstats/meta_ad_targeting'],2026-09-29,1412,fresh,"['favstats/meta_ad_reports', 'favstats/meta_ad_reports2']",ZW-last_90_days,https://github.com/favstats/meta_ad_targeting/releases/tag/ZW-last_90_days
targeting,HK,last_90_days,skipped_no_source,2025-02-08,2026-09-29,598,12,12,2025-02-08.parquet,2025-02-10T01:09:53Z,108915,['favstats/meta_ad_targeting'],,0,empty_release,['favstats/meta_ad_reports2'],HK-last_90_days,https://github.com/favstats/meta_ad_targeting/releases/tag/HK-last_90_days
targeting,KR,last_90_days,skipped_no_source,2024-03-16,2026-09-29,927,10,10,2024-03-16.parquet,2024-03-18T12:22:02Z,5884,['favstats/meta_ad_targeting'],,0,empty_release,['favstats/meta_ad_reports2'],KR-last_90_days,https://github.com/favstats/meta_ad_targeting/releases/tag/KR-last_90_days
targeting,VI,last_90_days,skipped_no_source,2024-03-14,2026-09-29,929,9,9,2024-03-14.parquet,2024-03-16T12:20:33Z,3878,['favstats/meta_ad_targeting'],,0,empty_release,['favstats/meta_ad_reports2'],VI-last_90_days,https://github.com/favstats/meta_ad_targeting/releases/tag/VI-last_90_days
targeting,WF,last_90_days,skipped_no_source,2024-03-14,2026-09-29,929,9,9,2024-03-14.parquet,2024-03-16T12:21:02Z,3878,['favstats/meta_ad_targeting'],,0,empty_release,['favstats/meta_ad_reports2'],WF-last_90_days,https://github.com/favstats/meta_ad_targeting/releases/tag/WF-last_90_days
targeting,YT,last_90_days,skipped_no_source,2024-03-14,2026-09-29,929,9,9,2024-03-14.parquet,2024-03-16T12:21:44Z,3878,['favstats/meta_ad_targeting'],,0,empty_release,['favstats/meta_ad_reports2'],YT-last_90_days,https://github.com/favstats/meta_ad_targeting/releases/tag/YT-last_90_days
